MapFromString	MapToString	Comment # File ArabicPresentationFormMappingAnnotated.tsv, automatically generated by script wildebeest_build.py (Ulf Hermjakob, USC/ISI) based on UnicodeData on Oct 18, 2020, 17:54:45
ﭐ	ٱ	U+FB50 (ARABIC LETTER ALEF WASLA ISOLATED FORM) -> U+0671 (ARABIC LETTER ALEF WASLA)
ﭑ	ٱ	U+FB51 (ARABIC LETTER ALEF WASLA FINAL FORM) -> U+0671 (ARABIC LETTER ALEF WASLA)
ﭒ	ٻ	U+FB52 (ARABIC LETTER BEEH ISOLATED FORM) -> U+067B (ARABIC LETTER BEEH)
ﭓ	ٻ	U+FB53 (ARABIC LETTER BEEH FINAL FORM) -> U+067B (ARABIC LETTER BEEH)
ﭔ	ٻ	U+FB54 (ARABIC LETTER BEEH INITIAL FORM) -> U+067B (ARABIC LETTER BEEH)
ﭕ	ٻ	U+FB55 (ARABIC LETTER BEEH MEDIAL FORM) -> U+067B (ARABIC LETTER BEEH)
ﭖ	پ	U+FB56 (ARABIC LETTER PEH ISOLATED FORM) -> U+067E (ARABIC LETTER PEH)
ﭗ	پ	U+FB57 (ARABIC LETTER PEH FINAL FORM) -> U+067E (ARABIC LETTER PEH)
ﭘ	پ	U+FB58 (ARABIC LETTER PEH INITIAL FORM) -> U+067E (ARABIC LETTER PEH)
ﭙ	پ	U+FB59 (ARABIC LETTER PEH MEDIAL FORM) -> U+067E (ARABIC LETTER PEH)
ﭚ	ڀ	U+FB5A (ARABIC LETTER BEHEH ISOLATED FORM) -> U+0680 (ARABIC LETTER BEHEH)
ﭛ	ڀ	U+FB5B (ARABIC LETTER BEHEH FINAL FORM) -> U+0680 (ARABIC LETTER BEHEH)
ﭜ	ڀ	U+FB5C (ARABIC LETTER BEHEH INITIAL FORM) -> U+0680 (ARABIC LETTER BEHEH)
ﭝ	ڀ	U+FB5D (ARABIC LETTER BEHEH MEDIAL FORM) -> U+0680 (ARABIC LETTER BEHEH)
ﭞ	ٺ	U+FB5E (ARABIC LETTER TTEHEH ISOLATED FORM) -> U+067A (ARABIC LETTER TTEHEH)
ﭟ	ٺ	U+FB5F (ARABIC LETTER TTEHEH FINAL FORM) -> U+067A (ARABIC LETTER TTEHEH)
ﭠ	ٺ	U+FB60 (ARABIC LETTER TTEHEH INITIAL FORM) -> U+067A (ARABIC LETTER TTEHEH)
ﭡ	ٺ	U+FB61 (ARABIC LETTER TTEHEH MEDIAL FORM) -> U+067A (ARABIC LETTER TTEHEH)
ﭢ	ٿ	U+FB62 (ARABIC LETTER TEHEH ISOLATED FORM) -> U+067F (ARABIC LETTER TEHEH)
ﭣ	ٿ	U+FB63 (ARABIC LETTER TEHEH FINAL FORM) -> U+067F (ARABIC LETTER TEHEH)
ﭤ	ٿ	U+FB64 (ARABIC LETTER TEHEH INITIAL FORM) -> U+067F (ARABIC LETTER TEHEH)
ﭥ	ٿ	U+FB65 (ARABIC LETTER TEHEH MEDIAL FORM) -> U+067F (ARABIC LETTER TEHEH)
ﭦ	ٹ	U+FB66 (ARABIC LETTER TTEH ISOLATED FORM) -> U+0679 (ARABIC LETTER TTEH)
ﭧ	ٹ	U+FB67 (ARABIC LETTER TTEH FINAL FORM) -> U+0679 (ARABIC LETTER TTEH)
ﭨ	ٹ	U+FB68 (ARABIC LETTER TTEH INITIAL FORM) -> U+0679 (ARABIC LETTER TTEH)
ﭩ	ٹ	U+FB69 (ARABIC LETTER TTEH MEDIAL FORM) -> U+0679 (ARABIC LETTER TTEH)
ﭪ	ڤ	U+FB6A (ARABIC LETTER VEH ISOLATED FORM) -> U+06A4 (ARABIC LETTER VEH)
ﭫ	ڤ	U+FB6B (ARABIC LETTER VEH FINAL FORM) -> U+06A4 (ARABIC LETTER VEH)
ﭬ	ڤ	U+FB6C (ARABIC LETTER VEH INITIAL FORM) -> U+06A4 (ARABIC LETTER VEH)
ﭭ	ڤ	U+FB6D (ARABIC LETTER VEH MEDIAL FORM) -> U+06A4 (ARABIC LETTER VEH)
ﭮ	ڦ	U+FB6E (ARABIC LETTER PEHEH ISOLATED FORM) -> U+06A6 (ARABIC LETTER PEHEH)
ﭯ	ڦ	U+FB6F (ARABIC LETTER PEHEH FINAL FORM) -> U+06A6 (ARABIC LETTER PEHEH)
ﭰ	ڦ	U+FB70 (ARABIC LETTER PEHEH INITIAL FORM) -> U+06A6 (ARABIC LETTER PEHEH)
ﭱ	ڦ	U+FB71 (ARABIC LETTER PEHEH MEDIAL FORM) -> U+06A6 (ARABIC LETTER PEHEH)
ﭲ	ڄ	U+FB72 (ARABIC LETTER DYEH ISOLATED FORM) -> U+0684 (ARABIC LETTER DYEH)
ﭳ	ڄ	U+FB73 (ARABIC LETTER DYEH FINAL FORM) -> U+0684 (ARABIC LETTER DYEH)
ﭴ	ڄ	U+FB74 (ARABIC LETTER DYEH INITIAL FORM) -> U+0684 (ARABIC LETTER DYEH)
ﭵ	ڄ	U+FB75 (ARABIC LETTER DYEH MEDIAL FORM) -> U+0684 (ARABIC LETTER DYEH)
ﭶ	ڃ	U+FB76 (ARABIC LETTER NYEH ISOLATED FORM) -> U+0683 (ARABIC LETTER NYEH)
ﭷ	ڃ	U+FB77 (ARABIC LETTER NYEH FINAL FORM) -> U+0683 (ARABIC LETTER NYEH)
ﭸ	ڃ	U+FB78 (ARABIC LETTER NYEH INITIAL FORM) -> U+0683 (ARABIC LETTER NYEH)
ﭹ	ڃ	U+FB79 (ARABIC LETTER NYEH MEDIAL FORM) -> U+0683 (ARABIC LETTER NYEH)
ﭺ	چ	U+FB7A (ARABIC LETTER TCHEH ISOLATED FORM) -> U+0686 (ARABIC LETTER TCHEH)
ﭻ	چ	U+FB7B (ARABIC LETTER TCHEH FINAL FORM) -> U+0686 (ARABIC LETTER TCHEH)
ﭼ	چ	U+FB7C (ARABIC LETTER TCHEH INITIAL FORM) -> U+0686 (ARABIC LETTER TCHEH)
ﭽ	چ	U+FB7D (ARABIC LETTER TCHEH MEDIAL FORM) -> U+0686 (ARABIC LETTER TCHEH)
ﭾ	ڇ	U+FB7E (ARABIC LETTER TCHEHEH ISOLATED FORM) -> U+0687 (ARABIC LETTER TCHEHEH)
ﭿ	ڇ	U+FB7F (ARABIC LETTER TCHEHEH FINAL FORM) -> U+0687 (ARABIC LETTER TCHEHEH)
ﮀ	ڇ	U+FB80 (ARABIC LETTER TCHEHEH INITIAL FORM) -> U+0687 (ARABIC LETTER TCHEHEH)
ﮁ	ڇ	U+FB81 (ARABIC LETTER TCHEHEH MEDIAL FORM) -> U+0687 (ARABIC LETTER TCHEHEH)
ﮂ	ڍ	U+FB82 (ARABIC LETTER DDAHAL ISOLATED FORM) -> U+068D (ARABIC LETTER DDAHAL)
ﮃ	ڍ	U+FB83 (ARABIC LETTER DDAHAL FINAL FORM) -> U+068D (ARABIC LETTER DDAHAL)
ﮄ	ڌ	U+FB84 (ARABIC LETTER DAHAL ISOLATED FORM) -> U+068C (ARABIC LETTER DAHAL)
ﮅ	ڌ	U+FB85 (ARABIC LETTER DAHAL FINAL FORM) -> U+068C (ARABIC LETTER DAHAL)
ﮆ	ڎ	U+FB86 (ARABIC LETTER DUL ISOLATED FORM) -> U+068E (ARABIC LETTER DUL)
ﮇ	ڎ	U+FB87 (ARABIC LETTER DUL FINAL FORM) -> U+068E (ARABIC LETTER DUL)
ﮈ	ڈ	U+FB88 (ARABIC LETTER DDAL ISOLATED FORM) -> U+0688 (ARABIC LETTER DDAL)
ﮉ	ڈ	U+FB89 (ARABIC LETTER DDAL FINAL FORM) -> U+0688 (ARABIC LETTER DDAL)
ﮊ	ژ	U+FB8A (ARABIC LETTER JEH ISOLATED FORM) -> U+0698 (ARABIC LETTER JEH)
ﮋ	ژ	U+FB8B (ARABIC LETTER JEH FINAL FORM) -> U+0698 (ARABIC LETTER JEH)
ﮌ	ڑ	U+FB8C (ARABIC LETTER RREH ISOLATED FORM) -> U+0691 (ARABIC LETTER RREH)
ﮍ	ڑ	U+FB8D (ARABIC LETTER RREH FINAL FORM) -> U+0691 (ARABIC LETTER RREH)
ﮎ	ک	U+FB8E (ARABIC LETTER KEHEH ISOLATED FORM) -> U+06A9 (ARABIC LETTER KEHEH)
ﮏ	ک	U+FB8F (ARABIC LETTER KEHEH FINAL FORM) -> U+06A9 (ARABIC LETTER KEHEH)
ﮐ	ک	U+FB90 (ARABIC LETTER KEHEH INITIAL FORM) -> U+06A9 (ARABIC LETTER KEHEH)
ﮑ	ک	U+FB91 (ARABIC LETTER KEHEH MEDIAL FORM) -> U+06A9 (ARABIC LETTER KEHEH)
ﮒ	گ	U+FB92 (ARABIC LETTER GAF ISOLATED FORM) -> U+06AF (ARABIC LETTER GAF)
ﮓ	گ	U+FB93 (ARABIC LETTER GAF FINAL FORM) -> U+06AF (ARABIC LETTER GAF)
ﮔ	گ	U+FB94 (ARABIC LETTER GAF INITIAL FORM) -> U+06AF (ARABIC LETTER GAF)
ﮕ	گ	U+FB95 (ARABIC LETTER GAF MEDIAL FORM) -> U+06AF (ARABIC LETTER GAF)
ﮖ	ڳ	U+FB96 (ARABIC LETTER GUEH ISOLATED FORM) -> U+06B3 (ARABIC LETTER GUEH)
ﮗ	ڳ	U+FB97 (ARABIC LETTER GUEH FINAL FORM) -> U+06B3 (ARABIC LETTER GUEH)
ﮘ	ڳ	U+FB98 (ARABIC LETTER GUEH INITIAL FORM) -> U+06B3 (ARABIC LETTER GUEH)
ﮙ	ڳ	U+FB99 (ARABIC LETTER GUEH MEDIAL FORM) -> U+06B3 (ARABIC LETTER GUEH)
ﮚ	ڱ	U+FB9A (ARABIC LETTER NGOEH ISOLATED FORM) -> U+06B1 (ARABIC LETTER NGOEH)
ﮛ	ڱ	U+FB9B (ARABIC LETTER NGOEH FINAL FORM) -> U+06B1 (ARABIC LETTER NGOEH)
ﮜ	ڱ	U+FB9C (ARABIC LETTER NGOEH INITIAL FORM) -> U+06B1 (ARABIC LETTER NGOEH)
ﮝ	ڱ	U+FB9D (ARABIC LETTER NGOEH MEDIAL FORM) -> U+06B1 (ARABIC LETTER NGOEH)
ﮞ	ں	U+FB9E (ARABIC LETTER NOON GHUNNA ISOLATED FORM) -> U+06BA (ARABIC LETTER NOON GHUNNA)
ﮟ	ں	U+FB9F (ARABIC LETTER NOON GHUNNA FINAL FORM) -> U+06BA (ARABIC LETTER NOON GHUNNA)
ﮠ	ڻ	U+FBA0 (ARABIC LETTER RNOON ISOLATED FORM) -> U+06BB (ARABIC LETTER RNOON)
ﮡ	ڻ	U+FBA1 (ARABIC LETTER RNOON FINAL FORM) -> U+06BB (ARABIC LETTER RNOON)
ﮢ	ڻ	U+FBA2 (ARABIC LETTER RNOON INITIAL FORM) -> U+06BB (ARABIC LETTER RNOON)
ﮣ	ڻ	U+FBA3 (ARABIC LETTER RNOON MEDIAL FORM) -> U+06BB (ARABIC LETTER RNOON)
ﮤ	ۀ	U+FBA4 (ARABIC LETTER HEH WITH YEH ABOVE ISOLATED FORM) -> U+06C0 (ARABIC LETTER HEH WITH YEH ABOVE)
ﮥ	ۀ	U+FBA5 (ARABIC LETTER HEH WITH YEH ABOVE FINAL FORM) -> U+06C0 (ARABIC LETTER HEH WITH YEH ABOVE)
ﮦ	ہ	U+FBA6 (ARABIC LETTER HEH GOAL ISOLATED FORM) -> U+06C1 (ARABIC LETTER HEH GOAL)
ﮧ	ہ	U+FBA7 (ARABIC LETTER HEH GOAL FINAL FORM) -> U+06C1 (ARABIC LETTER HEH GOAL)
ﮨ	ہ	U+FBA8 (ARABIC LETTER HEH GOAL INITIAL FORM) -> U+06C1 (ARABIC LETTER HEH GOAL)
ﮩ	ہ	U+FBA9 (ARABIC LETTER HEH GOAL MEDIAL FORM) -> U+06C1 (ARABIC LETTER HEH GOAL)
ﮪ	ھ	U+FBAA (ARABIC LETTER HEH DOACHASHMEE ISOLATED FORM) -> U+06BE (ARABIC LETTER HEH DOACHASHMEE)
ﮫ	ھ	U+FBAB (ARABIC LETTER HEH DOACHASHMEE FINAL FORM) -> U+06BE (ARABIC LETTER HEH DOACHASHMEE)
ﮬ	ھ	U+FBAC (ARABIC LETTER HEH DOACHASHMEE INITIAL FORM) -> U+06BE (ARABIC LETTER HEH DOACHASHMEE)
ﮭ	ھ	U+FBAD (ARABIC LETTER HEH DOACHASHMEE MEDIAL FORM) -> U+06BE (ARABIC LETTER HEH DOACHASHMEE)
ﮮ	ے	U+FBAE (ARABIC LETTER YEH BARREE ISOLATED FORM) -> U+06D2 (ARABIC LETTER YEH BARREE)
ﮯ	ے	U+FBAF (ARABIC LETTER YEH BARREE FINAL FORM) -> U+06D2 (ARABIC LETTER YEH BARREE)
ﮰ	ۓ	U+FBB0 (ARABIC LETTER YEH BARREE WITH HAMZA ABOVE ISOLATED FORM) -> U+06D3 (ARABIC LETTER YEH BARREE WITH HAMZA ABOVE)
ﮱ	ۓ	U+FBB1 (ARABIC LETTER YEH BARREE WITH HAMZA ABOVE FINAL FORM) -> U+06D3 (ARABIC LETTER YEH BARREE WITH HAMZA ABOVE)
ﯓ	ڭ	U+FBD3 (ARABIC LETTER NG ISOLATED FORM) -> U+06AD (ARABIC LETTER NG)
ﯔ	ڭ	U+FBD4 (ARABIC LETTER NG FINAL FORM) -> U+06AD (ARABIC LETTER NG)
ﯕ	ڭ	U+FBD5 (ARABIC LETTER NG INITIAL FORM) -> U+06AD (ARABIC LETTER NG)
ﯖ	ڭ	U+FBD6 (ARABIC LETTER NG MEDIAL FORM) -> U+06AD (ARABIC LETTER NG)
ﯗ	ۇ	U+FBD7 (ARABIC LETTER U ISOLATED FORM) -> U+06C7 (ARABIC LETTER U)
ﯘ	ۇ	U+FBD8 (ARABIC LETTER U FINAL FORM) -> U+06C7 (ARABIC LETTER U)
ﯙ	ۆ	U+FBD9 (ARABIC LETTER OE ISOLATED FORM) -> U+06C6 (ARABIC LETTER OE)
ﯚ	ۆ	U+FBDA (ARABIC LETTER OE FINAL FORM) -> U+06C6 (ARABIC LETTER OE)
ﯛ	ۈ	U+FBDB (ARABIC LETTER YU ISOLATED FORM) -> U+06C8 (ARABIC LETTER YU)
ﯜ	ۈ	U+FBDC (ARABIC LETTER YU FINAL FORM) -> U+06C8 (ARABIC LETTER YU)
ﯝ	ٷ	U+FBDD (ARABIC LETTER U WITH HAMZA ABOVE ISOLATED FORM) -> U+0677 (ARABIC LETTER U WITH HAMZA ABOVE)   NFKC-ref: ۇٴ
ﯞ	ۋ	U+FBDE (ARABIC LETTER VE ISOLATED FORM) -> U+06CB (ARABIC LETTER VE)
ﯟ	ۋ	U+FBDF (ARABIC LETTER VE FINAL FORM) -> U+06CB (ARABIC LETTER VE)
ﯠ	ۅ	U+FBE0 (ARABIC LETTER KIRGHIZ OE ISOLATED FORM) -> U+06C5 (ARABIC LETTER KIRGHIZ OE)
ﯡ	ۅ	U+FBE1 (ARABIC LETTER KIRGHIZ OE FINAL FORM) -> U+06C5 (ARABIC LETTER KIRGHIZ OE)
ﯢ	ۉ	U+FBE2 (ARABIC LETTER KIRGHIZ YU ISOLATED FORM) -> U+06C9 (ARABIC LETTER KIRGHIZ YU)
ﯣ	ۉ	U+FBE3 (ARABIC LETTER KIRGHIZ YU FINAL FORM) -> U+06C9 (ARABIC LETTER KIRGHIZ YU)
ﯤ	ې	U+FBE4 (ARABIC LETTER E ISOLATED FORM) -> U+06D0 (ARABIC LETTER E)
ﯥ	ې	U+FBE5 (ARABIC LETTER E FINAL FORM) -> U+06D0 (ARABIC LETTER E)
ﯦ	ې	U+FBE6 (ARABIC LETTER E INITIAL FORM) -> U+06D0 (ARABIC LETTER E)
ﯧ	ې	U+FBE7 (ARABIC LETTER E MEDIAL FORM) -> U+06D0 (ARABIC LETTER E)
ﯨ	ى	U+FBE8 (ARABIC LETTER UIGHUR KAZAKH KIRGHIZ ALEF MAKSURA INITIAL FORM) -> U+0649 (ARABIC LETTER ALEF MAKSURA)
ﯩ	ى	U+FBE9 (ARABIC LETTER UIGHUR KAZAKH KIRGHIZ ALEF MAKSURA MEDIAL FORM) -> U+0649 (ARABIC LETTER ALEF MAKSURA)
ﯪ	ئا	U+FBEA (ARABIC LIGATURE YEH WITH HAMZA ABOVE WITH ALEF ISOLATED FORM) -> U+0626 (ARABIC LETTER YEH WITH HAMZA ABOVE) U+0627 (ARABIC LETTER ALEF)
ﯫ	ئا	U+FBEB (ARABIC LIGATURE YEH WITH HAMZA ABOVE WITH ALEF FINAL FORM) -> U+0626 (ARABIC LETTER YEH WITH HAMZA ABOVE) U+0627 (ARABIC LETTER ALEF)
ﯬ	ئە	U+FBEC (ARABIC LIGATURE YEH WITH HAMZA ABOVE WITH AE ISOLATED FORM) -> U+0626 (ARABIC LETTER YEH WITH HAMZA ABOVE) U+06D5 (ARABIC LETTER AE)
ﯭ	ئە	U+FBED (ARABIC LIGATURE YEH WITH HAMZA ABOVE WITH AE FINAL FORM) -> U+0626 (ARABIC LETTER YEH WITH HAMZA ABOVE) U+06D5 (ARABIC LETTER AE)
ﯮ	ئو	U+FBEE (ARABIC LIGATURE YEH WITH HAMZA ABOVE WITH WAW ISOLATED FORM) -> U+0626 (ARABIC LETTER YEH WITH HAMZA ABOVE) U+0648 (ARABIC LETTER WAW)
ﯯ	ئو	U+FBEF (ARABIC LIGATURE YEH WITH HAMZA ABOVE WITH WAW FINAL FORM) -> U+0626 (ARABIC LETTER YEH WITH HAMZA ABOVE) U+0648 (ARABIC LETTER WAW)
ﯰ	ئۇ	U+FBF0 (ARABIC LIGATURE YEH WITH HAMZA ABOVE WITH U ISOLATED FORM) -> U+0626 (ARABIC LETTER YEH WITH HAMZA ABOVE) U+06C7 (ARABIC LETTER U)
ﯱ	ئۇ	U+FBF1 (ARABIC LIGATURE YEH WITH HAMZA ABOVE WITH U FINAL FORM) -> U+0626 (ARABIC LETTER YEH WITH HAMZA ABOVE) U+06C7 (ARABIC LETTER U)
ﯲ	ئۆ	U+FBF2 (ARABIC LIGATURE YEH WITH HAMZA ABOVE WITH OE ISOLATED FORM) -> U+0626 (ARABIC LETTER YEH WITH HAMZA ABOVE) U+06C6 (ARABIC LETTER OE)
ﯳ	ئۆ	U+FBF3 (ARABIC LIGATURE YEH WITH HAMZA ABOVE WITH OE FINAL FORM) -> U+0626 (ARABIC LETTER YEH WITH HAMZA ABOVE) U+06C6 (ARABIC LETTER OE)
ﯴ	ئۈ	U+FBF4 (ARABIC LIGATURE YEH WITH HAMZA ABOVE WITH YU ISOLATED FORM) -> U+0626 (ARABIC LETTER YEH WITH HAMZA ABOVE) U+06C8 (ARABIC LETTER YU)
ﯵ	ئۈ	U+FBF5 (ARABIC LIGATURE YEH WITH HAMZA ABOVE WITH YU FINAL FORM) -> U+0626 (ARABIC LETTER YEH WITH HAMZA ABOVE) U+06C8 (ARABIC LETTER YU)
ﯶ	ئې	U+FBF6 (ARABIC LIGATURE YEH WITH HAMZA ABOVE WITH E ISOLATED FORM) -> U+0626 (ARABIC LETTER YEH WITH HAMZA ABOVE) U+06D0 (ARABIC LETTER E)
ﯷ	ئې	U+FBF7 (ARABIC LIGATURE YEH WITH HAMZA ABOVE WITH E FINAL FORM) -> U+0626 (ARABIC LETTER YEH WITH HAMZA ABOVE) U+06D0 (ARABIC LETTER E)
ﯸ	ئې	U+FBF8 (ARABIC LIGATURE YEH WITH HAMZA ABOVE WITH E INITIAL FORM) -> U+0626 (ARABIC LETTER YEH WITH HAMZA ABOVE) U+06D0 (ARABIC LETTER E)
ﯹ	ئى	U+FBF9 (ARABIC LIGATURE UIGHUR KIRGHIZ YEH WITH HAMZA ABOVE WITH ALEF MAKSURA ISOLATED FORM) -> U+0626 (ARABIC LETTER YEH WITH HAMZA ABOVE) U+0649 (ARABIC LETTER ALEF MAKSURA)
ﯺ	ئى	U+FBFA (ARABIC LIGATURE UIGHUR KIRGHIZ YEH WITH HAMZA ABOVE WITH ALEF MAKSURA FINAL FORM) -> U+0626 (ARABIC LETTER YEH WITH HAMZA ABOVE) U+0649 (ARABIC LETTER ALEF MAKSURA)
ﯻ	ئى	U+FBFB (ARABIC LIGATURE UIGHUR KIRGHIZ YEH WITH HAMZA ABOVE WITH ALEF MAKSURA INITIAL FORM) -> U+0626 (ARABIC LETTER YEH WITH HAMZA ABOVE) U+0649 (ARABIC LETTER ALEF MAKSURA)
ﯼ	ی	U+FBFC (ARABIC LETTER FARSI YEH ISOLATED FORM) -> U+06CC (ARABIC LETTER FARSI YEH)
ﯽ	ی	U+FBFD (ARABIC LETTER FARSI YEH FINAL FORM) -> U+06CC (ARABIC LETTER FARSI YEH)
ﯾ	ی	U+FBFE (ARABIC LETTER FARSI YEH INITIAL FORM) -> U+06CC (ARABIC LETTER FARSI YEH)
ﯿ	ی	U+FBFF (ARABIC LETTER FARSI YEH MEDIAL FORM) -> U+06CC (ARABIC LETTER FARSI YEH)
ﰀ	ئج	U+FC00 (ARABIC LIGATURE YEH WITH HAMZA ABOVE WITH JEEM ISOLATED FORM) -> U+0626 (ARABIC LETTER YEH WITH HAMZA ABOVE) U+062C (ARABIC LETTER JEEM)
ﰁ	ئح	U+FC01 (ARABIC LIGATURE YEH WITH HAMZA ABOVE WITH HAH ISOLATED FORM) -> U+0626 (ARABIC LETTER YEH WITH HAMZA ABOVE) U+062D (ARABIC LETTER HAH)
ﰂ	ئم	U+FC02 (ARABIC LIGATURE YEH WITH HAMZA ABOVE WITH MEEM ISOLATED FORM) -> U+0626 (ARABIC LETTER YEH WITH HAMZA ABOVE) U+0645 (ARABIC LETTER MEEM)
ﰃ	ئى	U+FC03 (ARABIC LIGATURE YEH WITH HAMZA ABOVE WITH ALEF MAKSURA ISOLATED FORM) -> U+0626 (ARABIC LETTER YEH WITH HAMZA ABOVE) U+0649 (ARABIC LETTER ALEF MAKSURA)
ﰄ	ئي	U+FC04 (ARABIC LIGATURE YEH WITH HAMZA ABOVE WITH YEH ISOLATED FORM) -> U+0626 (ARABIC LETTER YEH WITH HAMZA ABOVE) U+064A (ARABIC LETTER YEH)
ﰅ	بج	U+FC05 (ARABIC LIGATURE BEH WITH JEEM ISOLATED FORM) -> U+0628 (ARABIC LETTER BEH) U+062C (ARABIC LETTER JEEM)
ﰆ	بح	U+FC06 (ARABIC LIGATURE BEH WITH HAH ISOLATED FORM) -> U+0628 (ARABIC LETTER BEH) U+062D (ARABIC LETTER HAH)
ﰇ	بخ	U+FC07 (ARABIC LIGATURE BEH WITH KHAH ISOLATED FORM) -> U+0628 (ARABIC LETTER BEH) U+062E (ARABIC LETTER KHAH)
ﰈ	بم	U+FC08 (ARABIC LIGATURE BEH WITH MEEM ISOLATED FORM) -> U+0628 (ARABIC LETTER BEH) U+0645 (ARABIC LETTER MEEM)
ﰉ	بى	U+FC09 (ARABIC LIGATURE BEH WITH ALEF MAKSURA ISOLATED FORM) -> U+0628 (ARABIC LETTER BEH) U+0649 (ARABIC LETTER ALEF MAKSURA)
ﰊ	بي	U+FC0A (ARABIC LIGATURE BEH WITH YEH ISOLATED FORM) -> U+0628 (ARABIC LETTER BEH) U+064A (ARABIC LETTER YEH)
ﰋ	تج	U+FC0B (ARABIC LIGATURE TEH WITH JEEM ISOLATED FORM) -> U+062A (ARABIC LETTER TEH) U+062C (ARABIC LETTER JEEM)
ﰌ	تح	U+FC0C (ARABIC LIGATURE TEH WITH HAH ISOLATED FORM) -> U+062A (ARABIC LETTER TEH) U+062D (ARABIC LETTER HAH)
ﰍ	تخ	U+FC0D (ARABIC LIGATURE TEH WITH KHAH ISOLATED FORM) -> U+062A (ARABIC LETTER TEH) U+062E (ARABIC LETTER KHAH)
ﰎ	تم	U+FC0E (ARABIC LIGATURE TEH WITH MEEM ISOLATED FORM) -> U+062A (ARABIC LETTER TEH) U+0645 (ARABIC LETTER MEEM)
ﰏ	تى	U+FC0F (ARABIC LIGATURE TEH WITH ALEF MAKSURA ISOLATED FORM) -> U+062A (ARABIC LETTER TEH) U+0649 (ARABIC LETTER ALEF MAKSURA)
ﰐ	تي	U+FC10 (ARABIC LIGATURE TEH WITH YEH ISOLATED FORM) -> U+062A (ARABIC LETTER TEH) U+064A (ARABIC LETTER YEH)
ﰑ	ثج	U+FC11 (ARABIC LIGATURE THEH WITH JEEM ISOLATED FORM) -> U+062B (ARABIC LETTER THEH) U+062C (ARABIC LETTER JEEM)
ﰒ	ثم	U+FC12 (ARABIC LIGATURE THEH WITH MEEM ISOLATED FORM) -> U+062B (ARABIC LETTER THEH) U+0645 (ARABIC LETTER MEEM)
ﰓ	ثى	U+FC13 (ARABIC LIGATURE THEH WITH ALEF MAKSURA ISOLATED FORM) -> U+062B (ARABIC LETTER THEH) U+0649 (ARABIC LETTER ALEF MAKSURA)
ﰔ	ثي	U+FC14 (ARABIC LIGATURE THEH WITH YEH ISOLATED FORM) -> U+062B (ARABIC LETTER THEH) U+064A (ARABIC LETTER YEH)
ﰕ	جح	U+FC15 (ARABIC LIGATURE JEEM WITH HAH ISOLATED FORM) -> U+062C (ARABIC LETTER JEEM) U+062D (ARABIC LETTER HAH)
ﰖ	جم	U+FC16 (ARABIC LIGATURE JEEM WITH MEEM ISOLATED FORM) -> U+062C (ARABIC LETTER JEEM) U+0645 (ARABIC LETTER MEEM)
ﰗ	حج	U+FC17 (ARABIC LIGATURE HAH WITH JEEM ISOLATED FORM) -> U+062D (ARABIC LETTER HAH) U+062C (ARABIC LETTER JEEM)
ﰘ	حم	U+FC18 (ARABIC LIGATURE HAH WITH MEEM ISOLATED FORM) -> U+062D (ARABIC LETTER HAH) U+0645 (ARABIC LETTER MEEM)
ﰙ	خج	U+FC19 (ARABIC LIGATURE KHAH WITH JEEM ISOLATED FORM) -> U+062E (ARABIC LETTER KHAH) U+062C (ARABIC LETTER JEEM)
ﰚ	خح	U+FC1A (ARABIC LIGATURE KHAH WITH HAH ISOLATED FORM) -> U+062E (ARABIC LETTER KHAH) U+062D (ARABIC LETTER HAH)
ﰛ	خم	U+FC1B (ARABIC LIGATURE KHAH WITH MEEM ISOLATED FORM) -> U+062E (ARABIC LETTER KHAH) U+0645 (ARABIC LETTER MEEM)
ﰜ	سج	U+FC1C (ARABIC LIGATURE SEEN WITH JEEM ISOLATED FORM) -> U+0633 (ARABIC LETTER SEEN) U+062C (ARABIC LETTER JEEM)
ﰝ	سح	U+FC1D (ARABIC LIGATURE SEEN WITH HAH ISOLATED FORM) -> U+0633 (ARABIC LETTER SEEN) U+062D (ARABIC LETTER HAH)
ﰞ	سخ	U+FC1E (ARABIC LIGATURE SEEN WITH KHAH ISOLATED FORM) -> U+0633 (ARABIC LETTER SEEN) U+062E (ARABIC LETTER KHAH)
ﰟ	سم	U+FC1F (ARABIC LIGATURE SEEN WITH MEEM ISOLATED FORM) -> U+0633 (ARABIC LETTER SEEN) U+0645 (ARABIC LETTER MEEM)
ﰠ	صح	U+FC20 (ARABIC LIGATURE SAD WITH HAH ISOLATED FORM) -> U+0635 (ARABIC LETTER SAD) U+062D (ARABIC LETTER HAH)
ﰡ	صم	U+FC21 (ARABIC LIGATURE SAD WITH MEEM ISOLATED FORM) -> U+0635 (ARABIC LETTER SAD) U+0645 (ARABIC LETTER MEEM)
ﰢ	ضج	U+FC22 (ARABIC LIGATURE DAD WITH JEEM ISOLATED FORM) -> U+0636 (ARABIC LETTER DAD) U+062C (ARABIC LETTER JEEM)
ﰣ	ضح	U+FC23 (ARABIC LIGATURE DAD WITH HAH ISOLATED FORM) -> U+0636 (ARABIC LETTER DAD) U+062D (ARABIC LETTER HAH)
ﰤ	ضخ	U+FC24 (ARABIC LIGATURE DAD WITH KHAH ISOLATED FORM) -> U+0636 (ARABIC LETTER DAD) U+062E (ARABIC LETTER KHAH)
ﰥ	ضم	U+FC25 (ARABIC LIGATURE DAD WITH MEEM ISOLATED FORM) -> U+0636 (ARABIC LETTER DAD) U+0645 (ARABIC LETTER MEEM)
ﰦ	طح	U+FC26 (ARABIC LIGATURE TAH WITH HAH ISOLATED FORM) -> U+0637 (ARABIC LETTER TAH) U+062D (ARABIC LETTER HAH)
ﰧ	طم	U+FC27 (ARABIC LIGATURE TAH WITH MEEM ISOLATED FORM) -> U+0637 (ARABIC LETTER TAH) U+0645 (ARABIC LETTER MEEM)
ﰨ	ظم	U+FC28 (ARABIC LIGATURE ZAH WITH MEEM ISOLATED FORM) -> U+0638 (ARABIC LETTER ZAH) U+0645 (ARABIC LETTER MEEM)
ﰩ	عج	U+FC29 (ARABIC LIGATURE AIN WITH JEEM ISOLATED FORM) -> U+0639 (ARABIC LETTER AIN) U+062C (ARABIC LETTER JEEM)
ﰪ	عم	U+FC2A (ARABIC LIGATURE AIN WITH MEEM ISOLATED FORM) -> U+0639 (ARABIC LETTER AIN) U+0645 (ARABIC LETTER MEEM)
ﰫ	غج	U+FC2B (ARABIC LIGATURE GHAIN WITH JEEM ISOLATED FORM) -> U+063A (ARABIC LETTER GHAIN) U+062C (ARABIC LETTER JEEM)
ﰬ	غم	U+FC2C (ARABIC LIGATURE GHAIN WITH MEEM ISOLATED FORM) -> U+063A (ARABIC LETTER GHAIN) U+0645 (ARABIC LETTER MEEM)
ﰭ	فج	U+FC2D (ARABIC LIGATURE FEH WITH JEEM ISOLATED FORM) -> U+0641 (ARABIC LETTER FEH) U+062C (ARABIC LETTER JEEM)
ﰮ	فح	U+FC2E (ARABIC LIGATURE FEH WITH HAH ISOLATED FORM) -> U+0641 (ARABIC LETTER FEH) U+062D (ARABIC LETTER HAH)
ﰯ	فخ	U+FC2F (ARABIC LIGATURE FEH WITH KHAH ISOLATED FORM) -> U+0641 (ARABIC LETTER FEH) U+062E (ARABIC LETTER KHAH)
ﰰ	فم	U+FC30 (ARABIC LIGATURE FEH WITH MEEM ISOLATED FORM) -> U+0641 (ARABIC LETTER FEH) U+0645 (ARABIC LETTER MEEM)
ﰱ	فى	U+FC31 (ARABIC LIGATURE FEH WITH ALEF MAKSURA ISOLATED FORM) -> U+0641 (ARABIC LETTER FEH) U+0649 (ARABIC LETTER ALEF MAKSURA)
ﰲ	في	U+FC32 (ARABIC LIGATURE FEH WITH YEH ISOLATED FORM) -> U+0641 (ARABIC LETTER FEH) U+064A (ARABIC LETTER YEH)
ﰳ	قح	U+FC33 (ARABIC LIGATURE QAF WITH HAH ISOLATED FORM) -> U+0642 (ARABIC LETTER QAF) U+062D (ARABIC LETTER HAH)
ﰴ	قم	U+FC34 (ARABIC LIGATURE QAF WITH MEEM ISOLATED FORM) -> U+0642 (ARABIC LETTER QAF) U+0645 (ARABIC LETTER MEEM)
ﰵ	قى	U+FC35 (ARABIC LIGATURE QAF WITH ALEF MAKSURA ISOLATED FORM) -> U+0642 (ARABIC LETTER QAF) U+0649 (ARABIC LETTER ALEF MAKSURA)
ﰶ	قي	U+FC36 (ARABIC LIGATURE QAF WITH YEH ISOLATED FORM) -> U+0642 (ARABIC LETTER QAF) U+064A (ARABIC LETTER YEH)
ﰷ	كا	U+FC37 (ARABIC LIGATURE KAF WITH ALEF ISOLATED FORM) -> U+0643 (ARABIC LETTER KAF) U+0627 (ARABIC LETTER ALEF)
ﰸ	كج	U+FC38 (ARABIC LIGATURE KAF WITH JEEM ISOLATED FORM) -> U+0643 (ARABIC LETTER KAF) U+062C (ARABIC LETTER JEEM)
ﰹ	كح	U+FC39 (ARABIC LIGATURE KAF WITH HAH ISOLATED FORM) -> U+0643 (ARABIC LETTER KAF) U+062D (ARABIC LETTER HAH)
ﰺ	كخ	U+FC3A (ARABIC LIGATURE KAF WITH KHAH ISOLATED FORM) -> U+0643 (ARABIC LETTER KAF) U+062E (ARABIC LETTER KHAH)
ﰻ	كل	U+FC3B (ARABIC LIGATURE KAF WITH LAM ISOLATED FORM) -> U+0643 (ARABIC LETTER KAF) U+0644 (ARABIC LETTER LAM)
ﰼ	كم	U+FC3C (ARABIC LIGATURE KAF WITH MEEM ISOLATED FORM) -> U+0643 (ARABIC LETTER KAF) U+0645 (ARABIC LETTER MEEM)
ﰽ	كى	U+FC3D (ARABIC LIGATURE KAF WITH ALEF MAKSURA ISOLATED FORM) -> U+0643 (ARABIC LETTER KAF) U+0649 (ARABIC LETTER ALEF MAKSURA)
ﰾ	كي	U+FC3E (ARABIC LIGATURE KAF WITH YEH ISOLATED FORM) -> U+0643 (ARABIC LETTER KAF) U+064A (ARABIC LETTER YEH)
ﰿ	لج	U+FC3F (ARABIC LIGATURE LAM WITH JEEM ISOLATED FORM) -> U+0644 (ARABIC LETTER LAM) U+062C (ARABIC LETTER JEEM)
ﱀ	لح	U+FC40 (ARABIC LIGATURE LAM WITH HAH ISOLATED FORM) -> U+0644 (ARABIC LETTER LAM) U+062D (ARABIC LETTER HAH)
ﱁ	لخ	U+FC41 (ARABIC LIGATURE LAM WITH KHAH ISOLATED FORM) -> U+0644 (ARABIC LETTER LAM) U+062E (ARABIC LETTER KHAH)
ﱂ	لم	U+FC42 (ARABIC LIGATURE LAM WITH MEEM ISOLATED FORM) -> U+0644 (ARABIC LETTER LAM) U+0645 (ARABIC LETTER MEEM)
ﱃ	لى	U+FC43 (ARABIC LIGATURE LAM WITH ALEF MAKSURA ISOLATED FORM) -> U+0644 (ARABIC LETTER LAM) U+0649 (ARABIC LETTER ALEF MAKSURA)
ﱄ	لي	U+FC44 (ARABIC LIGATURE LAM WITH YEH ISOLATED FORM) -> U+0644 (ARABIC LETTER LAM) U+064A (ARABIC LETTER YEH)
ﱅ	مج	U+FC45 (ARABIC LIGATURE MEEM WITH JEEM ISOLATED FORM) -> U+0645 (ARABIC LETTER MEEM) U+062C (ARABIC LETTER JEEM)
ﱆ	مح	U+FC46 (ARABIC LIGATURE MEEM WITH HAH ISOLATED FORM) -> U+0645 (ARABIC LETTER MEEM) U+062D (ARABIC LETTER HAH)
ﱇ	مخ	U+FC47 (ARABIC LIGATURE MEEM WITH KHAH ISOLATED FORM) -> U+0645 (ARABIC LETTER MEEM) U+062E (ARABIC LETTER KHAH)
ﱈ	مم	U+FC48 (ARABIC LIGATURE MEEM WITH MEEM ISOLATED FORM) -> U+0645 (ARABIC LETTER MEEM) U+0645 (ARABIC LETTER MEEM)
ﱉ	مى	U+FC49 (ARABIC LIGATURE MEEM WITH ALEF MAKSURA ISOLATED FORM) -> U+0645 (ARABIC LETTER MEEM) U+0649 (ARABIC LETTER ALEF MAKSURA)
ﱊ	مي	U+FC4A (ARABIC LIGATURE MEEM WITH YEH ISOLATED FORM) -> U+0645 (ARABIC LETTER MEEM) U+064A (ARABIC LETTER YEH)
ﱋ	نج	U+FC4B (ARABIC LIGATURE NOON WITH JEEM ISOLATED FORM) -> U+0646 (ARABIC LETTER NOON) U+062C (ARABIC LETTER JEEM)
ﱌ	نح	U+FC4C (ARABIC LIGATURE NOON WITH HAH ISOLATED FORM) -> U+0646 (ARABIC LETTER NOON) U+062D (ARABIC LETTER HAH)
ﱍ	نخ	U+FC4D (ARABIC LIGATURE NOON WITH KHAH ISOLATED FORM) -> U+0646 (ARABIC LETTER NOON) U+062E (ARABIC LETTER KHAH)
ﱎ	نم	U+FC4E (ARABIC LIGATURE NOON WITH MEEM ISOLATED FORM) -> U+0646 (ARABIC LETTER NOON) U+0645 (ARABIC LETTER MEEM)
ﱏ	نى	U+FC4F (ARABIC LIGATURE NOON WITH ALEF MAKSURA ISOLATED FORM) -> U+0646 (ARABIC LETTER NOON) U+0649 (ARABIC LETTER ALEF MAKSURA)
ﱐ	ني	U+FC50 (ARABIC LIGATURE NOON WITH YEH ISOLATED FORM) -> U+0646 (ARABIC LETTER NOON) U+064A (ARABIC LETTER YEH)
ﱑ	هج	U+FC51 (ARABIC LIGATURE HEH WITH JEEM ISOLATED FORM) -> U+0647 (ARABIC LETTER HEH) U+062C (ARABIC LETTER JEEM)
ﱒ	هم	U+FC52 (ARABIC LIGATURE HEH WITH MEEM ISOLATED FORM) -> U+0647 (ARABIC LETTER HEH) U+0645 (ARABIC LETTER MEEM)
ﱓ	هى	U+FC53 (ARABIC LIGATURE HEH WITH ALEF MAKSURA ISOLATED FORM) -> U+0647 (ARABIC LETTER HEH) U+0649 (ARABIC LETTER ALEF MAKSURA)
ﱔ	هي	U+FC54 (ARABIC LIGATURE HEH WITH YEH ISOLATED FORM) -> U+0647 (ARABIC LETTER HEH) U+064A (ARABIC LETTER YEH)
ﱕ	يج	U+FC55 (ARABIC LIGATURE YEH WITH JEEM ISOLATED FORM) -> U+064A (ARABIC LETTER YEH) U+062C (ARABIC LETTER JEEM)
ﱖ	يح	U+FC56 (ARABIC LIGATURE YEH WITH HAH ISOLATED FORM) -> U+064A (ARABIC LETTER YEH) U+062D (ARABIC LETTER HAH)
ﱗ	يخ	U+FC57 (ARABIC LIGATURE YEH WITH KHAH ISOLATED FORM) -> U+064A (ARABIC LETTER YEH) U+062E (ARABIC LETTER KHAH)
ﱘ	يم	U+FC58 (ARABIC LIGATURE YEH WITH MEEM ISOLATED FORM) -> U+064A (ARABIC LETTER YEH) U+0645 (ARABIC LETTER MEEM)
ﱙ	يى	U+FC59 (ARABIC LIGATURE YEH WITH ALEF MAKSURA ISOLATED FORM) -> U+064A (ARABIC LETTER YEH) U+0649 (ARABIC LETTER ALEF MAKSURA)
ﱚ	يي	U+FC5A (ARABIC LIGATURE YEH WITH YEH ISOLATED FORM) -> U+064A (ARABIC LETTER YEH) U+064A (ARABIC LETTER YEH)
ﱛ	ذٰ	U+FC5B (ARABIC LIGATURE THAL WITH SUPERSCRIPT ALEF ISOLATED FORM) -> U+0630 (ARABIC LETTER THAL) U+0670 (ARABIC LETTER SUPERSCRIPT ALEF)
ﱜ	رٰ	U+FC5C (ARABIC LIGATURE REH WITH SUPERSCRIPT ALEF ISOLATED FORM) -> U+0631 (ARABIC LETTER REH) U+0670 (ARABIC LETTER SUPERSCRIPT ALEF)
ﱝ	ىٰ	U+FC5D (ARABIC LIGATURE ALEF MAKSURA WITH SUPERSCRIPT ALEF ISOLATED FORM) -> U+0649 (ARABIC LETTER ALEF MAKSURA) U+0670 (ARABIC LETTER SUPERSCRIPT ALEF)
ﱞ		U+FC5E (ARABIC LIGATURE SHADDA WITH DAMMATAN ISOLATED FORM) ->    NFKC-ref:  ٌّ
ﱟ		U+FC5F (ARABIC LIGATURE SHADDA WITH KASRATAN ISOLATED FORM) ->    NFKC-ref:  ٍّ
ﱠ		U+FC60 (ARABIC LIGATURE SHADDA WITH FATHA ISOLATED FORM) ->    NFKC-ref:  َّ
ﱡ		U+FC61 (ARABIC LIGATURE SHADDA WITH DAMMA ISOLATED FORM) ->    NFKC-ref:  ُّ
ﱢ		U+FC62 (ARABIC LIGATURE SHADDA WITH KASRA ISOLATED FORM) ->    NFKC-ref:  ِّ
ﱣ	ٰ	U+FC63 (ARABIC LIGATURE SHADDA WITH SUPERSCRIPT ALEF ISOLATED FORM) -> U+0670 (ARABIC LETTER SUPERSCRIPT ALEF)   NFKC-ref:  ّٰ
ﱤ	ئر	U+FC64 (ARABIC LIGATURE YEH WITH HAMZA ABOVE WITH REH FINAL FORM) -> U+0626 (ARABIC LETTER YEH WITH HAMZA ABOVE) U+0631 (ARABIC LETTER REH)
ﱥ	ئز	U+FC65 (ARABIC LIGATURE YEH WITH HAMZA ABOVE WITH ZAIN FINAL FORM) -> U+0626 (ARABIC LETTER YEH WITH HAMZA ABOVE) U+0632 (ARABIC LETTER ZAIN)
ﱦ	ئم	U+FC66 (ARABIC LIGATURE YEH WITH HAMZA ABOVE WITH MEEM FINAL FORM) -> U+0626 (ARABIC LETTER YEH WITH HAMZA ABOVE) U+0645 (ARABIC LETTER MEEM)
ﱧ	ئن	U+FC67 (ARABIC LIGATURE YEH WITH HAMZA ABOVE WITH NOON FINAL FORM) -> U+0626 (ARABIC LETTER YEH WITH HAMZA ABOVE) U+0646 (ARABIC LETTER NOON)
ﱨ	ئى	U+FC68 (ARABIC LIGATURE YEH WITH HAMZA ABOVE WITH ALEF MAKSURA FINAL FORM) -> U+0626 (ARABIC LETTER YEH WITH HAMZA ABOVE) U+0649 (ARABIC LETTER ALEF MAKSURA)
ﱩ	ئي	U+FC69 (ARABIC LIGATURE YEH WITH HAMZA ABOVE WITH YEH FINAL FORM) -> U+0626 (ARABIC LETTER YEH WITH HAMZA ABOVE) U+064A (ARABIC LETTER YEH)
ﱪ	بر	U+FC6A (ARABIC LIGATURE BEH WITH REH FINAL FORM) -> U+0628 (ARABIC LETTER BEH) U+0631 (ARABIC LETTER REH)
ﱫ	بز	U+FC6B (ARABIC LIGATURE BEH WITH ZAIN FINAL FORM) -> U+0628 (ARABIC LETTER BEH) U+0632 (ARABIC LETTER ZAIN)
ﱬ	بم	U+FC6C (ARABIC LIGATURE BEH WITH MEEM FINAL FORM) -> U+0628 (ARABIC LETTER BEH) U+0645 (ARABIC LETTER MEEM)
ﱭ	بن	U+FC6D (ARABIC LIGATURE BEH WITH NOON FINAL FORM) -> U+0628 (ARABIC LETTER BEH) U+0646 (ARABIC LETTER NOON)
ﱮ	بى	U+FC6E (ARABIC LIGATURE BEH WITH ALEF MAKSURA FINAL FORM) -> U+0628 (ARABIC LETTER BEH) U+0649 (ARABIC LETTER ALEF MAKSURA)
ﱯ	بي	U+FC6F (ARABIC LIGATURE BEH WITH YEH FINAL FORM) -> U+0628 (ARABIC LETTER BEH) U+064A (ARABIC LETTER YEH)
ﱰ	تر	U+FC70 (ARABIC LIGATURE TEH WITH REH FINAL FORM) -> U+062A (ARABIC LETTER TEH) U+0631 (ARABIC LETTER REH)
ﱱ	تز	U+FC71 (ARABIC LIGATURE TEH WITH ZAIN FINAL FORM) -> U+062A (ARABIC LETTER TEH) U+0632 (ARABIC LETTER ZAIN)
ﱲ	تم	U+FC72 (ARABIC LIGATURE TEH WITH MEEM FINAL FORM) -> U+062A (ARABIC LETTER TEH) U+0645 (ARABIC LETTER MEEM)
ﱳ	تن	U+FC73 (ARABIC LIGATURE TEH WITH NOON FINAL FORM) -> U+062A (ARABIC LETTER TEH) U+0646 (ARABIC LETTER NOON)
ﱴ	تى	U+FC74 (ARABIC LIGATURE TEH WITH ALEF MAKSURA FINAL FORM) -> U+062A (ARABIC LETTER TEH) U+0649 (ARABIC LETTER ALEF MAKSURA)
ﱵ	تي	U+FC75 (ARABIC LIGATURE TEH WITH YEH FINAL FORM) -> U+062A (ARABIC LETTER TEH) U+064A (ARABIC LETTER YEH)
ﱶ	ثر	U+FC76 (ARABIC LIGATURE THEH WITH REH FINAL FORM) -> U+062B (ARABIC LETTER THEH) U+0631 (ARABIC LETTER REH)
ﱷ	ثز	U+FC77 (ARABIC LIGATURE THEH WITH ZAIN FINAL FORM) -> U+062B (ARABIC LETTER THEH) U+0632 (ARABIC LETTER ZAIN)
ﱸ	ثم	U+FC78 (ARABIC LIGATURE THEH WITH MEEM FINAL FORM) -> U+062B (ARABIC LETTER THEH) U+0645 (ARABIC LETTER MEEM)
ﱹ	ثن	U+FC79 (ARABIC LIGATURE THEH WITH NOON FINAL FORM) -> U+062B (ARABIC LETTER THEH) U+0646 (ARABIC LETTER NOON)
ﱺ	ثى	U+FC7A (ARABIC LIGATURE THEH WITH ALEF MAKSURA FINAL FORM) -> U+062B (ARABIC LETTER THEH) U+0649 (ARABIC LETTER ALEF MAKSURA)
ﱻ	ثي	U+FC7B (ARABIC LIGATURE THEH WITH YEH FINAL FORM) -> U+062B (ARABIC LETTER THEH) U+064A (ARABIC LETTER YEH)
ﱼ	فى	U+FC7C (ARABIC LIGATURE FEH WITH ALEF MAKSURA FINAL FORM) -> U+0641 (ARABIC LETTER FEH) U+0649 (ARABIC LETTER ALEF MAKSURA)
ﱽ	في	U+FC7D (ARABIC LIGATURE FEH WITH YEH FINAL FORM) -> U+0641 (ARABIC LETTER FEH) U+064A (ARABIC LETTER YEH)
ﱾ	قى	U+FC7E (ARABIC LIGATURE QAF WITH ALEF MAKSURA FINAL FORM) -> U+0642 (ARABIC LETTER QAF) U+0649 (ARABIC LETTER ALEF MAKSURA)
ﱿ	قي	U+FC7F (ARABIC LIGATURE QAF WITH YEH FINAL FORM) -> U+0642 (ARABIC LETTER QAF) U+064A (ARABIC LETTER YEH)
ﲀ	كا	U+FC80 (ARABIC LIGATURE KAF WITH ALEF FINAL FORM) -> U+0643 (ARABIC LETTER KAF) U+0627 (ARABIC LETTER ALEF)
ﲁ	كل	U+FC81 (ARABIC LIGATURE KAF WITH LAM FINAL FORM) -> U+0643 (ARABIC LETTER KAF) U+0644 (ARABIC LETTER LAM)
ﲂ	كم	U+FC82 (ARABIC LIGATURE KAF WITH MEEM FINAL FORM) -> U+0643 (ARABIC LETTER KAF) U+0645 (ARABIC LETTER MEEM)
ﲃ	كى	U+FC83 (ARABIC LIGATURE KAF WITH ALEF MAKSURA FINAL FORM) -> U+0643 (ARABIC LETTER KAF) U+0649 (ARABIC LETTER ALEF MAKSURA)
ﲄ	كي	U+FC84 (ARABIC LIGATURE KAF WITH YEH FINAL FORM) -> U+0643 (ARABIC LETTER KAF) U+064A (ARABIC LETTER YEH)
ﲅ	لم	U+FC85 (ARABIC LIGATURE LAM WITH MEEM FINAL FORM) -> U+0644 (ARABIC LETTER LAM) U+0645 (ARABIC LETTER MEEM)
ﲆ	لى	U+FC86 (ARABIC LIGATURE LAM WITH ALEF MAKSURA FINAL FORM) -> U+0644 (ARABIC LETTER LAM) U+0649 (ARABIC LETTER ALEF MAKSURA)
ﲇ	لي	U+FC87 (ARABIC LIGATURE LAM WITH YEH FINAL FORM) -> U+0644 (ARABIC LETTER LAM) U+064A (ARABIC LETTER YEH)
ﲈ	ما	U+FC88 (ARABIC LIGATURE MEEM WITH ALEF FINAL FORM) -> U+0645 (ARABIC LETTER MEEM) U+0627 (ARABIC LETTER ALEF)
ﲉ	مم	U+FC89 (ARABIC LIGATURE MEEM WITH MEEM FINAL FORM) -> U+0645 (ARABIC LETTER MEEM) U+0645 (ARABIC LETTER MEEM)
ﲊ	نر	U+FC8A (ARABIC LIGATURE NOON WITH REH FINAL FORM) -> U+0646 (ARABIC LETTER NOON) U+0631 (ARABIC LETTER REH)
ﲋ	نز	U+FC8B (ARABIC LIGATURE NOON WITH ZAIN FINAL FORM) -> U+0646 (ARABIC LETTER NOON) U+0632 (ARABIC LETTER ZAIN)
ﲌ	نم	U+FC8C (ARABIC LIGATURE NOON WITH MEEM FINAL FORM) -> U+0646 (ARABIC LETTER NOON) U+0645 (ARABIC LETTER MEEM)
ﲍ	نن	U+FC8D (ARABIC LIGATURE NOON WITH NOON FINAL FORM) -> U+0646 (ARABIC LETTER NOON) U+0646 (ARABIC LETTER NOON)
ﲎ	نى	U+FC8E (ARABIC LIGATURE NOON WITH ALEF MAKSURA FINAL FORM) -> U+0646 (ARABIC LETTER NOON) U+0649 (ARABIC LETTER ALEF MAKSURA)
ﲏ	ني	U+FC8F (ARABIC LIGATURE NOON WITH YEH FINAL FORM) -> U+0646 (ARABIC LETTER NOON) U+064A (ARABIC LETTER YEH)
ﲐ	ىٰ	U+FC90 (ARABIC LIGATURE ALEF MAKSURA WITH SUPERSCRIPT ALEF FINAL FORM) -> U+0649 (ARABIC LETTER ALEF MAKSURA) U+0670 (ARABIC LETTER SUPERSCRIPT ALEF)
ﲑ	ير	U+FC91 (ARABIC LIGATURE YEH WITH REH FINAL FORM) -> U+064A (ARABIC LETTER YEH) U+0631 (ARABIC LETTER REH)
ﲒ	يز	U+FC92 (ARABIC LIGATURE YEH WITH ZAIN FINAL FORM) -> U+064A (ARABIC LETTER YEH) U+0632 (ARABIC LETTER ZAIN)
ﲓ	يم	U+FC93 (ARABIC LIGATURE YEH WITH MEEM FINAL FORM) -> U+064A (ARABIC LETTER YEH) U+0645 (ARABIC LETTER MEEM)
ﲔ	ين	U+FC94 (ARABIC LIGATURE YEH WITH NOON FINAL FORM) -> U+064A (ARABIC LETTER YEH) U+0646 (ARABIC LETTER NOON)
ﲕ	يى	U+FC95 (ARABIC LIGATURE YEH WITH ALEF MAKSURA FINAL FORM) -> U+064A (ARABIC LETTER YEH) U+0649 (ARABIC LETTER ALEF MAKSURA)
ﲖ	يي	U+FC96 (ARABIC LIGATURE YEH WITH YEH FINAL FORM) -> U+064A (ARABIC LETTER YEH) U+064A (ARABIC LETTER YEH)
ﲗ	ئج	U+FC97 (ARABIC LIGATURE YEH WITH HAMZA ABOVE WITH JEEM INITIAL FORM) -> U+0626 (ARABIC LETTER YEH WITH HAMZA ABOVE) U+062C (ARABIC LETTER JEEM)
ﲘ	ئح	U+FC98 (ARABIC LIGATURE YEH WITH HAMZA ABOVE WITH HAH INITIAL FORM) -> U+0626 (ARABIC LETTER YEH WITH HAMZA ABOVE) U+062D (ARABIC LETTER HAH)
ﲙ	ئخ	U+FC99 (ARABIC LIGATURE YEH WITH HAMZA ABOVE WITH KHAH INITIAL FORM) -> U+0626 (ARABIC LETTER YEH WITH HAMZA ABOVE) U+062E (ARABIC LETTER KHAH)
ﲚ	ئم	U+FC9A (ARABIC LIGATURE YEH WITH HAMZA ABOVE WITH MEEM INITIAL FORM) -> U+0626 (ARABIC LETTER YEH WITH HAMZA ABOVE) U+0645 (ARABIC LETTER MEEM)
ﲛ	ئه	U+FC9B (ARABIC LIGATURE YEH WITH HAMZA ABOVE WITH HEH INITIAL FORM) -> U+0626 (ARABIC LETTER YEH WITH HAMZA ABOVE) U+0647 (ARABIC LETTER HEH)
ﲜ	بج	U+FC9C (ARABIC LIGATURE BEH WITH JEEM INITIAL FORM) -> U+0628 (ARABIC LETTER BEH) U+062C (ARABIC LETTER JEEM)
ﲝ	بح	U+FC9D (ARABIC LIGATURE BEH WITH HAH INITIAL FORM) -> U+0628 (ARABIC LETTER BEH) U+062D (ARABIC LETTER HAH)
ﲞ	بخ	U+FC9E (ARABIC LIGATURE BEH WITH KHAH INITIAL FORM) -> U+0628 (ARABIC LETTER BEH) U+062E (ARABIC LETTER KHAH)
ﲟ	بم	U+FC9F (ARABIC LIGATURE BEH WITH MEEM INITIAL FORM) -> U+0628 (ARABIC LETTER BEH) U+0645 (ARABIC LETTER MEEM)
ﲠ	به	U+FCA0 (ARABIC LIGATURE BEH WITH HEH INITIAL FORM) -> U+0628 (ARABIC LETTER BEH) U+0647 (ARABIC LETTER HEH)
ﲡ	تج	U+FCA1 (ARABIC LIGATURE TEH WITH JEEM INITIAL FORM) -> U+062A (ARABIC LETTER TEH) U+062C (ARABIC LETTER JEEM)
ﲢ	تح	U+FCA2 (ARABIC LIGATURE TEH WITH HAH INITIAL FORM) -> U+062A (ARABIC LETTER TEH) U+062D (ARABIC LETTER HAH)
ﲣ	تخ	U+FCA3 (ARABIC LIGATURE TEH WITH KHAH INITIAL FORM) -> U+062A (ARABIC LETTER TEH) U+062E (ARABIC LETTER KHAH)
ﲤ	تم	U+FCA4 (ARABIC LIGATURE TEH WITH MEEM INITIAL FORM) -> U+062A (ARABIC LETTER TEH) U+0645 (ARABIC LETTER MEEM)
ﲥ	ته	U+FCA5 (ARABIC LIGATURE TEH WITH HEH INITIAL FORM) -> U+062A (ARABIC LETTER TEH) U+0647 (ARABIC LETTER HEH)
ﲦ	ثم	U+FCA6 (ARABIC LIGATURE THEH WITH MEEM INITIAL FORM) -> U+062B (ARABIC LETTER THEH) U+0645 (ARABIC LETTER MEEM)
ﲧ	جح	U+FCA7 (ARABIC LIGATURE JEEM WITH HAH INITIAL FORM) -> U+062C (ARABIC LETTER JEEM) U+062D (ARABIC LETTER HAH)
ﲨ	جم	U+FCA8 (ARABIC LIGATURE JEEM WITH MEEM INITIAL FORM) -> U+062C (ARABIC LETTER JEEM) U+0645 (ARABIC LETTER MEEM)
ﲩ	حج	U+FCA9 (ARABIC LIGATURE HAH WITH JEEM INITIAL FORM) -> U+062D (ARABIC LETTER HAH) U+062C (ARABIC LETTER JEEM)
ﲪ	حم	U+FCAA (ARABIC LIGATURE HAH WITH MEEM INITIAL FORM) -> U+062D (ARABIC LETTER HAH) U+0645 (ARABIC LETTER MEEM)
ﲫ	خج	U+FCAB (ARABIC LIGATURE KHAH WITH JEEM INITIAL FORM) -> U+062E (ARABIC LETTER KHAH) U+062C (ARABIC LETTER JEEM)
ﲬ	خم	U+FCAC (ARABIC LIGATURE KHAH WITH MEEM INITIAL FORM) -> U+062E (ARABIC LETTER KHAH) U+0645 (ARABIC LETTER MEEM)
ﲭ	سج	U+FCAD (ARABIC LIGATURE SEEN WITH JEEM INITIAL FORM) -> U+0633 (ARABIC LETTER SEEN) U+062C (ARABIC LETTER JEEM)
ﲮ	سح	U+FCAE (ARABIC LIGATURE SEEN WITH HAH INITIAL FORM) -> U+0633 (ARABIC LETTER SEEN) U+062D (ARABIC LETTER HAH)
ﲯ	سخ	U+FCAF (ARABIC LIGATURE SEEN WITH KHAH INITIAL FORM) -> U+0633 (ARABIC LETTER SEEN) U+062E (ARABIC LETTER KHAH)
ﲰ	سم	U+FCB0 (ARABIC LIGATURE SEEN WITH MEEM INITIAL FORM) -> U+0633 (ARABIC LETTER SEEN) U+0645 (ARABIC LETTER MEEM)
ﲱ	صح	U+FCB1 (ARABIC LIGATURE SAD WITH HAH INITIAL FORM) -> U+0635 (ARABIC LETTER SAD) U+062D (ARABIC LETTER HAH)
ﲲ	صخ	U+FCB2 (ARABIC LIGATURE SAD WITH KHAH INITIAL FORM) -> U+0635 (ARABIC LETTER SAD) U+062E (ARABIC LETTER KHAH)
ﲳ	صم	U+FCB3 (ARABIC LIGATURE SAD WITH MEEM INITIAL FORM) -> U+0635 (ARABIC LETTER SAD) U+0645 (ARABIC LETTER MEEM)
ﲴ	ضج	U+FCB4 (ARABIC LIGATURE DAD WITH JEEM INITIAL FORM) -> U+0636 (ARABIC LETTER DAD) U+062C (ARABIC LETTER JEEM)
ﲵ	ضح	U+FCB5 (ARABIC LIGATURE DAD WITH HAH INITIAL FORM) -> U+0636 (ARABIC LETTER DAD) U+062D (ARABIC LETTER HAH)
ﲶ	ضخ	U+FCB6 (ARABIC LIGATURE DAD WITH KHAH INITIAL FORM) -> U+0636 (ARABIC LETTER DAD) U+062E (ARABIC LETTER KHAH)
ﲷ	ضم	U+FCB7 (ARABIC LIGATURE DAD WITH MEEM INITIAL FORM) -> U+0636 (ARABIC LETTER DAD) U+0645 (ARABIC LETTER MEEM)
ﲸ	طح	U+FCB8 (ARABIC LIGATURE TAH WITH HAH INITIAL FORM) -> U+0637 (ARABIC LETTER TAH) U+062D (ARABIC LETTER HAH)
ﲹ	ظم	U+FCB9 (ARABIC LIGATURE ZAH WITH MEEM INITIAL FORM) -> U+0638 (ARABIC LETTER ZAH) U+0645 (ARABIC LETTER MEEM)
ﲺ	عج	U+FCBA (ARABIC LIGATURE AIN WITH JEEM INITIAL FORM) -> U+0639 (ARABIC LETTER AIN) U+062C (ARABIC LETTER JEEM)
ﲻ	عم	U+FCBB (ARABIC LIGATURE AIN WITH MEEM INITIAL FORM) -> U+0639 (ARABIC LETTER AIN) U+0645 (ARABIC LETTER MEEM)
ﲼ	غج	U+FCBC (ARABIC LIGATURE GHAIN WITH JEEM INITIAL FORM) -> U+063A (ARABIC LETTER GHAIN) U+062C (ARABIC LETTER JEEM)
ﲽ	غم	U+FCBD (ARABIC LIGATURE GHAIN WITH MEEM INITIAL FORM) -> U+063A (ARABIC LETTER GHAIN) U+0645 (ARABIC LETTER MEEM)
ﲾ	فج	U+FCBE (ARABIC LIGATURE FEH WITH JEEM INITIAL FORM) -> U+0641 (ARABIC LETTER FEH) U+062C (ARABIC LETTER JEEM)
ﲿ	فح	U+FCBF (ARABIC LIGATURE FEH WITH HAH INITIAL FORM) -> U+0641 (ARABIC LETTER FEH) U+062D (ARABIC LETTER HAH)
ﳀ	فخ	U+FCC0 (ARABIC LIGATURE FEH WITH KHAH INITIAL FORM) -> U+0641 (ARABIC LETTER FEH) U+062E (ARABIC LETTER KHAH)
ﳁ	فم	U+FCC1 (ARABIC LIGATURE FEH WITH MEEM INITIAL FORM) -> U+0641 (ARABIC LETTER FEH) U+0645 (ARABIC LETTER MEEM)
ﳂ	قح	U+FCC2 (ARABIC LIGATURE QAF WITH HAH INITIAL FORM) -> U+0642 (ARABIC LETTER QAF) U+062D (ARABIC LETTER HAH)
ﳃ	قم	U+FCC3 (ARABIC LIGATURE QAF WITH MEEM INITIAL FORM) -> U+0642 (ARABIC LETTER QAF) U+0645 (ARABIC LETTER MEEM)
ﳄ	كج	U+FCC4 (ARABIC LIGATURE KAF WITH JEEM INITIAL FORM) -> U+0643 (ARABIC LETTER KAF) U+062C (ARABIC LETTER JEEM)
ﳅ	كح	U+FCC5 (ARABIC LIGATURE KAF WITH HAH INITIAL FORM) -> U+0643 (ARABIC LETTER KAF) U+062D (ARABIC LETTER HAH)
ﳆ	كخ	U+FCC6 (ARABIC LIGATURE KAF WITH KHAH INITIAL FORM) -> U+0643 (ARABIC LETTER KAF) U+062E (ARABIC LETTER KHAH)
ﳇ	كل	U+FCC7 (ARABIC LIGATURE KAF WITH LAM INITIAL FORM) -> U+0643 (ARABIC LETTER KAF) U+0644 (ARABIC LETTER LAM)
ﳈ	كم	U+FCC8 (ARABIC LIGATURE KAF WITH MEEM INITIAL FORM) -> U+0643 (ARABIC LETTER KAF) U+0645 (ARABIC LETTER MEEM)
ﳉ	لج	U+FCC9 (ARABIC LIGATURE LAM WITH JEEM INITIAL FORM) -> U+0644 (ARABIC LETTER LAM) U+062C (ARABIC LETTER JEEM)
ﳊ	لح	U+FCCA (ARABIC LIGATURE LAM WITH HAH INITIAL FORM) -> U+0644 (ARABIC LETTER LAM) U+062D (ARABIC LETTER HAH)
ﳋ	لخ	U+FCCB (ARABIC LIGATURE LAM WITH KHAH INITIAL FORM) -> U+0644 (ARABIC LETTER LAM) U+062E (ARABIC LETTER KHAH)
ﳌ	لم	U+FCCC (ARABIC LIGATURE LAM WITH MEEM INITIAL FORM) -> U+0644 (ARABIC LETTER LAM) U+0645 (ARABIC LETTER MEEM)
ﳍ	له	U+FCCD (ARABIC LIGATURE LAM WITH HEH INITIAL FORM) -> U+0644 (ARABIC LETTER LAM) U+0647 (ARABIC LETTER HEH)
ﳎ	مج	U+FCCE (ARABIC LIGATURE MEEM WITH JEEM INITIAL FORM) -> U+0645 (ARABIC LETTER MEEM) U+062C (ARABIC LETTER JEEM)
ﳏ	مح	U+FCCF (ARABIC LIGATURE MEEM WITH HAH INITIAL FORM) -> U+0645 (ARABIC LETTER MEEM) U+062D (ARABIC LETTER HAH)
ﳐ	مخ	U+FCD0 (ARABIC LIGATURE MEEM WITH KHAH INITIAL FORM) -> U+0645 (ARABIC LETTER MEEM) U+062E (ARABIC LETTER KHAH)
ﳑ	مم	U+FCD1 (ARABIC LIGATURE MEEM WITH MEEM INITIAL FORM) -> U+0645 (ARABIC LETTER MEEM) U+0645 (ARABIC LETTER MEEM)
ﳒ	نج	U+FCD2 (ARABIC LIGATURE NOON WITH JEEM INITIAL FORM) -> U+0646 (ARABIC LETTER NOON) U+062C (ARABIC LETTER JEEM)
ﳓ	نح	U+FCD3 (ARABIC LIGATURE NOON WITH HAH INITIAL FORM) -> U+0646 (ARABIC LETTER NOON) U+062D (ARABIC LETTER HAH)
ﳔ	نخ	U+FCD4 (ARABIC LIGATURE NOON WITH KHAH INITIAL FORM) -> U+0646 (ARABIC LETTER NOON) U+062E (ARABIC LETTER KHAH)
ﳕ	نم	U+FCD5 (ARABIC LIGATURE NOON WITH MEEM INITIAL FORM) -> U+0646 (ARABIC LETTER NOON) U+0645 (ARABIC LETTER MEEM)
ﳖ	نه	U+FCD6 (ARABIC LIGATURE NOON WITH HEH INITIAL FORM) -> U+0646 (ARABIC LETTER NOON) U+0647 (ARABIC LETTER HEH)
ﳗ	هج	U+FCD7 (ARABIC LIGATURE HEH WITH JEEM INITIAL FORM) -> U+0647 (ARABIC LETTER HEH) U+062C (ARABIC LETTER JEEM)
ﳘ	هم	U+FCD8 (ARABIC LIGATURE HEH WITH MEEM INITIAL FORM) -> U+0647 (ARABIC LETTER HEH) U+0645 (ARABIC LETTER MEEM)
ﳙ	هٰ	U+FCD9 (ARABIC LIGATURE HEH WITH SUPERSCRIPT ALEF INITIAL FORM) -> U+0647 (ARABIC LETTER HEH) U+0670 (ARABIC LETTER SUPERSCRIPT ALEF)
ﳚ	يج	U+FCDA (ARABIC LIGATURE YEH WITH JEEM INITIAL FORM) -> U+064A (ARABIC LETTER YEH) U+062C (ARABIC LETTER JEEM)
ﳛ	يح	U+FCDB (ARABIC LIGATURE YEH WITH HAH INITIAL FORM) -> U+064A (ARABIC LETTER YEH) U+062D (ARABIC LETTER HAH)
ﳜ	يخ	U+FCDC (ARABIC LIGATURE YEH WITH KHAH INITIAL FORM) -> U+064A (ARABIC LETTER YEH) U+062E (ARABIC LETTER KHAH)
ﳝ	يم	U+FCDD (ARABIC LIGATURE YEH WITH MEEM INITIAL FORM) -> U+064A (ARABIC LETTER YEH) U+0645 (ARABIC LETTER MEEM)
ﳞ	يه	U+FCDE (ARABIC LIGATURE YEH WITH HEH INITIAL FORM) -> U+064A (ARABIC LETTER YEH) U+0647 (ARABIC LETTER HEH)
ﳟ	ئم	U+FCDF (ARABIC LIGATURE YEH WITH HAMZA ABOVE WITH MEEM MEDIAL FORM) -> U+0626 (ARABIC LETTER YEH WITH HAMZA ABOVE) U+0645 (ARABIC LETTER MEEM)
ﳠ	ئه	U+FCE0 (ARABIC LIGATURE YEH WITH HAMZA ABOVE WITH HEH MEDIAL FORM) -> U+0626 (ARABIC LETTER YEH WITH HAMZA ABOVE) U+0647 (ARABIC LETTER HEH)
ﳡ	بم	U+FCE1 (ARABIC LIGATURE BEH WITH MEEM MEDIAL FORM) -> U+0628 (ARABIC LETTER BEH) U+0645 (ARABIC LETTER MEEM)
ﳢ	به	U+FCE2 (ARABIC LIGATURE BEH WITH HEH MEDIAL FORM) -> U+0628 (ARABIC LETTER BEH) U+0647 (ARABIC LETTER HEH)
ﳣ	تم	U+FCE3 (ARABIC LIGATURE TEH WITH MEEM MEDIAL FORM) -> U+062A (ARABIC LETTER TEH) U+0645 (ARABIC LETTER MEEM)
ﳤ	ته	U+FCE4 (ARABIC LIGATURE TEH WITH HEH MEDIAL FORM) -> U+062A (ARABIC LETTER TEH) U+0647 (ARABIC LETTER HEH)
ﳥ	ثم	U+FCE5 (ARABIC LIGATURE THEH WITH MEEM MEDIAL FORM) -> U+062B (ARABIC LETTER THEH) U+0645 (ARABIC LETTER MEEM)
ﳦ	ثه	U+FCE6 (ARABIC LIGATURE THEH WITH HEH MEDIAL FORM) -> U+062B (ARABIC LETTER THEH) U+0647 (ARABIC LETTER HEH)
ﳧ	سم	U+FCE7 (ARABIC LIGATURE SEEN WITH MEEM MEDIAL FORM) -> U+0633 (ARABIC LETTER SEEN) U+0645 (ARABIC LETTER MEEM)
ﳨ	سه	U+FCE8 (ARABIC LIGATURE SEEN WITH HEH MEDIAL FORM) -> U+0633 (ARABIC LETTER SEEN) U+0647 (ARABIC LETTER HEH)
ﳩ	شم	U+FCE9 (ARABIC LIGATURE SHEEN WITH MEEM MEDIAL FORM) -> U+0634 (ARABIC LETTER SHEEN) U+0645 (ARABIC LETTER MEEM)
ﳪ	شه	U+FCEA (ARABIC LIGATURE SHEEN WITH HEH MEDIAL FORM) -> U+0634 (ARABIC LETTER SHEEN) U+0647 (ARABIC LETTER HEH)
ﳫ	كل	U+FCEB (ARABIC LIGATURE KAF WITH LAM MEDIAL FORM) -> U+0643 (ARABIC LETTER KAF) U+0644 (ARABIC LETTER LAM)
ﳬ	كم	U+FCEC (ARABIC LIGATURE KAF WITH MEEM MEDIAL FORM) -> U+0643 (ARABIC LETTER KAF) U+0645 (ARABIC LETTER MEEM)
ﳭ	لم	U+FCED (ARABIC LIGATURE LAM WITH MEEM MEDIAL FORM) -> U+0644 (ARABIC LETTER LAM) U+0645 (ARABIC LETTER MEEM)
ﳮ	نم	U+FCEE (ARABIC LIGATURE NOON WITH MEEM MEDIAL FORM) -> U+0646 (ARABIC LETTER NOON) U+0645 (ARABIC LETTER MEEM)
ﳯ	نه	U+FCEF (ARABIC LIGATURE NOON WITH HEH MEDIAL FORM) -> U+0646 (ARABIC LETTER NOON) U+0647 (ARABIC LETTER HEH)
ﳰ	يم	U+FCF0 (ARABIC LIGATURE YEH WITH MEEM MEDIAL FORM) -> U+064A (ARABIC LETTER YEH) U+0645 (ARABIC LETTER MEEM)
ﳱ	يه	U+FCF1 (ARABIC LIGATURE YEH WITH HEH MEDIAL FORM) -> U+064A (ARABIC LETTER YEH) U+0647 (ARABIC LETTER HEH)
ﳲ		U+FCF2 (ARABIC LIGATURE SHADDA WITH FATHA MEDIAL FORM) ->    NFKC-ref: ـَّ
ﳳ		U+FCF3 (ARABIC LIGATURE SHADDA WITH DAMMA MEDIAL FORM) ->    NFKC-ref: ـُّ
ﳴ		U+FCF4 (ARABIC LIGATURE SHADDA WITH KASRA MEDIAL FORM) ->    NFKC-ref: ـِّ
ﳵ	طى	U+FCF5 (ARABIC LIGATURE TAH WITH ALEF MAKSURA ISOLATED FORM) -> U+0637 (ARABIC LETTER TAH) U+0649 (ARABIC LETTER ALEF MAKSURA)
ﳶ	طي	U+FCF6 (ARABIC LIGATURE TAH WITH YEH ISOLATED FORM) -> U+0637 (ARABIC LETTER TAH) U+064A (ARABIC LETTER YEH)
ﳷ	عى	U+FCF7 (ARABIC LIGATURE AIN WITH ALEF MAKSURA ISOLATED FORM) -> U+0639 (ARABIC LETTER AIN) U+0649 (ARABIC LETTER ALEF MAKSURA)
ﳸ	عي	U+FCF8 (ARABIC LIGATURE AIN WITH YEH ISOLATED FORM) -> U+0639 (ARABIC LETTER AIN) U+064A (ARABIC LETTER YEH)
ﳹ	غى	U+FCF9 (ARABIC LIGATURE GHAIN WITH ALEF MAKSURA ISOLATED FORM) -> U+063A (ARABIC LETTER GHAIN) U+0649 (ARABIC LETTER ALEF MAKSURA)
ﳺ	غي	U+FCFA (ARABIC LIGATURE GHAIN WITH YEH ISOLATED FORM) -> U+063A (ARABIC LETTER GHAIN) U+064A (ARABIC LETTER YEH)
ﳻ	سى	U+FCFB (ARABIC LIGATURE SEEN WITH ALEF MAKSURA ISOLATED FORM) -> U+0633 (ARABIC LETTER SEEN) U+0649 (ARABIC LETTER ALEF MAKSURA)
ﳼ	سي	U+FCFC (ARABIC LIGATURE SEEN WITH YEH ISOLATED FORM) -> U+0633 (ARABIC LETTER SEEN) U+064A (ARABIC LETTER YEH)
ﳽ	شى	U+FCFD (ARABIC LIGATURE SHEEN WITH ALEF MAKSURA ISOLATED FORM) -> U+0634 (ARABIC LETTER SHEEN) U+0649 (ARABIC LETTER ALEF MAKSURA)
ﳾ	شي	U+FCFE (ARABIC LIGATURE SHEEN WITH YEH ISOLATED FORM) -> U+0634 (ARABIC LETTER SHEEN) U+064A (ARABIC LETTER YEH)
ﳿ	حى	U+FCFF (ARABIC LIGATURE HAH WITH ALEF MAKSURA ISOLATED FORM) -> U+062D (ARABIC LETTER HAH) U+0649 (ARABIC LETTER ALEF MAKSURA)
ﴀ	حي	U+FD00 (ARABIC LIGATURE HAH WITH YEH ISOLATED FORM) -> U+062D (ARABIC LETTER HAH) U+064A (ARABIC LETTER YEH)
ﴁ	جى	U+FD01 (ARABIC LIGATURE JEEM WITH ALEF MAKSURA ISOLATED FORM) -> U+062C (ARABIC LETTER JEEM) U+0649 (ARABIC LETTER ALEF MAKSURA)
ﴂ	جي	U+FD02 (ARABIC LIGATURE JEEM WITH YEH ISOLATED FORM) -> U+062C (ARABIC LETTER JEEM) U+064A (ARABIC LETTER YEH)
ﴃ	خى	U+FD03 (ARABIC LIGATURE KHAH WITH ALEF MAKSURA ISOLATED FORM) -> U+062E (ARABIC LETTER KHAH) U+0649 (ARABIC LETTER ALEF MAKSURA)
ﴄ	خي	U+FD04 (ARABIC LIGATURE KHAH WITH YEH ISOLATED FORM) -> U+062E (ARABIC LETTER KHAH) U+064A (ARABIC LETTER YEH)
ﴅ	صى	U+FD05 (ARABIC LIGATURE SAD WITH ALEF MAKSURA ISOLATED FORM) -> U+0635 (ARABIC LETTER SAD) U+0649 (ARABIC LETTER ALEF MAKSURA)
ﴆ	صي	U+FD06 (ARABIC LIGATURE SAD WITH YEH ISOLATED FORM) -> U+0635 (ARABIC LETTER SAD) U+064A (ARABIC LETTER YEH)
ﴇ	ضى	U+FD07 (ARABIC LIGATURE DAD WITH ALEF MAKSURA ISOLATED FORM) -> U+0636 (ARABIC LETTER DAD) U+0649 (ARABIC LETTER ALEF MAKSURA)
ﴈ	ضي	U+FD08 (ARABIC LIGATURE DAD WITH YEH ISOLATED FORM) -> U+0636 (ARABIC LETTER DAD) U+064A (ARABIC LETTER YEH)
ﴉ	شج	U+FD09 (ARABIC LIGATURE SHEEN WITH JEEM ISOLATED FORM) -> U+0634 (ARABIC LETTER SHEEN) U+062C (ARABIC LETTER JEEM)
ﴊ	شح	U+FD0A (ARABIC LIGATURE SHEEN WITH HAH ISOLATED FORM) -> U+0634 (ARABIC LETTER SHEEN) U+062D (ARABIC LETTER HAH)
ﴋ	شخ	U+FD0B (ARABIC LIGATURE SHEEN WITH KHAH ISOLATED FORM) -> U+0634 (ARABIC LETTER SHEEN) U+062E (ARABIC LETTER KHAH)
ﴌ	شم	U+FD0C (ARABIC LIGATURE SHEEN WITH MEEM ISOLATED FORM) -> U+0634 (ARABIC LETTER SHEEN) U+0645 (ARABIC LETTER MEEM)
ﴍ	شر	U+FD0D (ARABIC LIGATURE SHEEN WITH REH ISOLATED FORM) -> U+0634 (ARABIC LETTER SHEEN) U+0631 (ARABIC LETTER REH)
ﴎ	سر	U+FD0E (ARABIC LIGATURE SEEN WITH REH ISOLATED FORM) -> U+0633 (ARABIC LETTER SEEN) U+0631 (ARABIC LETTER REH)
ﴏ	صر	U+FD0F (ARABIC LIGATURE SAD WITH REH ISOLATED FORM) -> U+0635 (ARABIC LETTER SAD) U+0631 (ARABIC LETTER REH)
ﴐ	ضر	U+FD10 (ARABIC LIGATURE DAD WITH REH ISOLATED FORM) -> U+0636 (ARABIC LETTER DAD) U+0631 (ARABIC LETTER REH)
ﴑ	طى	U+FD11 (ARABIC LIGATURE TAH WITH ALEF MAKSURA FINAL FORM) -> U+0637 (ARABIC LETTER TAH) U+0649 (ARABIC LETTER ALEF MAKSURA)
ﴒ	طي	U+FD12 (ARABIC LIGATURE TAH WITH YEH FINAL FORM) -> U+0637 (ARABIC LETTER TAH) U+064A (ARABIC LETTER YEH)
ﴓ	عى	U+FD13 (ARABIC LIGATURE AIN WITH ALEF MAKSURA FINAL FORM) -> U+0639 (ARABIC LETTER AIN) U+0649 (ARABIC LETTER ALEF MAKSURA)
ﴔ	عي	U+FD14 (ARABIC LIGATURE AIN WITH YEH FINAL FORM) -> U+0639 (ARABIC LETTER AIN) U+064A (ARABIC LETTER YEH)
ﴕ	غى	U+FD15 (ARABIC LIGATURE GHAIN WITH ALEF MAKSURA FINAL FORM) -> U+063A (ARABIC LETTER GHAIN) U+0649 (ARABIC LETTER ALEF MAKSURA)
ﴖ	غي	U+FD16 (ARABIC LIGATURE GHAIN WITH YEH FINAL FORM) -> U+063A (ARABIC LETTER GHAIN) U+064A (ARABIC LETTER YEH)
ﴗ	سى	U+FD17 (ARABIC LIGATURE SEEN WITH ALEF MAKSURA FINAL FORM) -> U+0633 (ARABIC LETTER SEEN) U+0649 (ARABIC LETTER ALEF MAKSURA)
ﴘ	سي	U+FD18 (ARABIC LIGATURE SEEN WITH YEH FINAL FORM) -> U+0633 (ARABIC LETTER SEEN) U+064A (ARABIC LETTER YEH)
ﴙ	شى	U+FD19 (ARABIC LIGATURE SHEEN WITH ALEF MAKSURA FINAL FORM) -> U+0634 (ARABIC LETTER SHEEN) U+0649 (ARABIC LETTER ALEF MAKSURA)
ﴚ	شي	U+FD1A (ARABIC LIGATURE SHEEN WITH YEH FINAL FORM) -> U+0634 (ARABIC LETTER SHEEN) U+064A (ARABIC LETTER YEH)
ﴛ	حى	U+FD1B (ARABIC LIGATURE HAH WITH ALEF MAKSURA FINAL FORM) -> U+062D (ARABIC LETTER HAH) U+0649 (ARABIC LETTER ALEF MAKSURA)
ﴜ	حي	U+FD1C (ARABIC LIGATURE HAH WITH YEH FINAL FORM) -> U+062D (ARABIC LETTER HAH) U+064A (ARABIC LETTER YEH)
ﴝ	جى	U+FD1D (ARABIC LIGATURE JEEM WITH ALEF MAKSURA FINAL FORM) -> U+062C (ARABIC LETTER JEEM) U+0649 (ARABIC LETTER ALEF MAKSURA)
ﴞ	جي	U+FD1E (ARABIC LIGATURE JEEM WITH YEH FINAL FORM) -> U+062C (ARABIC LETTER JEEM) U+064A (ARABIC LETTER YEH)
ﴟ	خى	U+FD1F (ARABIC LIGATURE KHAH WITH ALEF MAKSURA FINAL FORM) -> U+062E (ARABIC LETTER KHAH) U+0649 (ARABIC LETTER ALEF MAKSURA)
ﴠ	خي	U+FD20 (ARABIC LIGATURE KHAH WITH YEH FINAL FORM) -> U+062E (ARABIC LETTER KHAH) U+064A (ARABIC LETTER YEH)
ﴡ	صى	U+FD21 (ARABIC LIGATURE SAD WITH ALEF MAKSURA FINAL FORM) -> U+0635 (ARABIC LETTER SAD) U+0649 (ARABIC LETTER ALEF MAKSURA)
ﴢ	صي	U+FD22 (ARABIC LIGATURE SAD WITH YEH FINAL FORM) -> U+0635 (ARABIC LETTER SAD) U+064A (ARABIC LETTER YEH)
ﴣ	ضى	U+FD23 (ARABIC LIGATURE DAD WITH ALEF MAKSURA FINAL FORM) -> U+0636 (ARABIC LETTER DAD) U+0649 (ARABIC LETTER ALEF MAKSURA)
ﴤ	ضي	U+FD24 (ARABIC LIGATURE DAD WITH YEH FINAL FORM) -> U+0636 (ARABIC LETTER DAD) U+064A (ARABIC LETTER YEH)
ﴥ	شج	U+FD25 (ARABIC LIGATURE SHEEN WITH JEEM FINAL FORM) -> U+0634 (ARABIC LETTER SHEEN) U+062C (ARABIC LETTER JEEM)
ﴦ	شح	U+FD26 (ARABIC LIGATURE SHEEN WITH HAH FINAL FORM) -> U+0634 (ARABIC LETTER SHEEN) U+062D (ARABIC LETTER HAH)
ﴧ	شخ	U+FD27 (ARABIC LIGATURE SHEEN WITH KHAH FINAL FORM) -> U+0634 (ARABIC LETTER SHEEN) U+062E (ARABIC LETTER KHAH)
ﴨ	شم	U+FD28 (ARABIC LIGATURE SHEEN WITH MEEM FINAL FORM) -> U+0634 (ARABIC LETTER SHEEN) U+0645 (ARABIC LETTER MEEM)
ﴩ	شر	U+FD29 (ARABIC LIGATURE SHEEN WITH REH FINAL FORM) -> U+0634 (ARABIC LETTER SHEEN) U+0631 (ARABIC LETTER REH)
ﴪ	سر	U+FD2A (ARABIC LIGATURE SEEN WITH REH FINAL FORM) -> U+0633 (ARABIC LETTER SEEN) U+0631 (ARABIC LETTER REH)
ﴫ	صر	U+FD2B (ARABIC LIGATURE SAD WITH REH FINAL FORM) -> U+0635 (ARABIC LETTER SAD) U+0631 (ARABIC LETTER REH)
ﴬ	ضر	U+FD2C (ARABIC LIGATURE DAD WITH REH FINAL FORM) -> U+0636 (ARABIC LETTER DAD) U+0631 (ARABIC LETTER REH)
ﴭ	شج	U+FD2D (ARABIC LIGATURE SHEEN WITH JEEM INITIAL FORM) -> U+0634 (ARABIC LETTER SHEEN) U+062C (ARABIC LETTER JEEM)
ﴮ	شح	U+FD2E (ARABIC LIGATURE SHEEN WITH HAH INITIAL FORM) -> U+0634 (ARABIC LETTER SHEEN) U+062D (ARABIC LETTER HAH)
ﴯ	شخ	U+FD2F (ARABIC LIGATURE SHEEN WITH KHAH INITIAL FORM) -> U+0634 (ARABIC LETTER SHEEN) U+062E (ARABIC LETTER KHAH)
ﴰ	شم	U+FD30 (ARABIC LIGATURE SHEEN WITH MEEM INITIAL FORM) -> U+0634 (ARABIC LETTER SHEEN) U+0645 (ARABIC LETTER MEEM)
ﴱ	سه	U+FD31 (ARABIC LIGATURE SEEN WITH HEH INITIAL FORM) -> U+0633 (ARABIC LETTER SEEN) U+0647 (ARABIC LETTER HEH)
ﴲ	شه	U+FD32 (ARABIC LIGATURE SHEEN WITH HEH INITIAL FORM) -> U+0634 (ARABIC LETTER SHEEN) U+0647 (ARABIC LETTER HEH)
ﴳ	طم	U+FD33 (ARABIC LIGATURE TAH WITH MEEM INITIAL FORM) -> U+0637 (ARABIC LETTER TAH) U+0645 (ARABIC LETTER MEEM)
ﴴ	سج	U+FD34 (ARABIC LIGATURE SEEN WITH JEEM MEDIAL FORM) -> U+0633 (ARABIC LETTER SEEN) U+062C (ARABIC LETTER JEEM)
ﴵ	سح	U+FD35 (ARABIC LIGATURE SEEN WITH HAH MEDIAL FORM) -> U+0633 (ARABIC LETTER SEEN) U+062D (ARABIC LETTER HAH)
ﴶ	سخ	U+FD36 (ARABIC LIGATURE SEEN WITH KHAH MEDIAL FORM) -> U+0633 (ARABIC LETTER SEEN) U+062E (ARABIC LETTER KHAH)
ﴷ	شج	U+FD37 (ARABIC LIGATURE SHEEN WITH JEEM MEDIAL FORM) -> U+0634 (ARABIC LETTER SHEEN) U+062C (ARABIC LETTER JEEM)
ﴸ	شح	U+FD38 (ARABIC LIGATURE SHEEN WITH HAH MEDIAL FORM) -> U+0634 (ARABIC LETTER SHEEN) U+062D (ARABIC LETTER HAH)
ﴹ	شخ	U+FD39 (ARABIC LIGATURE SHEEN WITH KHAH MEDIAL FORM) -> U+0634 (ARABIC LETTER SHEEN) U+062E (ARABIC LETTER KHAH)
ﴺ	طم	U+FD3A (ARABIC LIGATURE TAH WITH MEEM MEDIAL FORM) -> U+0637 (ARABIC LETTER TAH) U+0645 (ARABIC LETTER MEEM)
ﴻ	ظم	U+FD3B (ARABIC LIGATURE ZAH WITH MEEM MEDIAL FORM) -> U+0638 (ARABIC LETTER ZAH) U+0645 (ARABIC LETTER MEEM)
ﴼ	ا	U+FD3C (ARABIC LIGATURE ALEF WITH FATHATAN FINAL FORM) -> U+0627 (ARABIC LETTER ALEF)   NFKC-ref: اً
ﴽ	ا	U+FD3D (ARABIC LIGATURE ALEF WITH FATHATAN ISOLATED FORM) -> U+0627 (ARABIC LETTER ALEF)   NFKC-ref: اً
ﵐ	تجم	U+FD50 (ARABIC LIGATURE TEH WITH JEEM WITH MEEM INITIAL FORM) -> U+062A (ARABIC LETTER TEH) U+062C (ARABIC LETTER JEEM) U+0645 (ARABIC LETTER MEEM)
ﵑ	تحج	U+FD51 (ARABIC LIGATURE TEH WITH HAH WITH JEEM FINAL FORM) -> U+062A (ARABIC LETTER TEH) U+062D (ARABIC LETTER HAH) U+062C (ARABIC LETTER JEEM)
ﵒ	تحج	U+FD52 (ARABIC LIGATURE TEH WITH HAH WITH JEEM INITIAL FORM) -> U+062A (ARABIC LETTER TEH) U+062D (ARABIC LETTER HAH) U+062C (ARABIC LETTER JEEM)
ﵓ	تحم	U+FD53 (ARABIC LIGATURE TEH WITH HAH WITH MEEM INITIAL FORM) -> U+062A (ARABIC LETTER TEH) U+062D (ARABIC LETTER HAH) U+0645 (ARABIC LETTER MEEM)
ﵔ	تخم	U+FD54 (ARABIC LIGATURE TEH WITH KHAH WITH MEEM INITIAL FORM) -> U+062A (ARABIC LETTER TEH) U+062E (ARABIC LETTER KHAH) U+0645 (ARABIC LETTER MEEM)
ﵕ	تمج	U+FD55 (ARABIC LIGATURE TEH WITH MEEM WITH JEEM INITIAL FORM) -> U+062A (ARABIC LETTER TEH) U+0645 (ARABIC LETTER MEEM) U+062C (ARABIC LETTER JEEM)
ﵖ	تمح	U+FD56 (ARABIC LIGATURE TEH WITH MEEM WITH HAH INITIAL FORM) -> U+062A (ARABIC LETTER TEH) U+0645 (ARABIC LETTER MEEM) U+062D (ARABIC LETTER HAH)
ﵗ	تمخ	U+FD57 (ARABIC LIGATURE TEH WITH MEEM WITH KHAH INITIAL FORM) -> U+062A (ARABIC LETTER TEH) U+0645 (ARABIC LETTER MEEM) U+062E (ARABIC LETTER KHAH)
ﵘ	جمح	U+FD58 (ARABIC LIGATURE JEEM WITH MEEM WITH HAH FINAL FORM) -> U+062C (ARABIC LETTER JEEM) U+0645 (ARABIC LETTER MEEM) U+062D (ARABIC LETTER HAH)
ﵙ	جمح	U+FD59 (ARABIC LIGATURE JEEM WITH MEEM WITH HAH INITIAL FORM) -> U+062C (ARABIC LETTER JEEM) U+0645 (ARABIC LETTER MEEM) U+062D (ARABIC LETTER HAH)
ﵚ	حمي	U+FD5A (ARABIC LIGATURE HAH WITH MEEM WITH YEH FINAL FORM) -> U+062D (ARABIC LETTER HAH) U+0645 (ARABIC LETTER MEEM) U+064A (ARABIC LETTER YEH)
ﵛ	حمى	U+FD5B (ARABIC LIGATURE HAH WITH MEEM WITH ALEF MAKSURA FINAL FORM) -> U+062D (ARABIC LETTER HAH) U+0645 (ARABIC LETTER MEEM) U+0649 (ARABIC LETTER ALEF MAKSURA)
ﵜ	سحج	U+FD5C (ARABIC LIGATURE SEEN WITH HAH WITH JEEM INITIAL FORM) -> U+0633 (ARABIC LETTER SEEN) U+062D (ARABIC LETTER HAH) U+062C (ARABIC LETTER JEEM)
ﵝ	سجح	U+FD5D (ARABIC LIGATURE SEEN WITH JEEM WITH HAH INITIAL FORM) -> U+0633 (ARABIC LETTER SEEN) U+062C (ARABIC LETTER JEEM) U+062D (ARABIC LETTER HAH)
ﵞ	سجى	U+FD5E (ARABIC LIGATURE SEEN WITH JEEM WITH ALEF MAKSURA FINAL FORM) -> U+0633 (ARABIC LETTER SEEN) U+062C (ARABIC LETTER JEEM) U+0649 (ARABIC LETTER ALEF MAKSURA)
ﵟ	سمح	U+FD5F (ARABIC LIGATURE SEEN WITH MEEM WITH HAH FINAL FORM) -> U+0633 (ARABIC LETTER SEEN) U+0645 (ARABIC LETTER MEEM) U+062D (ARABIC LETTER HAH)
ﵠ	سمح	U+FD60 (ARABIC LIGATURE SEEN WITH MEEM WITH HAH INITIAL FORM) -> U+0633 (ARABIC LETTER SEEN) U+0645 (ARABIC LETTER MEEM) U+062D (ARABIC LETTER HAH)
ﵡ	سمج	U+FD61 (ARABIC LIGATURE SEEN WITH MEEM WITH JEEM INITIAL FORM) -> U+0633 (ARABIC LETTER SEEN) U+0645 (ARABIC LETTER MEEM) U+062C (ARABIC LETTER JEEM)
ﵢ	سمم	U+FD62 (ARABIC LIGATURE SEEN WITH MEEM WITH MEEM FINAL FORM) -> U+0633 (ARABIC LETTER SEEN) U+0645 (ARABIC LETTER MEEM) U+0645 (ARABIC LETTER MEEM)
ﵣ	سمم	U+FD63 (ARABIC LIGATURE SEEN WITH MEEM WITH MEEM INITIAL FORM) -> U+0633 (ARABIC LETTER SEEN) U+0645 (ARABIC LETTER MEEM) U+0645 (ARABIC LETTER MEEM)
ﵤ	صحح	U+FD64 (ARABIC LIGATURE SAD WITH HAH WITH HAH FINAL FORM) -> U+0635 (ARABIC LETTER SAD) U+062D (ARABIC LETTER HAH) U+062D (ARABIC LETTER HAH)
ﵥ	صحح	U+FD65 (ARABIC LIGATURE SAD WITH HAH WITH HAH INITIAL FORM) -> U+0635 (ARABIC LETTER SAD) U+062D (ARABIC LETTER HAH) U+062D (ARABIC LETTER HAH)
ﵦ	صمم	U+FD66 (ARABIC LIGATURE SAD WITH MEEM WITH MEEM FINAL FORM) -> U+0635 (ARABIC LETTER SAD) U+0645 (ARABIC LETTER MEEM) U+0645 (ARABIC LETTER MEEM)
ﵧ	شحم	U+FD67 (ARABIC LIGATURE SHEEN WITH HAH WITH MEEM FINAL FORM) -> U+0634 (ARABIC LETTER SHEEN) U+062D (ARABIC LETTER HAH) U+0645 (ARABIC LETTER MEEM)
ﵨ	شحم	U+FD68 (ARABIC LIGATURE SHEEN WITH HAH WITH MEEM INITIAL FORM) -> U+0634 (ARABIC LETTER SHEEN) U+062D (ARABIC LETTER HAH) U+0645 (ARABIC LETTER MEEM)
ﵩ	شجي	U+FD69 (ARABIC LIGATURE SHEEN WITH JEEM WITH YEH FINAL FORM) -> U+0634 (ARABIC LETTER SHEEN) U+062C (ARABIC LETTER JEEM) U+064A (ARABIC LETTER YEH)
ﵪ	شمخ	U+FD6A (ARABIC LIGATURE SHEEN WITH MEEM WITH KHAH FINAL FORM) -> U+0634 (ARABIC LETTER SHEEN) U+0645 (ARABIC LETTER MEEM) U+062E (ARABIC LETTER KHAH)
ﵫ	شمخ	U+FD6B (ARABIC LIGATURE SHEEN WITH MEEM WITH KHAH INITIAL FORM) -> U+0634 (ARABIC LETTER SHEEN) U+0645 (ARABIC LETTER MEEM) U+062E (ARABIC LETTER KHAH)
ﵬ	شمم	U+FD6C (ARABIC LIGATURE SHEEN WITH MEEM WITH MEEM FINAL FORM) -> U+0634 (ARABIC LETTER SHEEN) U+0645 (ARABIC LETTER MEEM) U+0645 (ARABIC LETTER MEEM)
ﵭ	شمم	U+FD6D (ARABIC LIGATURE SHEEN WITH MEEM WITH MEEM INITIAL FORM) -> U+0634 (ARABIC LETTER SHEEN) U+0645 (ARABIC LETTER MEEM) U+0645 (ARABIC LETTER MEEM)
ﵮ	ضحى	U+FD6E (ARABIC LIGATURE DAD WITH HAH WITH ALEF MAKSURA FINAL FORM) -> U+0636 (ARABIC LETTER DAD) U+062D (ARABIC LETTER HAH) U+0649 (ARABIC LETTER ALEF MAKSURA)
ﵯ	ضخم	U+FD6F (ARABIC LIGATURE DAD WITH KHAH WITH MEEM FINAL FORM) -> U+0636 (ARABIC LETTER DAD) U+062E (ARABIC LETTER KHAH) U+0645 (ARABIC LETTER MEEM)
ﵰ	ضخم	U+FD70 (ARABIC LIGATURE DAD WITH KHAH WITH MEEM INITIAL FORM) -> U+0636 (ARABIC LETTER DAD) U+062E (ARABIC LETTER KHAH) U+0645 (ARABIC LETTER MEEM)
ﵱ	طمح	U+FD71 (ARABIC LIGATURE TAH WITH MEEM WITH HAH FINAL FORM) -> U+0637 (ARABIC LETTER TAH) U+0645 (ARABIC LETTER MEEM) U+062D (ARABIC LETTER HAH)
ﵲ	طمح	U+FD72 (ARABIC LIGATURE TAH WITH MEEM WITH HAH INITIAL FORM) -> U+0637 (ARABIC LETTER TAH) U+0645 (ARABIC LETTER MEEM) U+062D (ARABIC LETTER HAH)
ﵳ	طمم	U+FD73 (ARABIC LIGATURE TAH WITH MEEM WITH MEEM INITIAL FORM) -> U+0637 (ARABIC LETTER TAH) U+0645 (ARABIC LETTER MEEM) U+0645 (ARABIC LETTER MEEM)
ﵴ	طمي	U+FD74 (ARABIC LIGATURE TAH WITH MEEM WITH YEH FINAL FORM) -> U+0637 (ARABIC LETTER TAH) U+0645 (ARABIC LETTER MEEM) U+064A (ARABIC LETTER YEH)
ﵵ	عجم	U+FD75 (ARABIC LIGATURE AIN WITH JEEM WITH MEEM FINAL FORM) -> U+0639 (ARABIC LETTER AIN) U+062C (ARABIC LETTER JEEM) U+0645 (ARABIC LETTER MEEM)
ﵶ	عمم	U+FD76 (ARABIC LIGATURE AIN WITH MEEM WITH MEEM FINAL FORM) -> U+0639 (ARABIC LETTER AIN) U+0645 (ARABIC LETTER MEEM) U+0645 (ARABIC LETTER MEEM)
ﵷ	عمم	U+FD77 (ARABIC LIGATURE AIN WITH MEEM WITH MEEM INITIAL FORM) -> U+0639 (ARABIC LETTER AIN) U+0645 (ARABIC LETTER MEEM) U+0645 (ARABIC LETTER MEEM)
ﵸ	عمى	U+FD78 (ARABIC LIGATURE AIN WITH MEEM WITH ALEF MAKSURA FINAL FORM) -> U+0639 (ARABIC LETTER AIN) U+0645 (ARABIC LETTER MEEM) U+0649 (ARABIC LETTER ALEF MAKSURA)
ﵹ	غمم	U+FD79 (ARABIC LIGATURE GHAIN WITH MEEM WITH MEEM FINAL FORM) -> U+063A (ARABIC LETTER GHAIN) U+0645 (ARABIC LETTER MEEM) U+0645 (ARABIC LETTER MEEM)
ﵺ	غمي	U+FD7A (ARABIC LIGATURE GHAIN WITH MEEM WITH YEH FINAL FORM) -> U+063A (ARABIC LETTER GHAIN) U+0645 (ARABIC LETTER MEEM) U+064A (ARABIC LETTER YEH)
ﵻ	غمى	U+FD7B (ARABIC LIGATURE GHAIN WITH MEEM WITH ALEF MAKSURA FINAL FORM) -> U+063A (ARABIC LETTER GHAIN) U+0645 (ARABIC LETTER MEEM) U+0649 (ARABIC LETTER ALEF MAKSURA)
ﵼ	فخم	U+FD7C (ARABIC LIGATURE FEH WITH KHAH WITH MEEM FINAL FORM) -> U+0641 (ARABIC LETTER FEH) U+062E (ARABIC LETTER KHAH) U+0645 (ARABIC LETTER MEEM)
ﵽ	فخم	U+FD7D (ARABIC LIGATURE FEH WITH KHAH WITH MEEM INITIAL FORM) -> U+0641 (ARABIC LETTER FEH) U+062E (ARABIC LETTER KHAH) U+0645 (ARABIC LETTER MEEM)
ﵾ	قمح	U+FD7E (ARABIC LIGATURE QAF WITH MEEM WITH HAH FINAL FORM) -> U+0642 (ARABIC LETTER QAF) U+0645 (ARABIC LETTER MEEM) U+062D (ARABIC LETTER HAH)
ﵿ	قمم	U+FD7F (ARABIC LIGATURE QAF WITH MEEM WITH MEEM FINAL FORM) -> U+0642 (ARABIC LETTER QAF) U+0645 (ARABIC LETTER MEEM) U+0645 (ARABIC LETTER MEEM)
ﶀ	لحم	U+FD80 (ARABIC LIGATURE LAM WITH HAH WITH MEEM FINAL FORM) -> U+0644 (ARABIC LETTER LAM) U+062D (ARABIC LETTER HAH) U+0645 (ARABIC LETTER MEEM)
ﶁ	لحي	U+FD81 (ARABIC LIGATURE LAM WITH HAH WITH YEH FINAL FORM) -> U+0644 (ARABIC LETTER LAM) U+062D (ARABIC LETTER HAH) U+064A (ARABIC LETTER YEH)
ﶂ	لحى	U+FD82 (ARABIC LIGATURE LAM WITH HAH WITH ALEF MAKSURA FINAL FORM) -> U+0644 (ARABIC LETTER LAM) U+062D (ARABIC LETTER HAH) U+0649 (ARABIC LETTER ALEF MAKSURA)
ﶃ	لجج	U+FD83 (ARABIC LIGATURE LAM WITH JEEM WITH JEEM INITIAL FORM) -> U+0644 (ARABIC LETTER LAM) U+062C (ARABIC LETTER JEEM) U+062C (ARABIC LETTER JEEM)
ﶄ	لجج	U+FD84 (ARABIC LIGATURE LAM WITH JEEM WITH JEEM FINAL FORM) -> U+0644 (ARABIC LETTER LAM) U+062C (ARABIC LETTER JEEM) U+062C (ARABIC LETTER JEEM)
ﶅ	لخم	U+FD85 (ARABIC LIGATURE LAM WITH KHAH WITH MEEM FINAL FORM) -> U+0644 (ARABIC LETTER LAM) U+062E (ARABIC LETTER KHAH) U+0645 (ARABIC LETTER MEEM)
ﶆ	لخم	U+FD86 (ARABIC LIGATURE LAM WITH KHAH WITH MEEM INITIAL FORM) -> U+0644 (ARABIC LETTER LAM) U+062E (ARABIC LETTER KHAH) U+0645 (ARABIC LETTER MEEM)
ﶇ	لمح	U+FD87 (ARABIC LIGATURE LAM WITH MEEM WITH HAH FINAL FORM) -> U+0644 (ARABIC LETTER LAM) U+0645 (ARABIC LETTER MEEM) U+062D (ARABIC LETTER HAH)
ﶈ	لمح	U+FD88 (ARABIC LIGATURE LAM WITH MEEM WITH HAH INITIAL FORM) -> U+0644 (ARABIC LETTER LAM) U+0645 (ARABIC LETTER MEEM) U+062D (ARABIC LETTER HAH)
ﶉ	محج	U+FD89 (ARABIC LIGATURE MEEM WITH HAH WITH JEEM INITIAL FORM) -> U+0645 (ARABIC LETTER MEEM) U+062D (ARABIC LETTER HAH) U+062C (ARABIC LETTER JEEM)
ﶊ	محم	U+FD8A (ARABIC LIGATURE MEEM WITH HAH WITH MEEM INITIAL FORM) -> U+0645 (ARABIC LETTER MEEM) U+062D (ARABIC LETTER HAH) U+0645 (ARABIC LETTER MEEM)
ﶋ	محي	U+FD8B (ARABIC LIGATURE MEEM WITH HAH WITH YEH FINAL FORM) -> U+0645 (ARABIC LETTER MEEM) U+062D (ARABIC LETTER HAH) U+064A (ARABIC LETTER YEH)
ﶌ	مجح	U+FD8C (ARABIC LIGATURE MEEM WITH JEEM WITH HAH INITIAL FORM) -> U+0645 (ARABIC LETTER MEEM) U+062C (ARABIC LETTER JEEM) U+062D (ARABIC LETTER HAH)
ﶍ	مجم	U+FD8D (ARABIC LIGATURE MEEM WITH JEEM WITH MEEM INITIAL FORM) -> U+0645 (ARABIC LETTER MEEM) U+062C (ARABIC LETTER JEEM) U+0645 (ARABIC LETTER MEEM)
ﶎ	مخج	U+FD8E (ARABIC LIGATURE MEEM WITH KHAH WITH JEEM INITIAL FORM) -> U+0645 (ARABIC LETTER MEEM) U+062E (ARABIC LETTER KHAH) U+062C (ARABIC LETTER JEEM)
ﶏ	مخم	U+FD8F (ARABIC LIGATURE MEEM WITH KHAH WITH MEEM INITIAL FORM) -> U+0645 (ARABIC LETTER MEEM) U+062E (ARABIC LETTER KHAH) U+0645 (ARABIC LETTER MEEM)
ﶒ	مجخ	U+FD92 (ARABIC LIGATURE MEEM WITH JEEM WITH KHAH INITIAL FORM) -> U+0645 (ARABIC LETTER MEEM) U+062C (ARABIC LETTER JEEM) U+062E (ARABIC LETTER KHAH)
ﶓ	همج	U+FD93 (ARABIC LIGATURE HEH WITH MEEM WITH JEEM INITIAL FORM) -> U+0647 (ARABIC LETTER HEH) U+0645 (ARABIC LETTER MEEM) U+062C (ARABIC LETTER JEEM)
ﶔ	همم	U+FD94 (ARABIC LIGATURE HEH WITH MEEM WITH MEEM INITIAL FORM) -> U+0647 (ARABIC LETTER HEH) U+0645 (ARABIC LETTER MEEM) U+0645 (ARABIC LETTER MEEM)
ﶕ	نحم	U+FD95 (ARABIC LIGATURE NOON WITH HAH WITH MEEM INITIAL FORM) -> U+0646 (ARABIC LETTER NOON) U+062D (ARABIC LETTER HAH) U+0645 (ARABIC LETTER MEEM)
ﶖ	نحى	U+FD96 (ARABIC LIGATURE NOON WITH HAH WITH ALEF MAKSURA FINAL FORM) -> U+0646 (ARABIC LETTER NOON) U+062D (ARABIC LETTER HAH) U+0649 (ARABIC LETTER ALEF MAKSURA)
ﶗ	نجم	U+FD97 (ARABIC LIGATURE NOON WITH JEEM WITH MEEM FINAL FORM) -> U+0646 (ARABIC LETTER NOON) U+062C (ARABIC LETTER JEEM) U+0645 (ARABIC LETTER MEEM)
ﶘ	نجم	U+FD98 (ARABIC LIGATURE NOON WITH JEEM WITH MEEM INITIAL FORM) -> U+0646 (ARABIC LETTER NOON) U+062C (ARABIC LETTER JEEM) U+0645 (ARABIC LETTER MEEM)
ﶙ	نجى	U+FD99 (ARABIC LIGATURE NOON WITH JEEM WITH ALEF MAKSURA FINAL FORM) -> U+0646 (ARABIC LETTER NOON) U+062C (ARABIC LETTER JEEM) U+0649 (ARABIC LETTER ALEF MAKSURA)
ﶚ	نمي	U+FD9A (ARABIC LIGATURE NOON WITH MEEM WITH YEH FINAL FORM) -> U+0646 (ARABIC LETTER NOON) U+0645 (ARABIC LETTER MEEM) U+064A (ARABIC LETTER YEH)
ﶛ	نمى	U+FD9B (ARABIC LIGATURE NOON WITH MEEM WITH ALEF MAKSURA FINAL FORM) -> U+0646 (ARABIC LETTER NOON) U+0645 (ARABIC LETTER MEEM) U+0649 (ARABIC LETTER ALEF MAKSURA)
ﶜ	يمم	U+FD9C (ARABIC LIGATURE YEH WITH MEEM WITH MEEM FINAL FORM) -> U+064A (ARABIC LETTER YEH) U+0645 (ARABIC LETTER MEEM) U+0645 (ARABIC LETTER MEEM)
ﶝ	يمم	U+FD9D (ARABIC LIGATURE YEH WITH MEEM WITH MEEM INITIAL FORM) -> U+064A (ARABIC LETTER YEH) U+0645 (ARABIC LETTER MEEM) U+0645 (ARABIC LETTER MEEM)
ﶞ	بخي	U+FD9E (ARABIC LIGATURE BEH WITH KHAH WITH YEH FINAL FORM) -> U+0628 (ARABIC LETTER BEH) U+062E (ARABIC LETTER KHAH) U+064A (ARABIC LETTER YEH)
ﶟ	تجي	U+FD9F (ARABIC LIGATURE TEH WITH JEEM WITH YEH FINAL FORM) -> U+062A (ARABIC LETTER TEH) U+062C (ARABIC LETTER JEEM) U+064A (ARABIC LETTER YEH)
ﶠ	تجى	U+FDA0 (ARABIC LIGATURE TEH WITH JEEM WITH ALEF MAKSURA FINAL FORM) -> U+062A (ARABIC LETTER TEH) U+062C (ARABIC LETTER JEEM) U+0649 (ARABIC LETTER ALEF MAKSURA)
ﶡ	تخي	U+FDA1 (ARABIC LIGATURE TEH WITH KHAH WITH YEH FINAL FORM) -> U+062A (ARABIC LETTER TEH) U+062E (ARABIC LETTER KHAH) U+064A (ARABIC LETTER YEH)
ﶢ	تخى	U+FDA2 (ARABIC LIGATURE TEH WITH KHAH WITH ALEF MAKSURA FINAL FORM) -> U+062A (ARABIC LETTER TEH) U+062E (ARABIC LETTER KHAH) U+0649 (ARABIC LETTER ALEF MAKSURA)
ﶣ	تمي	U+FDA3 (ARABIC LIGATURE TEH WITH MEEM WITH YEH FINAL FORM) -> U+062A (ARABIC LETTER TEH) U+0645 (ARABIC LETTER MEEM) U+064A (ARABIC LETTER YEH)
ﶤ	تمى	U+FDA4 (ARABIC LIGATURE TEH WITH MEEM WITH ALEF MAKSURA FINAL FORM) -> U+062A (ARABIC LETTER TEH) U+0645 (ARABIC LETTER MEEM) U+0649 (ARABIC LETTER ALEF MAKSURA)
ﶥ	جمي	U+FDA5 (ARABIC LIGATURE JEEM WITH MEEM WITH YEH FINAL FORM) -> U+062C (ARABIC LETTER JEEM) U+0645 (ARABIC LETTER MEEM) U+064A (ARABIC LETTER YEH)
ﶦ	جحى	U+FDA6 (ARABIC LIGATURE JEEM WITH HAH WITH ALEF MAKSURA FINAL FORM) -> U+062C (ARABIC LETTER JEEM) U+062D (ARABIC LETTER HAH) U+0649 (ARABIC LETTER ALEF MAKSURA)
ﶧ	جمى	U+FDA7 (ARABIC LIGATURE JEEM WITH MEEM WITH ALEF MAKSURA FINAL FORM) -> U+062C (ARABIC LETTER JEEM) U+0645 (ARABIC LETTER MEEM) U+0649 (ARABIC LETTER ALEF MAKSURA)
ﶨ	سخى	U+FDA8 (ARABIC LIGATURE SEEN WITH KHAH WITH ALEF MAKSURA FINAL FORM) -> U+0633 (ARABIC LETTER SEEN) U+062E (ARABIC LETTER KHAH) U+0649 (ARABIC LETTER ALEF MAKSURA)
ﶩ	صحي	U+FDA9 (ARABIC LIGATURE SAD WITH HAH WITH YEH FINAL FORM) -> U+0635 (ARABIC LETTER SAD) U+062D (ARABIC LETTER HAH) U+064A (ARABIC LETTER YEH)
ﶪ	شحي	U+FDAA (ARABIC LIGATURE SHEEN WITH HAH WITH YEH FINAL FORM) -> U+0634 (ARABIC LETTER SHEEN) U+062D (ARABIC LETTER HAH) U+064A (ARABIC LETTER YEH)
ﶫ	ضحي	U+FDAB (ARABIC LIGATURE DAD WITH HAH WITH YEH FINAL FORM) -> U+0636 (ARABIC LETTER DAD) U+062D (ARABIC LETTER HAH) U+064A (ARABIC LETTER YEH)
ﶬ	لجي	U+FDAC (ARABIC LIGATURE LAM WITH JEEM WITH YEH FINAL FORM) -> U+0644 (ARABIC LETTER LAM) U+062C (ARABIC LETTER JEEM) U+064A (ARABIC LETTER YEH)
ﶭ	لمي	U+FDAD (ARABIC LIGATURE LAM WITH MEEM WITH YEH FINAL FORM) -> U+0644 (ARABIC LETTER LAM) U+0645 (ARABIC LETTER MEEM) U+064A (ARABIC LETTER YEH)
ﶮ	يحي	U+FDAE (ARABIC LIGATURE YEH WITH HAH WITH YEH FINAL FORM) -> U+064A (ARABIC LETTER YEH) U+062D (ARABIC LETTER HAH) U+064A (ARABIC LETTER YEH)
ﶯ	يجي	U+FDAF (ARABIC LIGATURE YEH WITH JEEM WITH YEH FINAL FORM) -> U+064A (ARABIC LETTER YEH) U+062C (ARABIC LETTER JEEM) U+064A (ARABIC LETTER YEH)
ﶰ	يمي	U+FDB0 (ARABIC LIGATURE YEH WITH MEEM WITH YEH FINAL FORM) -> U+064A (ARABIC LETTER YEH) U+0645 (ARABIC LETTER MEEM) U+064A (ARABIC LETTER YEH)
ﶱ	ممي	U+FDB1 (ARABIC LIGATURE MEEM WITH MEEM WITH YEH FINAL FORM) -> U+0645 (ARABIC LETTER MEEM) U+0645 (ARABIC LETTER MEEM) U+064A (ARABIC LETTER YEH)
ﶲ	قمي	U+FDB2 (ARABIC LIGATURE QAF WITH MEEM WITH YEH FINAL FORM) -> U+0642 (ARABIC LETTER QAF) U+0645 (ARABIC LETTER MEEM) U+064A (ARABIC LETTER YEH)
ﶳ	نحي	U+FDB3 (ARABIC LIGATURE NOON WITH HAH WITH YEH FINAL FORM) -> U+0646 (ARABIC LETTER NOON) U+062D (ARABIC LETTER HAH) U+064A (ARABIC LETTER YEH)
ﶴ	قمح	U+FDB4 (ARABIC LIGATURE QAF WITH MEEM WITH HAH INITIAL FORM) -> U+0642 (ARABIC LETTER QAF) U+0645 (ARABIC LETTER MEEM) U+062D (ARABIC LETTER HAH)
ﶵ	لحم	U+FDB5 (ARABIC LIGATURE LAM WITH HAH WITH MEEM INITIAL FORM) -> U+0644 (ARABIC LETTER LAM) U+062D (ARABIC LETTER HAH) U+0645 (ARABIC LETTER MEEM)
ﶶ	عمي	U+FDB6 (ARABIC LIGATURE AIN WITH MEEM WITH YEH FINAL FORM) -> U+0639 (ARABIC LETTER AIN) U+0645 (ARABIC LETTER MEEM) U+064A (ARABIC LETTER YEH)
ﶷ	كمي	U+FDB7 (ARABIC LIGATURE KAF WITH MEEM WITH YEH FINAL FORM) -> U+0643 (ARABIC LETTER KAF) U+0645 (ARABIC LETTER MEEM) U+064A (ARABIC LETTER YEH)
ﶸ	نجح	U+FDB8 (ARABIC LIGATURE NOON WITH JEEM WITH HAH INITIAL FORM) -> U+0646 (ARABIC LETTER NOON) U+062C (ARABIC LETTER JEEM) U+062D (ARABIC LETTER HAH)
ﶹ	مخي	U+FDB9 (ARABIC LIGATURE MEEM WITH KHAH WITH YEH FINAL FORM) -> U+0645 (ARABIC LETTER MEEM) U+062E (ARABIC LETTER KHAH) U+064A (ARABIC LETTER YEH)
ﶺ	لجم	U+FDBA (ARABIC LIGATURE LAM WITH JEEM WITH MEEM INITIAL FORM) -> U+0644 (ARABIC LETTER LAM) U+062C (ARABIC LETTER JEEM) U+0645 (ARABIC LETTER MEEM)
ﶻ	كمم	U+FDBB (ARABIC LIGATURE KAF WITH MEEM WITH MEEM FINAL FORM) -> U+0643 (ARABIC LETTER KAF) U+0645 (ARABIC LETTER MEEM) U+0645 (ARABIC LETTER MEEM)
ﶼ	لجم	U+FDBC (ARABIC LIGATURE LAM WITH JEEM WITH MEEM FINAL FORM) -> U+0644 (ARABIC LETTER LAM) U+062C (ARABIC LETTER JEEM) U+0645 (ARABIC LETTER MEEM)
ﶽ	نجح	U+FDBD (ARABIC LIGATURE NOON WITH JEEM WITH HAH FINAL FORM) -> U+0646 (ARABIC LETTER NOON) U+062C (ARABIC LETTER JEEM) U+062D (ARABIC LETTER HAH)
ﶾ	جحي	U+FDBE (ARABIC LIGATURE JEEM WITH HAH WITH YEH FINAL FORM) -> U+062C (ARABIC LETTER JEEM) U+062D (ARABIC LETTER HAH) U+064A (ARABIC LETTER YEH)
ﶿ	حجي	U+FDBF (ARABIC LIGATURE HAH WITH JEEM WITH YEH FINAL FORM) -> U+062D (ARABIC LETTER HAH) U+062C (ARABIC LETTER JEEM) U+064A (ARABIC LETTER YEH)
ﷀ	مجي	U+FDC0 (ARABIC LIGATURE MEEM WITH JEEM WITH YEH FINAL FORM) -> U+0645 (ARABIC LETTER MEEM) U+062C (ARABIC LETTER JEEM) U+064A (ARABIC LETTER YEH)
ﷁ	فمي	U+FDC1 (ARABIC LIGATURE FEH WITH MEEM WITH YEH FINAL FORM) -> U+0641 (ARABIC LETTER FEH) U+0645 (ARABIC LETTER MEEM) U+064A (ARABIC LETTER YEH)
ﷂ	بحي	U+FDC2 (ARABIC LIGATURE BEH WITH HAH WITH YEH FINAL FORM) -> U+0628 (ARABIC LETTER BEH) U+062D (ARABIC LETTER HAH) U+064A (ARABIC LETTER YEH)
ﷃ	كمم	U+FDC3 (ARABIC LIGATURE KAF WITH MEEM WITH MEEM INITIAL FORM) -> U+0643 (ARABIC LETTER KAF) U+0645 (ARABIC LETTER MEEM) U+0645 (ARABIC LETTER MEEM)
ﷄ	عجم	U+FDC4 (ARABIC LIGATURE AIN WITH JEEM WITH MEEM INITIAL FORM) -> U+0639 (ARABIC LETTER AIN) U+062C (ARABIC LETTER JEEM) U+0645 (ARABIC LETTER MEEM)
ﷅ	صمم	U+FDC5 (ARABIC LIGATURE SAD WITH MEEM WITH MEEM INITIAL FORM) -> U+0635 (ARABIC LETTER SAD) U+0645 (ARABIC LETTER MEEM) U+0645 (ARABIC LETTER MEEM)
ﷆ	سخي	U+FDC6 (ARABIC LIGATURE SEEN WITH KHAH WITH YEH FINAL FORM) -> U+0633 (ARABIC LETTER SEEN) U+062E (ARABIC LETTER KHAH) U+064A (ARABIC LETTER YEH)
ﷇ	نجي	U+FDC7 (ARABIC LIGATURE NOON WITH JEEM WITH YEH FINAL FORM) -> U+0646 (ARABIC LETTER NOON) U+062C (ARABIC LETTER JEEM) U+064A (ARABIC LETTER YEH)
ﷰ	صلے	U+FDF0 (ARABIC LIGATURE SALLA USED AS KORANIC STOP SIGN ISOLATED FORM) -> U+0635 (ARABIC LETTER SAD) U+0644 (ARABIC LETTER LAM) U+06D2 (ARABIC LETTER YEH BARREE)
ﷱ	قلے	U+FDF1 (ARABIC LIGATURE QALA USED AS KORANIC STOP SIGN ISOLATED FORM) -> U+0642 (ARABIC LETTER QAF) U+0644 (ARABIC LETTER LAM) U+06D2 (ARABIC LETTER YEH BARREE)
ﷲ	الله	U+FDF2 (ARABIC LIGATURE ALLAH ISOLATED FORM) -> U+0627 (ARABIC LETTER ALEF) U+0644 (ARABIC LETTER LAM) U+0644 (ARABIC LETTER LAM) U+0647 (ARABIC LETTER HEH)
ﷳ	اكبر	U+FDF3 (ARABIC LIGATURE AKBAR ISOLATED FORM) -> U+0627 (ARABIC LETTER ALEF) U+0643 (ARABIC LETTER KAF) U+0628 (ARABIC LETTER BEH) U+0631 (ARABIC LETTER REH)
ﷴ	محمد	U+FDF4 (ARABIC LIGATURE MOHAMMAD ISOLATED FORM) -> U+0645 (ARABIC LETTER MEEM) U+062D (ARABIC LETTER HAH) U+0645 (ARABIC LETTER MEEM) U+062F (ARABIC LETTER DAL)
ﷵ	صلعم	U+FDF5 (ARABIC LIGATURE SALAM ISOLATED FORM) -> U+0635 (ARABIC LETTER SAD) U+0644 (ARABIC LETTER LAM) U+0639 (ARABIC LETTER AIN) U+0645 (ARABIC LETTER MEEM)
ﷶ	رسول	U+FDF6 (ARABIC LIGATURE RASOUL ISOLATED FORM) -> U+0631 (ARABIC LETTER REH) U+0633 (ARABIC LETTER SEEN) U+0648 (ARABIC LETTER WAW) U+0644 (ARABIC LETTER LAM)
ﷷ	عليه	U+FDF7 (ARABIC LIGATURE ALAYHE ISOLATED FORM) -> U+0639 (ARABIC LETTER AIN) U+0644 (ARABIC LETTER LAM) U+064A (ARABIC LETTER YEH) U+0647 (ARABIC LETTER HEH)
ﷸ	وسلم	U+FDF8 (ARABIC LIGATURE WASALLAM ISOLATED FORM) -> U+0648 (ARABIC LETTER WAW) U+0633 (ARABIC LETTER SEEN) U+0644 (ARABIC LETTER LAM) U+0645 (ARABIC LETTER MEEM)
ﷹ	صلى	U+FDF9 (ARABIC LIGATURE SALLA ISOLATED FORM) -> U+0635 (ARABIC LETTER SAD) U+0644 (ARABIC LETTER LAM) U+0649 (ARABIC LETTER ALEF MAKSURA)
ﷺ	صلى الله عليه وسلم	U+FDFA (ARABIC LIGATURE SALLALLAHOU ALAYHE WASALLAM) -> U+0635 (ARABIC LETTER SAD) U+0644 (ARABIC LETTER LAM) U+0649 (ARABIC LETTER ALEF MAKSURA) U+0020 (SPACE) U+0627 (ARABIC LETTER ALEF) U+0644 (ARABIC LETTER LAM) U+0644 (ARABIC LETTER LAM) U+0647 (ARABIC LETTER HEH) U+0020 (SPACE) U+0639 (ARABIC LETTER AIN) U+0644 (ARABIC LETTER LAM) U+064A (ARABIC LETTER YEH) U+0647 (ARABIC LETTER HEH) U+0020 (SPACE) U+0648 (ARABIC LETTER WAW) U+0633 (ARABIC LETTER SEEN) U+0644 (ARABIC LETTER LAM) U+0645 (ARABIC LETTER MEEM)
ﷻ	جل جلاله	U+FDFB (ARABIC LIGATURE JALLAJALALOUHOU) -> U+062C (ARABIC LETTER JEEM) U+0644 (ARABIC LETTER LAM) U+0020 (SPACE) U+062C (ARABIC LETTER JEEM) U+0644 (ARABIC LETTER LAM) U+0627 (ARABIC LETTER ALEF) U+0644 (ARABIC LETTER LAM) U+0647 (ARABIC LETTER HEH)
﷼	ریال	U+FDFC (RIAL SIGN) -> U+0631 (ARABIC LETTER REH) U+06CC (ARABIC LETTER FARSI YEH) U+0627 (ARABIC LETTER ALEF) U+0644 (ARABIC LETTER LAM)
ﹰ		U+FE70 (ARABIC FATHATAN ISOLATED FORM) ->    NFKC-ref:  ً
ﹱ		U+FE71 (ARABIC TATWEEL WITH FATHATAN ABOVE) ->    NFKC-ref: ـً
ﹲ		U+FE72 (ARABIC DAMMATAN ISOLATED FORM) ->    NFKC-ref:  ٌ
ﹴ		U+FE74 (ARABIC KASRATAN ISOLATED FORM) ->    NFKC-ref:  ٍ
ﹶ		U+FE76 (ARABIC FATHA ISOLATED FORM) ->    NFKC-ref:  َ
ﹷ		U+FE77 (ARABIC FATHA MEDIAL FORM) ->    NFKC-ref: ـَ
ﹸ		U+FE78 (ARABIC DAMMA ISOLATED FORM) ->    NFKC-ref:  ُ
ﹹ		U+FE79 (ARABIC DAMMA MEDIAL FORM) ->    NFKC-ref: ـُ
ﹺ		U+FE7A (ARABIC KASRA ISOLATED FORM) ->    NFKC-ref:  ِ
ﹻ		U+FE7B (ARABIC KASRA MEDIAL FORM) ->    NFKC-ref: ـِ
ﹼ		U+FE7C (ARABIC SHADDA ISOLATED FORM) ->    NFKC-ref:  ّ
ﹽ		U+FE7D (ARABIC SHADDA MEDIAL FORM) ->    NFKC-ref: ـّ
ﹾ		U+FE7E (ARABIC SUKUN ISOLATED FORM) ->    NFKC-ref:  ْ
ﹿ		U+FE7F (ARABIC SUKUN MEDIAL FORM) ->    NFKC-ref: ـْ
ﺀ	ء	U+FE80 (ARABIC LETTER HAMZA ISOLATED FORM) -> U+0621 (ARABIC LETTER HAMZA)
ﺁ	آ	U+FE81 (ARABIC LETTER ALEF WITH MADDA ABOVE ISOLATED FORM) -> U+0622 (ARABIC LETTER ALEF WITH MADDA ABOVE)
ﺂ	آ	U+FE82 (ARABIC LETTER ALEF WITH MADDA ABOVE FINAL FORM) -> U+0622 (ARABIC LETTER ALEF WITH MADDA ABOVE)
ﺃ	أ	U+FE83 (ARABIC LETTER ALEF WITH HAMZA ABOVE ISOLATED FORM) -> U+0623 (ARABIC LETTER ALEF WITH HAMZA ABOVE)
ﺄ	أ	U+FE84 (ARABIC LETTER ALEF WITH HAMZA ABOVE FINAL FORM) -> U+0623 (ARABIC LETTER ALEF WITH HAMZA ABOVE)
ﺅ	ؤ	U+FE85 (ARABIC LETTER WAW WITH HAMZA ABOVE ISOLATED FORM) -> U+0624 (ARABIC LETTER WAW WITH HAMZA ABOVE)
ﺆ	ؤ	U+FE86 (ARABIC LETTER WAW WITH HAMZA ABOVE FINAL FORM) -> U+0624 (ARABIC LETTER WAW WITH HAMZA ABOVE)
ﺇ	إ	U+FE87 (ARABIC LETTER ALEF WITH HAMZA BELOW ISOLATED FORM) -> U+0625 (ARABIC LETTER ALEF WITH HAMZA BELOW)
ﺈ	إ	U+FE88 (ARABIC LETTER ALEF WITH HAMZA BELOW FINAL FORM) -> U+0625 (ARABIC LETTER ALEF WITH HAMZA BELOW)
ﺉ	ئ	U+FE89 (ARABIC LETTER YEH WITH HAMZA ABOVE ISOLATED FORM) -> U+0626 (ARABIC LETTER YEH WITH HAMZA ABOVE)
ﺊ	ئ	U+FE8A (ARABIC LETTER YEH WITH HAMZA ABOVE FINAL FORM) -> U+0626 (ARABIC LETTER YEH WITH HAMZA ABOVE)
ﺋ	ئ	U+FE8B (ARABIC LETTER YEH WITH HAMZA ABOVE INITIAL FORM) -> U+0626 (ARABIC LETTER YEH WITH HAMZA ABOVE)
ﺌ	ئ	U+FE8C (ARABIC LETTER YEH WITH HAMZA ABOVE MEDIAL FORM) -> U+0626 (ARABIC LETTER YEH WITH HAMZA ABOVE)
ﺍ	ا	U+FE8D (ARABIC LETTER ALEF ISOLATED FORM) -> U+0627 (ARABIC LETTER ALEF)
ﺎ	ا	U+FE8E (ARABIC LETTER ALEF FINAL FORM) -> U+0627 (ARABIC LETTER ALEF)
ﺏ	ب	U+FE8F (ARABIC LETTER BEH ISOLATED FORM) -> U+0628 (ARABIC LETTER BEH)
ﺐ	ب	U+FE90 (ARABIC LETTER BEH FINAL FORM) -> U+0628 (ARABIC LETTER BEH)
ﺑ	ب	U+FE91 (ARABIC LETTER BEH INITIAL FORM) -> U+0628 (ARABIC LETTER BEH)
ﺒ	ب	U+FE92 (ARABIC LETTER BEH MEDIAL FORM) -> U+0628 (ARABIC LETTER BEH)
ﺓ	ة	U+FE93 (ARABIC LETTER TEH MARBUTA ISOLATED FORM) -> U+0629 (ARABIC LETTER TEH MARBUTA)
ﺔ	ة	U+FE94 (ARABIC LETTER TEH MARBUTA FINAL FORM) -> U+0629 (ARABIC LETTER TEH MARBUTA)
ﺕ	ت	U+FE95 (ARABIC LETTER TEH ISOLATED FORM) -> U+062A (ARABIC LETTER TEH)
ﺖ	ت	U+FE96 (ARABIC LETTER TEH FINAL FORM) -> U+062A (ARABIC LETTER TEH)
ﺗ	ت	U+FE97 (ARABIC LETTER TEH INITIAL FORM) -> U+062A (ARABIC LETTER TEH)
ﺘ	ت	U+FE98 (ARABIC LETTER TEH MEDIAL FORM) -> U+062A (ARABIC LETTER TEH)
ﺙ	ث	U+FE99 (ARABIC LETTER THEH ISOLATED FORM) -> U+062B (ARABIC LETTER THEH)
ﺚ	ث	U+FE9A (ARABIC LETTER THEH FINAL FORM) -> U+062B (ARABIC LETTER THEH)
ﺛ	ث	U+FE9B (ARABIC LETTER THEH INITIAL FORM) -> U+062B (ARABIC LETTER THEH)
ﺜ	ث	U+FE9C (ARABIC LETTER THEH MEDIAL FORM) -> U+062B (ARABIC LETTER THEH)
ﺝ	ج	U+FE9D (ARABIC LETTER JEEM ISOLATED FORM) -> U+062C (ARABIC LETTER JEEM)
ﺞ	ج	U+FE9E (ARABIC LETTER JEEM FINAL FORM) -> U+062C (ARABIC LETTER JEEM)
ﺟ	ج	U+FE9F (ARABIC LETTER JEEM INITIAL FORM) -> U+062C (ARABIC LETTER JEEM)
ﺠ	ج	U+FEA0 (ARABIC LETTER JEEM MEDIAL FORM) -> U+062C (ARABIC LETTER JEEM)
ﺡ	ح	U+FEA1 (ARABIC LETTER HAH ISOLATED FORM) -> U+062D (ARABIC LETTER HAH)
ﺢ	ح	U+FEA2 (ARABIC LETTER HAH FINAL FORM) -> U+062D (ARABIC LETTER HAH)
ﺣ	ح	U+FEA3 (ARABIC LETTER HAH INITIAL FORM) -> U+062D (ARABIC LETTER HAH)
ﺤ	ح	U+FEA4 (ARABIC LETTER HAH MEDIAL FORM) -> U+062D (ARABIC LETTER HAH)
ﺥ	خ	U+FEA5 (ARABIC LETTER KHAH ISOLATED FORM) -> U+062E (ARABIC LETTER KHAH)
ﺦ	خ	U+FEA6 (ARABIC LETTER KHAH FINAL FORM) -> U+062E (ARABIC LETTER KHAH)
ﺧ	خ	U+FEA7 (ARABIC LETTER KHAH INITIAL FORM) -> U+062E (ARABIC LETTER KHAH)
ﺨ	خ	U+FEA8 (ARABIC LETTER KHAH MEDIAL FORM) -> U+062E (ARABIC LETTER KHAH)
ﺩ	د	U+FEA9 (ARABIC LETTER DAL ISOLATED FORM) -> U+062F (ARABIC LETTER DAL)
ﺪ	د	U+FEAA (ARABIC LETTER DAL FINAL FORM) -> U+062F (ARABIC LETTER DAL)
ﺫ	ذ	U+FEAB (ARABIC LETTER THAL ISOLATED FORM) -> U+0630 (ARABIC LETTER THAL)
ﺬ	ذ	U+FEAC (ARABIC LETTER THAL FINAL FORM) -> U+0630 (ARABIC LETTER THAL)
ﺭ	ر	U+FEAD (ARABIC LETTER REH ISOLATED FORM) -> U+0631 (ARABIC LETTER REH)
ﺮ	ر	U+FEAE (ARABIC LETTER REH FINAL FORM) -> U+0631 (ARABIC LETTER REH)
ﺯ	ز	U+FEAF (ARABIC LETTER ZAIN ISOLATED FORM) -> U+0632 (ARABIC LETTER ZAIN)
ﺰ	ز	U+FEB0 (ARABIC LETTER ZAIN FINAL FORM) -> U+0632 (ARABIC LETTER ZAIN)
ﺱ	س	U+FEB1 (ARABIC LETTER SEEN ISOLATED FORM) -> U+0633 (ARABIC LETTER SEEN)
ﺲ	س	U+FEB2 (ARABIC LETTER SEEN FINAL FORM) -> U+0633 (ARABIC LETTER SEEN)
ﺳ	س	U+FEB3 (ARABIC LETTER SEEN INITIAL FORM) -> U+0633 (ARABIC LETTER SEEN)
ﺴ	س	U+FEB4 (ARABIC LETTER SEEN MEDIAL FORM) -> U+0633 (ARABIC LETTER SEEN)
ﺵ	ش	U+FEB5 (ARABIC LETTER SHEEN ISOLATED FORM) -> U+0634 (ARABIC LETTER SHEEN)
ﺶ	ش	U+FEB6 (ARABIC LETTER SHEEN FINAL FORM) -> U+0634 (ARABIC LETTER SHEEN)
ﺷ	ش	U+FEB7 (ARABIC LETTER SHEEN INITIAL FORM) -> U+0634 (ARABIC LETTER SHEEN)
ﺸ	ش	U+FEB8 (ARABIC LETTER SHEEN MEDIAL FORM) -> U+0634 (ARABIC LETTER SHEEN)
ﺹ	ص	U+FEB9 (ARABIC LETTER SAD ISOLATED FORM) -> U+0635 (ARABIC LETTER SAD)
ﺺ	ص	U+FEBA (ARABIC LETTER SAD FINAL FORM) -> U+0635 (ARABIC LETTER SAD)
ﺻ	ص	U+FEBB (ARABIC LETTER SAD INITIAL FORM) -> U+0635 (ARABIC LETTER SAD)
ﺼ	ص	U+FEBC (ARABIC LETTER SAD MEDIAL FORM) -> U+0635 (ARABIC LETTER SAD)
ﺽ	ض	U+FEBD (ARABIC LETTER DAD ISOLATED FORM) -> U+0636 (ARABIC LETTER DAD)
ﺾ	ض	U+FEBE (ARABIC LETTER DAD FINAL FORM) -> U+0636 (ARABIC LETTER DAD)
ﺿ	ض	U+FEBF (ARABIC LETTER DAD INITIAL FORM) -> U+0636 (ARABIC LETTER DAD)
ﻀ	ض	U+FEC0 (ARABIC LETTER DAD MEDIAL FORM) -> U+0636 (ARABIC LETTER DAD)
ﻁ	ط	U+FEC1 (ARABIC LETTER TAH ISOLATED FORM) -> U+0637 (ARABIC LETTER TAH)
ﻂ	ط	U+FEC2 (ARABIC LETTER TAH FINAL FORM) -> U+0637 (ARABIC LETTER TAH)
ﻃ	ط	U+FEC3 (ARABIC LETTER TAH INITIAL FORM) -> U+0637 (ARABIC LETTER TAH)
ﻄ	ط	U+FEC4 (ARABIC LETTER TAH MEDIAL FORM) -> U+0637 (ARABIC LETTER TAH)
ﻅ	ظ	U+FEC5 (ARABIC LETTER ZAH ISOLATED FORM) -> U+0638 (ARABIC LETTER ZAH)
ﻆ	ظ	U+FEC6 (ARABIC LETTER ZAH FINAL FORM) -> U+0638 (ARABIC LETTER ZAH)
ﻇ	ظ	U+FEC7 (ARABIC LETTER ZAH INITIAL FORM) -> U+0638 (ARABIC LETTER ZAH)
ﻈ	ظ	U+FEC8 (ARABIC LETTER ZAH MEDIAL FORM) -> U+0638 (ARABIC LETTER ZAH)
ﻉ	ع	U+FEC9 (ARABIC LETTER AIN ISOLATED FORM) -> U+0639 (ARABIC LETTER AIN)
ﻊ	ع	U+FECA (ARABIC LETTER AIN FINAL FORM) -> U+0639 (ARABIC LETTER AIN)
ﻋ	ع	U+FECB (ARABIC LETTER AIN INITIAL FORM) -> U+0639 (ARABIC LETTER AIN)
ﻌ	ع	U+FECC (ARABIC LETTER AIN MEDIAL FORM) -> U+0639 (ARABIC LETTER AIN)
ﻍ	غ	U+FECD (ARABIC LETTER GHAIN ISOLATED FORM) -> U+063A (ARABIC LETTER GHAIN)
ﻎ	غ	U+FECE (ARABIC LETTER GHAIN FINAL FORM) -> U+063A (ARABIC LETTER GHAIN)
ﻏ	غ	U+FECF (ARABIC LETTER GHAIN INITIAL FORM) -> U+063A (ARABIC LETTER GHAIN)
ﻐ	غ	U+FED0 (ARABIC LETTER GHAIN MEDIAL FORM) -> U+063A (ARABIC LETTER GHAIN)
ﻑ	ف	U+FED1 (ARABIC LETTER FEH ISOLATED FORM) -> U+0641 (ARABIC LETTER FEH)
ﻒ	ف	U+FED2 (ARABIC LETTER FEH FINAL FORM) -> U+0641 (ARABIC LETTER FEH)
ﻓ	ف	U+FED3 (ARABIC LETTER FEH INITIAL FORM) -> U+0641 (ARABIC LETTER FEH)
ﻔ	ف	U+FED4 (ARABIC LETTER FEH MEDIAL FORM) -> U+0641 (ARABIC LETTER FEH)
ﻕ	ق	U+FED5 (ARABIC LETTER QAF ISOLATED FORM) -> U+0642 (ARABIC LETTER QAF)
ﻖ	ق	U+FED6 (ARABIC LETTER QAF FINAL FORM) -> U+0642 (ARABIC LETTER QAF)
ﻗ	ق	U+FED7 (ARABIC LETTER QAF INITIAL FORM) -> U+0642 (ARABIC LETTER QAF)
ﻘ	ق	U+FED8 (ARABIC LETTER QAF MEDIAL FORM) -> U+0642 (ARABIC LETTER QAF)
ﻙ	ك	U+FED9 (ARABIC LETTER KAF ISOLATED FORM) -> U+0643 (ARABIC LETTER KAF)
ﻚ	ك	U+FEDA (ARABIC LETTER KAF FINAL FORM) -> U+0643 (ARABIC LETTER KAF)
ﻛ	ك	U+FEDB (ARABIC LETTER KAF INITIAL FORM) -> U+0643 (ARABIC LETTER KAF)
ﻜ	ك	U+FEDC (ARABIC LETTER KAF MEDIAL FORM) -> U+0643 (ARABIC LETTER KAF)
ﻝ	ل	U+FEDD (ARABIC LETTER LAM ISOLATED FORM) -> U+0644 (ARABIC LETTER LAM)
ﻞ	ل	U+FEDE (ARABIC LETTER LAM FINAL FORM) -> U+0644 (ARABIC LETTER LAM)
ﻟ	ل	U+FEDF (ARABIC LETTER LAM INITIAL FORM) -> U+0644 (ARABIC LETTER LAM)
ﻠ	ل	U+FEE0 (ARABIC LETTER LAM MEDIAL FORM) -> U+0644 (ARABIC LETTER LAM)
ﻡ	م	U+FEE1 (ARABIC LETTER MEEM ISOLATED FORM) -> U+0645 (ARABIC LETTER MEEM)
ﻢ	م	U+FEE2 (ARABIC LETTER MEEM FINAL FORM) -> U+0645 (ARABIC LETTER MEEM)
ﻣ	م	U+FEE3 (ARABIC LETTER MEEM INITIAL FORM) -> U+0645 (ARABIC LETTER MEEM)
ﻤ	م	U+FEE4 (ARABIC LETTER MEEM MEDIAL FORM) -> U+0645 (ARABIC LETTER MEEM)
ﻥ	ن	U+FEE5 (ARABIC LETTER NOON ISOLATED FORM) -> U+0646 (ARABIC LETTER NOON)
ﻦ	ن	U+FEE6 (ARABIC LETTER NOON FINAL FORM) -> U+0646 (ARABIC LETTER NOON)
ﻧ	ن	U+FEE7 (ARABIC LETTER NOON INITIAL FORM) -> U+0646 (ARABIC LETTER NOON)
ﻨ	ن	U+FEE8 (ARABIC LETTER NOON MEDIAL FORM) -> U+0646 (ARABIC LETTER NOON)
ﻩ	ه	U+FEE9 (ARABIC LETTER HEH ISOLATED FORM) -> U+0647 (ARABIC LETTER HEH)
ﻪ	ه	U+FEEA (ARABIC LETTER HEH FINAL FORM) -> U+0647 (ARABIC LETTER HEH)
ﻫ	ه	U+FEEB (ARABIC LETTER HEH INITIAL FORM) -> U+0647 (ARABIC LETTER HEH)
ﻬ	ه	U+FEEC (ARABIC LETTER HEH MEDIAL FORM) -> U+0647 (ARABIC LETTER HEH)
ﻭ	و	U+FEED (ARABIC LETTER WAW ISOLATED FORM) -> U+0648 (ARABIC LETTER WAW)
ﻮ	و	U+FEEE (ARABIC LETTER WAW FINAL FORM) -> U+0648 (ARABIC LETTER WAW)
ﻯ	ى	U+FEEF (ARABIC LETTER ALEF MAKSURA ISOLATED FORM) -> U+0649 (ARABIC LETTER ALEF MAKSURA)
ﻰ	ى	U+FEF0 (ARABIC LETTER ALEF MAKSURA FINAL FORM) -> U+0649 (ARABIC LETTER ALEF MAKSURA)
ﻱ	ي	U+FEF1 (ARABIC LETTER YEH ISOLATED FORM) -> U+064A (ARABIC LETTER YEH)
ﻲ	ي	U+FEF2 (ARABIC LETTER YEH FINAL FORM) -> U+064A (ARABIC LETTER YEH)
ﻳ	ي	U+FEF3 (ARABIC LETTER YEH INITIAL FORM) -> U+064A (ARABIC LETTER YEH)
ﻴ	ي	U+FEF4 (ARABIC LETTER YEH MEDIAL FORM) -> U+064A (ARABIC LETTER YEH)
ﻵ	لآ	U+FEF5 (ARABIC LIGATURE LAM WITH ALEF WITH MADDA ABOVE ISOLATED FORM) -> U+0644 (ARABIC LETTER LAM) U+0622 (ARABIC LETTER ALEF WITH MADDA ABOVE)
ﻶ	لآ	U+FEF6 (ARABIC LIGATURE LAM WITH ALEF WITH MADDA ABOVE FINAL FORM) -> U+0644 (ARABIC LETTER LAM) U+0622 (ARABIC LETTER ALEF WITH MADDA ABOVE)
ﻷ	لأ	U+FEF7 (ARABIC LIGATURE LAM WITH ALEF WITH HAMZA ABOVE ISOLATED FORM) -> U+0644 (ARABIC LETTER LAM) U+0623 (ARABIC LETTER ALEF WITH HAMZA ABOVE)
ﻸ	لأ	U+FEF8 (ARABIC LIGATURE LAM WITH ALEF WITH HAMZA ABOVE FINAL FORM) -> U+0644 (ARABIC LETTER LAM) U+0623 (ARABIC LETTER ALEF WITH HAMZA ABOVE)
ﻹ	لإ	U+FEF9 (ARABIC LIGATURE LAM WITH ALEF WITH HAMZA BELOW ISOLATED FORM) -> U+0644 (ARABIC LETTER LAM) U+0625 (ARABIC LETTER ALEF WITH HAMZA BELOW)
ﻺ	لإ	U+FEFA (ARABIC LIGATURE LAM WITH ALEF WITH HAMZA BELOW FINAL FORM) -> U+0644 (ARABIC LETTER LAM) U+0625 (ARABIC LETTER ALEF WITH HAMZA BELOW)
ﻻ	لا	U+FEFB (ARABIC LIGATURE LAM WITH ALEF ISOLATED FORM) -> U+0644 (ARABIC LETTER LAM) U+0627 (ARABIC LETTER ALEF)
ﻼ	لا	U+FEFC (ARABIC LIGATURE LAM WITH ALEF FINAL FORM) -> U+0644 (ARABIC LETTER LAM) U+0627 (ARABIC LETTER ALEF)
