Orig	Wildebeest	NFKC	Comment # File assert-preserve.tsv lists human-verified entries where Wildebeest does not perform any normalization, but NFKC does. Mostly superscripts, subscripts, fractions, non-combining diacritics; 1 ligature and 2 CJK radicals.
¬®	¬®	 Ãà	U+00A8 (DIAERESIS) preserved DIACRITIC
¬™	¬™	a	U+00AA (FEMININE ORDINAL INDICATOR) preserved SUPERSCRIPT
¬Ø	¬Ø	 ÃÑ	U+00AF (MACRON) preserved DIACRITIC
¬≤	¬≤	2	U+00B2 (SUPERSCRIPT TWO) preserved SUPERSCRIPT
¬≥	¬≥	3	U+00B3 (SUPERSCRIPT THREE) preserved SUPERSCRIPT
¬¥	¬¥	 ÃÅ	U+00B4 (ACUTE ACCENT) preserved DIACRITIC
¬∏	¬∏	 Ãß	U+00B8 (CEDILLA) preserved DIACRITIC
¬π	¬π	1	U+00B9 (SUPERSCRIPT ONE) preserved SUPERSCRIPT
¬∫	¬∫	o	U+00BA (MASCULINE ORDINAL INDICATOR) preserved SUPERSCRIPT
¬º	¬º	1‚ÅÑ4	U+00BC (VULGAR FRACTION ONE QUARTER) preserved FRACTION
¬Ω	¬Ω	1‚ÅÑ2	U+00BD (VULGAR FRACTION ONE HALF) preserved FRACTION
¬æ	¬æ	3‚ÅÑ4	U+00BE (VULGAR FRACTION THREE QUARTERS) preserved FRACTION
 ∞	 ∞	h	U+02B0 (MODIFIER LETTER SMALL H) preserved SUPERSCRIPT
 ±	 ±	…¶	U+02B1 (MODIFIER LETTER SMALL H WITH HOOK) preserved SUPERSCRIPT
 ≤	 ≤	j	U+02B2 (MODIFIER LETTER SMALL J) preserved SUPERSCRIPT
 ≥	 ≥	r	U+02B3 (MODIFIER LETTER SMALL R) preserved SUPERSCRIPT
 ¥	 ¥	…π	U+02B4 (MODIFIER LETTER SMALL TURNED R) preserved SUPERSCRIPT
 µ	 µ	…ª	U+02B5 (MODIFIER LETTER SMALL TURNED R WITH HOOK) preserved SUPERSCRIPT
 ∂	 ∂	 Å	U+02B6 (MODIFIER LETTER SMALL CAPITAL INVERTED R) preserved SUPERSCRIPT
 ∑	 ∑	w	U+02B7 (MODIFIER LETTER SMALL W) preserved SUPERSCRIPT
 ∏	 ∏	y	U+02B8 (MODIFIER LETTER SMALL Y) preserved SUPERSCRIPT
Àò	Àò	 ÃÜ	U+02D8 (BREVE) preserved DIACRITIC
Àô	Àô	 Ãá	U+02D9 (DOT ABOVE) preserved DIACRITIC
Àö	Àö	 Ãä	U+02DA (RING ABOVE) preserved DIACRITIC
Àõ	Àõ	 Ã®	U+02DB (OGONEK) preserved DIACRITIC
Àú	Àú	 ÃÉ	U+02DC (SMALL TILDE) preserved DIACRITIC
Àù	Àù	 Ãã	U+02DD (DOUBLE ACUTE ACCENT) preserved DIACRITIC
À†	À†	…£	U+02E0 (MODIFIER LETTER SMALL GAMMA) preserved SUPERSCRIPT
À°	À°	l	U+02E1 (MODIFIER LETTER SMALL L) preserved SUPERSCRIPT
À¢	À¢	s	U+02E2 (MODIFIER LETTER SMALL S) preserved SUPERSCRIPT
À£	À£	x	U+02E3 (MODIFIER LETTER SMALL X) preserved SUPERSCRIPT
À§	À§	 ï	U+02E4 (MODIFIER LETTER SMALL REVERSED GLOTTAL STOP) preserved SUPERSCRIPT
Õ∫	Õ∫	 ÕÖ	U+037A (GREEK YPOGEGRAMMENI) preserved DIACRITIC
ŒÑ	ŒÑ	 ÃÅ	U+0384 (GREEK TONOS) preserved DIACRITIC
ŒÖ	ŒÖ	 ÃàÃÅ	U+0385 (GREEK DIALYTIKA TONOS) preserved DIACRITIC
÷á	÷á	’•÷Ç	U+0587 (ARMENIAN SMALL LIGATURE ECH YIWN) preserved LIGATURE
Ÿ∑	Ÿ∑	€áŸ¥	U+0677 (ARABIC LETTER U WITH HAMZA ABOVE) preserved DIACRITIC
·Éº	·Éº	·Éú	U+10FC (MODIFIER LETTER GEORGIAN NAR) preserved SUPERSCRIPT
·¥¨	·¥¨	A	U+1D2C (MODIFIER LETTER CAPITAL A) preserved SUPERSCRIPT
·¥≠	·¥≠	√Ü	U+1D2D (MODIFIER LETTER CAPITAL AE) preserved SUPERSCRIPT
·¥Æ	·¥Æ	B	U+1D2E (MODIFIER LETTER CAPITAL B) preserved SUPERSCRIPT
·¥∞	·¥∞	D	U+1D30 (MODIFIER LETTER CAPITAL D) preserved SUPERSCRIPT
·¥±	·¥±	E	U+1D31 (MODIFIER LETTER CAPITAL E) preserved SUPERSCRIPT
·¥≤	·¥≤	∆é	U+1D32 (MODIFIER LETTER CAPITAL REVERSED E) preserved SUPERSCRIPT
·¥≥	·¥≥	G	U+1D33 (MODIFIER LETTER CAPITAL G) preserved SUPERSCRIPT
·¥¥	·¥¥	H	U+1D34 (MODIFIER LETTER CAPITAL H) preserved SUPERSCRIPT
·¥µ	·¥µ	I	U+1D35 (MODIFIER LETTER CAPITAL I) preserved SUPERSCRIPT
·¥∂	·¥∂	J	U+1D36 (MODIFIER LETTER CAPITAL J) preserved SUPERSCRIPT
·¥∑	·¥∑	K	U+1D37 (MODIFIER LETTER CAPITAL K) preserved SUPERSCRIPT
·¥∏	·¥∏	L	U+1D38 (MODIFIER LETTER CAPITAL L) preserved SUPERSCRIPT
·¥π	·¥π	M	U+1D39 (MODIFIER LETTER CAPITAL M) preserved SUPERSCRIPT
·¥∫	·¥∫	N	U+1D3A (MODIFIER LETTER CAPITAL N) preserved SUPERSCRIPT
·¥º	·¥º	O	U+1D3C (MODIFIER LETTER CAPITAL O) preserved SUPERSCRIPT
·¥Ω	·¥Ω	»¢	U+1D3D (MODIFIER LETTER CAPITAL OU) preserved SUPERSCRIPT
·¥æ	·¥æ	P	U+1D3E (MODIFIER LETTER CAPITAL P) preserved SUPERSCRIPT
·¥ø	·¥ø	R	U+1D3F (MODIFIER LETTER CAPITAL R) preserved SUPERSCRIPT
·µÄ	·µÄ	T	U+1D40 (MODIFIER LETTER CAPITAL T) preserved SUPERSCRIPT
·µÅ	·µÅ	U	U+1D41 (MODIFIER LETTER CAPITAL U) preserved SUPERSCRIPT
·µÇ	·µÇ	W	U+1D42 (MODIFIER LETTER CAPITAL W) preserved SUPERSCRIPT
·µÉ	·µÉ	a	U+1D43 (MODIFIER LETTER SMALL A) preserved SUPERSCRIPT
·µÑ	·µÑ	…ê	U+1D44 (MODIFIER LETTER SMALL TURNED A) preserved SUPERSCRIPT
·µÖ	·µÖ	…ë	U+1D45 (MODIFIER LETTER SMALL ALPHA) preserved SUPERSCRIPT
·µÜ	·µÜ	·¥Ç	U+1D46 (MODIFIER LETTER SMALL TURNED AE) preserved SUPERSCRIPT
·µá	·µá	b	U+1D47 (MODIFIER LETTER SMALL B) preserved SUPERSCRIPT
·µà	·µà	d	U+1D48 (MODIFIER LETTER SMALL D) preserved SUPERSCRIPT
·µâ	·µâ	e	U+1D49 (MODIFIER LETTER SMALL E) preserved SUPERSCRIPT
·µä	·µä	…ô	U+1D4A (MODIFIER LETTER SMALL SCHWA) preserved SUPERSCRIPT
·µã	·µã	…õ	U+1D4B (MODIFIER LETTER SMALL OPEN E) preserved SUPERSCRIPT
·µå	·µå	…ú	U+1D4C (MODIFIER LETTER SMALL TURNED OPEN E) preserved SUPERSCRIPT
·µç	·µç	g	U+1D4D (MODIFIER LETTER SMALL G) preserved SUPERSCRIPT
·µè	·µè	k	U+1D4F (MODIFIER LETTER SMALL K) preserved SUPERSCRIPT
·µê	·µê	m	U+1D50 (MODIFIER LETTER SMALL M) preserved SUPERSCRIPT
·µë	·µë	≈ã	U+1D51 (MODIFIER LETTER SMALL ENG) preserved SUPERSCRIPT
·µí	·µí	o	U+1D52 (MODIFIER LETTER SMALL O) preserved SUPERSCRIPT
·µì	·µì	…î	U+1D53 (MODIFIER LETTER SMALL OPEN O) preserved SUPERSCRIPT
·µî	·µî	·¥ñ	U+1D54 (MODIFIER LETTER SMALL TOP HALF O) preserved SUPERSCRIPT
·µï	·µï	·¥ó	U+1D55 (MODIFIER LETTER SMALL BOTTOM HALF O) preserved SUPERSCRIPT
·µñ	·µñ	p	U+1D56 (MODIFIER LETTER SMALL P) preserved SUPERSCRIPT
·µó	·µó	t	U+1D57 (MODIFIER LETTER SMALL T) preserved SUPERSCRIPT
·µò	·µò	u	U+1D58 (MODIFIER LETTER SMALL U) preserved SUPERSCRIPT
·µô	·µô	·¥ù	U+1D59 (MODIFIER LETTER SMALL SIDEWAYS U) preserved SUPERSCRIPT
·µö	·µö	…Ø	U+1D5A (MODIFIER LETTER SMALL TURNED M) preserved SUPERSCRIPT
·µõ	·µõ	v	U+1D5B (MODIFIER LETTER SMALL V) preserved SUPERSCRIPT
·µú	·µú	·¥•	U+1D5C (MODIFIER LETTER SMALL AIN) preserved SUPERSCRIPT
·µù	·µù	Œ≤	U+1D5D (MODIFIER LETTER SMALL BETA) preserved SUPERSCRIPT
·µû	·µû	Œ≥	U+1D5E (MODIFIER LETTER SMALL GREEK GAMMA) preserved SUPERSCRIPT
·µü	·µü	Œ¥	U+1D5F (MODIFIER LETTER SMALL DELTA) preserved SUPERSCRIPT
·µ†	·µ†	œÜ	U+1D60 (MODIFIER LETTER SMALL GREEK PHI) preserved SUPERSCRIPT
·µ°	·µ°	œá	U+1D61 (MODIFIER LETTER SMALL CHI) preserved SUPERSCRIPT
·µ¢	·µ¢	i	U+1D62 (LATIN SUBSCRIPT SMALL LETTER I) preserved SUBSCRIPT
·µ£	·µ£	r	U+1D63 (LATIN SUBSCRIPT SMALL LETTER R) preserved SUBSCRIPT
·µ§	·µ§	u	U+1D64 (LATIN SUBSCRIPT SMALL LETTER U) preserved SUBSCRIPT
·µ•	·µ•	v	U+1D65 (LATIN SUBSCRIPT SMALL LETTER V) preserved SUBSCRIPT
·µ¶	·µ¶	Œ≤	U+1D66 (GREEK SUBSCRIPT SMALL LETTER BETA) preserved SUBSCRIPT
·µß	·µß	Œ≥	U+1D67 (GREEK SUBSCRIPT SMALL LETTER GAMMA) preserved SUBSCRIPT
·µ®	·µ®	œÅ	U+1D68 (GREEK SUBSCRIPT SMALL LETTER RHO) preserved SUBSCRIPT
·µ©	·µ©	œÜ	U+1D69 (GREEK SUBSCRIPT SMALL LETTER PHI) preserved SUBSCRIPT
·µ™	·µ™	œá	U+1D6A (GREEK SUBSCRIPT SMALL LETTER CHI) preserved SUBSCRIPT
·µ∏	·µ∏	–Ω	U+1D78 (MODIFIER LETTER CYRILLIC EN) preserved SUPERSCRIPT
·∂õ	·∂õ	…í	U+1D9B (MODIFIER LETTER SMALL TURNED ALPHA) preserved SUPERSCRIPT
·∂ú	·∂ú	c	U+1D9C (MODIFIER LETTER SMALL C) preserved SUPERSCRIPT
·∂ù	·∂ù	…ï	U+1D9D (MODIFIER LETTER SMALL C WITH CURL) preserved SUPERSCRIPT
·∂û	·∂û	√∞	U+1D9E (MODIFIER LETTER SMALL ETH) preserved SUPERSCRIPT
·∂ü	·∂ü	…ú	U+1D9F (MODIFIER LETTER SMALL REVERSED OPEN E) preserved SUPERSCRIPT
·∂†	·∂†	f	U+1DA0 (MODIFIER LETTER SMALL F) preserved SUPERSCRIPT
·∂°	·∂°	…ü	U+1DA1 (MODIFIER LETTER SMALL DOTLESS J WITH STROKE) preserved SUPERSCRIPT
·∂¢	·∂¢	…°	U+1DA2 (MODIFIER LETTER SMALL SCRIPT G) preserved SUPERSCRIPT
·∂£	·∂£	…•	U+1DA3 (MODIFIER LETTER SMALL TURNED H) preserved SUPERSCRIPT
·∂§	·∂§	…®	U+1DA4 (MODIFIER LETTER SMALL I WITH STROKE) preserved SUPERSCRIPT
·∂•	·∂•	…©	U+1DA5 (MODIFIER LETTER SMALL IOTA) preserved SUPERSCRIPT
·∂¶	·∂¶	…™	U+1DA6 (MODIFIER LETTER SMALL CAPITAL I) preserved SUPERSCRIPT
·∂ß	·∂ß	·µª	U+1DA7 (MODIFIER LETTER SMALL CAPITAL I WITH STROKE) preserved SUPERSCRIPT
·∂®	·∂®	 ù	U+1DA8 (MODIFIER LETTER SMALL J WITH CROSSED-TAIL) preserved SUPERSCRIPT
·∂©	·∂©	…≠	U+1DA9 (MODIFIER LETTER SMALL L WITH RETROFLEX HOOK) preserved SUPERSCRIPT
·∂™	·∂™	·∂Ö	U+1DAA (MODIFIER LETTER SMALL L WITH PALATAL HOOK) preserved SUPERSCRIPT
·∂´	·∂´	 ü	U+1DAB (MODIFIER LETTER SMALL CAPITAL L) preserved SUPERSCRIPT
·∂¨	·∂¨	…±	U+1DAC (MODIFIER LETTER SMALL M WITH HOOK) preserved SUPERSCRIPT
·∂≠	·∂≠	…∞	U+1DAD (MODIFIER LETTER SMALL TURNED M WITH LONG LEG) preserved SUPERSCRIPT
·∂Æ	·∂Æ	…≤	U+1DAE (MODIFIER LETTER SMALL N WITH LEFT HOOK) preserved SUPERSCRIPT
·∂Ø	·∂Ø	…≥	U+1DAF (MODIFIER LETTER SMALL N WITH RETROFLEX HOOK) preserved SUPERSCRIPT
·∂∞	·∂∞	…¥	U+1DB0 (MODIFIER LETTER SMALL CAPITAL N) preserved SUPERSCRIPT
·∂±	·∂±	…µ	U+1DB1 (MODIFIER LETTER SMALL BARRED O) preserved SUPERSCRIPT
·∂≤	·∂≤	…∏	U+1DB2 (MODIFIER LETTER SMALL PHI) preserved SUPERSCRIPT
·∂≥	·∂≥	 Ç	U+1DB3 (MODIFIER LETTER SMALL S WITH HOOK) preserved SUPERSCRIPT
·∂¥	·∂¥	 É	U+1DB4 (MODIFIER LETTER SMALL ESH) preserved SUPERSCRIPT
·∂µ	·∂µ	∆´	U+1DB5 (MODIFIER LETTER SMALL T WITH PALATAL HOOK) preserved SUPERSCRIPT
·∂∂	·∂∂	 â	U+1DB6 (MODIFIER LETTER SMALL U BAR) preserved SUPERSCRIPT
·∂∑	·∂∑	 ä	U+1DB7 (MODIFIER LETTER SMALL UPSILON) preserved SUPERSCRIPT
·∂∏	·∂∏	·¥ú	U+1DB8 (MODIFIER LETTER SMALL CAPITAL U) preserved SUPERSCRIPT
·∂π	·∂π	 ã	U+1DB9 (MODIFIER LETTER SMALL V WITH HOOK) preserved SUPERSCRIPT
·∂∫	·∂∫	 å	U+1DBA (MODIFIER LETTER SMALL TURNED V) preserved SUPERSCRIPT
·∂ª	·∂ª	z	U+1DBB (MODIFIER LETTER SMALL Z) preserved SUPERSCRIPT
·∂º	·∂º	 ê	U+1DBC (MODIFIER LETTER SMALL Z WITH RETROFLEX HOOK) preserved SUPERSCRIPT
·∂Ω	·∂Ω	 ë	U+1DBD (MODIFIER LETTER SMALL Z WITH CURL) preserved SUPERSCRIPT
·∂æ	·∂æ	 í	U+1DBE (MODIFIER LETTER SMALL EZH) preserved SUPERSCRIPT
·∂ø	·∂ø	Œ∏	U+1DBF (MODIFIER LETTER SMALL THETA) preserved SUPERSCRIPT
·∫ö	·∫ö	a æ	U+1E9A (LATIN SMALL LETTER A WITH RIGHT HALF RING) preserved DIACRITIC
·Ω±	·Ω±	Œ¨	U+1F71 (GREEK SMALL LETTER ALPHA WITH OXIA) preserved DIACRITIC
·Ω≥	·Ω≥	Œ≠	U+1F73 (GREEK SMALL LETTER EPSILON WITH OXIA) preserved DIACRITIC
·Ωµ	·Ωµ	ŒÆ	U+1F75 (GREEK SMALL LETTER ETA WITH OXIA) preserved DIACRITIC
·Ω∑	·Ω∑	ŒØ	U+1F77 (GREEK SMALL LETTER IOTA WITH OXIA) preserved DIACRITIC
·Ωπ	·Ωπ	œå	U+1F79 (GREEK SMALL LETTER OMICRON WITH OXIA) preserved DIACRITIC
·Ωª	·Ωª	œç	U+1F7B (GREEK SMALL LETTER UPSILON WITH OXIA) preserved DIACRITIC
·ΩΩ	·ΩΩ	œé	U+1F7D (GREEK SMALL LETTER OMEGA WITH OXIA) preserved DIACRITIC
·æª	·æª	ŒÜ	U+1FBB (GREEK CAPITAL LETTER ALPHA WITH OXIA) preserved DIACRITIC
·æΩ	·æΩ	 Ãì	U+1FBD (GREEK KORONIS) preserved DIACRITIC
·ææ	·ææ	Œπ	U+1FBE (GREEK PROSGEGRAMMENI) preserved DIACRITIC
·æø	·æø	 Ãì	U+1FBF (GREEK PSILI) preserved DIACRITIC
·øÄ	·øÄ	 ÕÇ	U+1FC0 (GREEK PERISPOMENI) preserved DIACRITIC
·øÅ	·øÅ	 ÃàÕÇ	U+1FC1 (GREEK DIALYTIKA AND PERISPOMENI) preserved DIACRITIC
·øâ	·øâ	Œà	U+1FC9 (GREEK CAPITAL LETTER EPSILON WITH OXIA) preserved DIACRITIC
·øã	·øã	Œâ	U+1FCB (GREEK CAPITAL LETTER ETA WITH OXIA) preserved DIACRITIC
·øç	·øç	 ÃìÃÄ	U+1FCD (GREEK PSILI AND VARIA) preserved DIACRITIC
·øé	·øé	 ÃìÃÅ	U+1FCE (GREEK PSILI AND OXIA) preserved DIACRITIC
·øè	·øè	 ÃìÕÇ	U+1FCF (GREEK PSILI AND PERISPOMENI) preserved DIACRITIC
·øì	·øì	Œê	U+1FD3 (GREEK SMALL LETTER IOTA WITH DIALYTIKA AND OXIA) preserved DIACRITIC
·øõ	·øõ	Œä	U+1FDB (GREEK CAPITAL LETTER IOTA WITH OXIA) preserved DIACRITIC
·øù	·øù	 ÃîÃÄ	U+1FDD (GREEK DASIA AND VARIA) preserved DIACRITIC
·øû	·øû	 ÃîÃÅ	U+1FDE (GREEK DASIA AND OXIA) preserved DIACRITIC
·øü	·øü	 ÃîÕÇ	U+1FDF (GREEK DASIA AND PERISPOMENI) preserved DIACRITIC
·ø£	·ø£	Œ∞	U+1FE3 (GREEK SMALL LETTER UPSILON WITH DIALYTIKA AND OXIA) preserved DIACRITIC
·ø´	·ø´	Œé	U+1FEB (GREEK CAPITAL LETTER UPSILON WITH OXIA) preserved DIACRITIC
·ø≠	·ø≠	 ÃàÃÄ	U+1FED (GREEK DIALYTIKA AND VARIA) preserved DIACRITIC
·øÆ	·øÆ	 ÃàÃÅ	U+1FEE (GREEK DIALYTIKA AND OXIA) preserved DIACRITIC
·øØ	·øØ	`	U+1FEF (GREEK VARIA) preserved DIACRITIC
·øπ	·øπ	Œå	U+1FF9 (GREEK CAPITAL LETTER OMICRON WITH OXIA) preserved DIACRITIC
·øª	·øª	Œè	U+1FFB (GREEK CAPITAL LETTER OMEGA WITH OXIA) preserved DIACRITIC
·øΩ	·øΩ	 ÃÅ	U+1FFD (GREEK OXIA) preserved DIACRITIC
·øæ	·øæ	 Ãî	U+1FFE (GREEK DASIA) preserved DIACRITIC
‚Äó	‚Äó	 Ã≥	U+2017 (DOUBLE LOW LINE) preserved DIACRITIC
‚Äæ	‚Äæ	 ÃÖ	U+203E (OVERLINE) preserved DIACRITIC
‚Å∞	‚Å∞	0	U+2070 (SUPERSCRIPT ZERO) preserved SUPERSCRIPT
‚Å±	‚Å±	i	U+2071 (SUPERSCRIPT LATIN SMALL LETTER I) preserved SUPERSCRIPT
‚Å¥	‚Å¥	4	U+2074 (SUPERSCRIPT FOUR) preserved SUPERSCRIPT
‚Åµ	‚Åµ	5	U+2075 (SUPERSCRIPT FIVE) preserved SUPERSCRIPT
‚Å∂	‚Å∂	6	U+2076 (SUPERSCRIPT SIX) preserved SUPERSCRIPT
‚Å∑	‚Å∑	7	U+2077 (SUPERSCRIPT SEVEN) preserved SUPERSCRIPT
‚Å∏	‚Å∏	8	U+2078 (SUPERSCRIPT EIGHT) preserved SUPERSCRIPT
‚Åπ	‚Åπ	9	U+2079 (SUPERSCRIPT NINE) preserved SUPERSCRIPT
‚Å∫	‚Å∫	+	U+207A (SUPERSCRIPT PLUS SIGN) preserved SUPERSCRIPT
‚Åª	‚Åª	‚àí	U+207B (SUPERSCRIPT MINUS) preserved SUPERSCRIPT
‚Åº	‚Åº	=	U+207C (SUPERSCRIPT EQUALS SIGN) preserved SUPERSCRIPT
‚ÅΩ	‚ÅΩ	(	U+207D (SUPERSCRIPT LEFT PARENTHESIS) preserved SUPERSCRIPT
‚Åæ	‚Åæ	)	U+207E (SUPERSCRIPT RIGHT PARENTHESIS) preserved SUPERSCRIPT
‚Åø	‚Åø	n	U+207F (SUPERSCRIPT LATIN SMALL LETTER N) preserved SUPERSCRIPT
‚ÇÄ	‚ÇÄ	0	U+2080 (SUBSCRIPT ZERO) preserved SUBSCRIPT
‚ÇÅ	‚ÇÅ	1	U+2081 (SUBSCRIPT ONE) preserved SUBSCRIPT
‚ÇÇ	‚ÇÇ	2	U+2082 (SUBSCRIPT TWO) preserved SUBSCRIPT
‚ÇÉ	‚ÇÉ	3	U+2083 (SUBSCRIPT THREE) preserved SUBSCRIPT
‚ÇÑ	‚ÇÑ	4	U+2084 (SUBSCRIPT FOUR) preserved SUBSCRIPT
‚ÇÖ	‚ÇÖ	5	U+2085 (SUBSCRIPT FIVE) preserved SUBSCRIPT
‚ÇÜ	‚ÇÜ	6	U+2086 (SUBSCRIPT SIX) preserved SUBSCRIPT
‚Çá	‚Çá	7	U+2087 (SUBSCRIPT SEVEN) preserved SUBSCRIPT
‚Çà	‚Çà	8	U+2088 (SUBSCRIPT EIGHT) preserved SUBSCRIPT
‚Çâ	‚Çâ	9	U+2089 (SUBSCRIPT NINE) preserved SUBSCRIPT
‚Çä	‚Çä	+	U+208A (SUBSCRIPT PLUS SIGN) preserved SUBSCRIPT
‚Çã	‚Çã	‚àí	U+208B (SUBSCRIPT MINUS) preserved SUBSCRIPT
‚Çå	‚Çå	=	U+208C (SUBSCRIPT EQUALS SIGN) preserved SUBSCRIPT
‚Çç	‚Çç	(	U+208D (SUBSCRIPT LEFT PARENTHESIS) preserved SUBSCRIPT
‚Çé	‚Çé	)	U+208E (SUBSCRIPT RIGHT PARENTHESIS) preserved SUBSCRIPT
‚Çê	‚Çê	a	U+2090 (LATIN SUBSCRIPT SMALL LETTER A) preserved SUBSCRIPT
‚Çë	‚Çë	e	U+2091 (LATIN SUBSCRIPT SMALL LETTER E) preserved SUBSCRIPT
‚Çí	‚Çí	o	U+2092 (LATIN SUBSCRIPT SMALL LETTER O) preserved SUBSCRIPT
‚Çì	‚Çì	x	U+2093 (LATIN SUBSCRIPT SMALL LETTER X) preserved SUBSCRIPT
‚Çî	‚Çî	…ô	U+2094 (LATIN SUBSCRIPT SMALL LETTER SCHWA) preserved SUBSCRIPT
‚Çï	‚Çï	h	U+2095 (LATIN SUBSCRIPT SMALL LETTER H) preserved SUBSCRIPT
‚Çñ	‚Çñ	k	U+2096 (LATIN SUBSCRIPT SMALL LETTER K) preserved SUBSCRIPT
‚Çó	‚Çó	l	U+2097 (LATIN SUBSCRIPT SMALL LETTER L) preserved SUBSCRIPT
‚Çò	‚Çò	m	U+2098 (LATIN SUBSCRIPT SMALL LETTER M) preserved SUBSCRIPT
‚Çô	‚Çô	n	U+2099 (LATIN SUBSCRIPT SMALL LETTER N) preserved SUBSCRIPT
‚Çö	‚Çö	p	U+209A (LATIN SUBSCRIPT SMALL LETTER P) preserved SUBSCRIPT
‚Çõ	‚Çõ	s	U+209B (LATIN SUBSCRIPT SMALL LETTER S) preserved SUBSCRIPT
‚Çú	‚Çú	t	U+209C (LATIN SUBSCRIPT SMALL LETTER T) preserved SUBSCRIPT
‚ÑÄ	‚ÑÄ	a/c	U+2100 (ACCOUNT OF) preserved FRACTION
‚ÑÅ	‚ÑÅ	a/s	U+2101 (ADDRESSED TO THE SUBJECT) preserved FRACTION
‚ÑÖ	‚ÑÖ	c/o	U+2105 (CARE OF) preserved FRACTION
‚ÑÜ	‚ÑÜ	c/u	U+2106 (CADA UNA) preserved FRACTION
‚Ñ†	‚Ñ†	SM	U+2120 (SERVICE MARK) preserved SUPERSCRIPT
‚Ñ°	‚Ñ°	TEL	U+2121 (TELEPHONE SIGN) preserved SUPERSCRIPT
‚Ñ¢	‚Ñ¢	TM	U+2122 (TRADE MARK SIGN) preserved SUPERSCRIPT
‚Öê	‚Öê	1‚ÅÑ7	U+2150 (VULGAR FRACTION ONE SEVENTH) preserved FRACTION
‚Öë	‚Öë	1‚ÅÑ9	U+2151 (VULGAR FRACTION ONE NINTH) preserved FRACTION
‚Öí	‚Öí	1‚ÅÑ10	U+2152 (VULGAR FRACTION ONE TENTH) preserved FRACTION
‚Öì	‚Öì	1‚ÅÑ3	U+2153 (VULGAR FRACTION ONE THIRD) preserved FRACTION
‚Öî	‚Öî	2‚ÅÑ3	U+2154 (VULGAR FRACTION TWO THIRDS) preserved FRACTION
‚Öï	‚Öï	1‚ÅÑ5	U+2155 (VULGAR FRACTION ONE FIFTH) preserved FRACTION
‚Öñ	‚Öñ	2‚ÅÑ5	U+2156 (VULGAR FRACTION TWO FIFTHS) preserved FRACTION
‚Öó	‚Öó	3‚ÅÑ5	U+2157 (VULGAR FRACTION THREE FIFTHS) preserved FRACTION
‚Öò	‚Öò	4‚ÅÑ5	U+2158 (VULGAR FRACTION FOUR FIFTHS) preserved FRACTION
‚Öô	‚Öô	1‚ÅÑ6	U+2159 (VULGAR FRACTION ONE SIXTH) preserved FRACTION
‚Öö	‚Öö	5‚ÅÑ6	U+215A (VULGAR FRACTION FIVE SIXTHS) preserved FRACTION
‚Öõ	‚Öõ	1‚ÅÑ8	U+215B (VULGAR FRACTION ONE EIGHTH) preserved FRACTION
‚Öú	‚Öú	3‚ÅÑ8	U+215C (VULGAR FRACTION THREE EIGHTHS) preserved FRACTION
‚Öù	‚Öù	5‚ÅÑ8	U+215D (VULGAR FRACTION FIVE EIGHTHS) preserved FRACTION
‚Öû	‚Öû	7‚ÅÑ8	U+215E (VULGAR FRACTION SEVEN EIGHTHS) preserved FRACTION
‚Öü	‚Öü	1‚ÅÑ	U+215F (FRACTION NUMERATOR ONE) preserved FRACTION
‚Üâ	‚Üâ	0‚ÅÑ3	U+2189 (VULGAR FRACTION ZERO THIRDS) preserved FRACTION
‚±º	‚±º	j	U+2C7C (LATIN SUBSCRIPT SMALL LETTER J) preserved SUBSCRIPT
‚±Ω	‚±Ω	V	U+2C7D (MODIFIER LETTER CAPITAL V) preserved SUPERSCRIPT
‚µØ	‚µØ	‚µ°	U+2D6F (TIFINAGH MODIFIER LETTER LABIALIZATION MARK) preserved SUPERSCRIPT
‚∫ü	‚∫ü	ÊØç	U+2E9F (CJK RADICAL MOTHER) preserved RADICAL
‚ª≥	‚ª≥	Èæü	U+2EF3 (CJK RADICAL C-SIMPLIFIED TURTLE) preserved RADICAL
„Çõ	„Çõ	 „Çô	U+309B (KATAKANA-HIRAGANA VOICED SOUND MARK) preserved DIACRITIC
„Çú	„Çú	 „Çö	U+309C (KATAKANA-HIRAGANA SEMI-VOICED SOUND MARK) preserved DIACRITIC
„Üí	„Üí	‰∏Ä	U+3192 (IDEOGRAPHIC ANNOTATION ONE MARK) preserved SUPERSCRIPT
„Üì	„Üì	‰∫å	U+3193 (IDEOGRAPHIC ANNOTATION TWO MARK) preserved SUPERSCRIPT
„Üî	„Üî	‰∏â	U+3194 (IDEOGRAPHIC ANNOTATION THREE MARK) preserved SUPERSCRIPT
„Üï	„Üï	Âõõ	U+3195 (IDEOGRAPHIC ANNOTATION FOUR MARK) preserved SUPERSCRIPT
„Üñ	„Üñ	‰∏ä	U+3196 (IDEOGRAPHIC ANNOTATION TOP MARK) preserved SUPERSCRIPT
„Üó	„Üó	‰∏≠	U+3197 (IDEOGRAPHIC ANNOTATION MIDDLE MARK) preserved SUPERSCRIPT
„Üò	„Üò	‰∏ã	U+3198 (IDEOGRAPHIC ANNOTATION BOTTOM MARK) preserved SUPERSCRIPT
„Üô	„Üô	Áî≤	U+3199 (IDEOGRAPHIC ANNOTATION FIRST MARK) preserved SUPERSCRIPT
„Üö	„Üö	‰πô	U+319A (IDEOGRAPHIC ANNOTATION SECOND MARK) preserved SUPERSCRIPT
„Üõ	„Üõ	‰∏ô	U+319B (IDEOGRAPHIC ANNOTATION THIRD MARK) preserved SUPERSCRIPT
„Üú	„Üú	‰∏Å	U+319C (IDEOGRAPHIC ANNOTATION FOURTH MARK) preserved SUPERSCRIPT
„Üù	„Üù	Â§©	U+319D (IDEOGRAPHIC ANNOTATION HEAVEN MARK) preserved SUPERSCRIPT
„Üû	„Üû	Âú∞	U+319E (IDEOGRAPHIC ANNOTATION EARTH MARK) preserved SUPERSCRIPT
„Üü	„Üü	‰∫∫	U+319F (IDEOGRAPHIC ANNOTATION MAN MARK) preserved SUPERSCRIPT
Íöú	Íöú	—ä	U+A69C (MODIFIER LETTER CYRILLIC HARD SIGN) preserved SUPERSCRIPT
Íöù	Íöù	—å	U+A69D (MODIFIER LETTER CYRILLIC SOFT SIGN) preserved SUPERSCRIPT
Íù∞	Íù∞	ÍùØ	U+A770 (MODIFIER LETTER US) preserved SUPERSCRIPT
Íü∏	Íü∏	ƒ¶	U+A7F8 (MODIFIER LETTER CAPITAL H WITH STROKE) preserved SUPERSCRIPT
Íüπ	Íüπ	≈ì	U+A7F9 (MODIFIER LETTER SMALL LIGATURE OE) preserved SUPERSCRIPT
Í≠ú	Í≠ú	Íúß	U+AB5C (MODIFIER LETTER SMALL HENG) preserved SUPERSCRIPT
Í≠ù	Í≠ù	Í¨∑	U+AB5D (MODIFIER LETTER SMALL L WITH INVERTED LAZY S) preserved SUPERSCRIPT
Í≠û	Í≠û	…´	U+AB5E (MODIFIER LETTER SMALL L WITH MIDDLE TILDE) preserved SUPERSCRIPT
Í≠ü	Í≠ü	Í≠í	U+AB5F (MODIFIER LETTER SMALL U WITH LEFT HOOK) preserved SUPERSCRIPT
Ôπâ	Ôπâ	 ÃÖ	U+FE49 (DASHED OVERLINE) preserved DIACRITIC
Ôπä	Ôπä	 ÃÖ	U+FE4A (CENTRELINE OVERLINE) preserved DIACRITIC
Ôπã	Ôπã	 ÃÖ	U+FE4B (WAVY OVERLINE) preserved DIACRITIC
Ôπå	Ôπå	 ÃÖ	U+FE4C (DOUBLE WAVY OVERLINE) preserved DIACRITIC
Ôπç	Ôπç	_	U+FE4D (DASHED LOW LINE) preserved DIACRITIC
Ôπé	Ôπé	_	U+FE4E (CENTRELINE LOW LINE) preserved DIACRITIC
Ôπè	Ôπè	_	U+FE4F (WAVY LOW LINE) preserved DIACRITIC
üÖ™	üÖ™	MC	U+1F16A (RAISED MC SIGN) preserved SUPERSCRIPT
üÖ´	üÖ´	MD	U+1F16B (RAISED MD SIGN) preserved SUPERSCRIPT
