MapFromString	MapToString	Comment # File CJKCompatibilityMappingAnnotated.tsv, automatically generated by script wildebeest_build.py (Ulf Hermjakob, USC/ISI) based on UnicodeData on Sep 28, 2020, 14:49:33
㋀	1月	U+32C0 (IDEOGRAPHIC TELEGRAPH SYMBOL FOR JANUARY) -> U+0031 (DIGIT ONE) U+6708 (CJK UNIFIED IDEOGRAPH-6708)
㋁	2月	U+32C1 (IDEOGRAPHIC TELEGRAPH SYMBOL FOR FEBRUARY) -> U+0032 (DIGIT TWO) U+6708 (CJK UNIFIED IDEOGRAPH-6708)
㋂	3月	U+32C2 (IDEOGRAPHIC TELEGRAPH SYMBOL FOR MARCH) -> U+0033 (DIGIT THREE) U+6708 (CJK UNIFIED IDEOGRAPH-6708)
㋃	4月	U+32C3 (IDEOGRAPHIC TELEGRAPH SYMBOL FOR APRIL) -> U+0034 (DIGIT FOUR) U+6708 (CJK UNIFIED IDEOGRAPH-6708)
㋄	5月	U+32C4 (IDEOGRAPHIC TELEGRAPH SYMBOL FOR MAY) -> U+0035 (DIGIT FIVE) U+6708 (CJK UNIFIED IDEOGRAPH-6708)
㋅	6月	U+32C5 (IDEOGRAPHIC TELEGRAPH SYMBOL FOR JUNE) -> U+0036 (DIGIT SIX) U+6708 (CJK UNIFIED IDEOGRAPH-6708)
㋆	7月	U+32C6 (IDEOGRAPHIC TELEGRAPH SYMBOL FOR JULY) -> U+0037 (DIGIT SEVEN) U+6708 (CJK UNIFIED IDEOGRAPH-6708)
㋇	8月	U+32C7 (IDEOGRAPHIC TELEGRAPH SYMBOL FOR AUGUST) -> U+0038 (DIGIT EIGHT) U+6708 (CJK UNIFIED IDEOGRAPH-6708)
㋈	9月	U+32C8 (IDEOGRAPHIC TELEGRAPH SYMBOL FOR SEPTEMBER) -> U+0039 (DIGIT NINE) U+6708 (CJK UNIFIED IDEOGRAPH-6708)
㋉	10月	U+32C9 (IDEOGRAPHIC TELEGRAPH SYMBOL FOR OCTOBER) -> U+0031 (DIGIT ONE) U+0030 (DIGIT ZERO) U+6708 (CJK UNIFIED IDEOGRAPH-6708)
㋊	11月	U+32CA (IDEOGRAPHIC TELEGRAPH SYMBOL FOR NOVEMBER) -> U+0031 (DIGIT ONE) U+0031 (DIGIT ONE) U+6708 (CJK UNIFIED IDEOGRAPH-6708)
㋋	12月	U+32CB (IDEOGRAPHIC TELEGRAPH SYMBOL FOR DECEMBER) -> U+0031 (DIGIT ONE) U+0032 (DIGIT TWO) U+6708 (CJK UNIFIED IDEOGRAPH-6708)
㋌	Hg	U+32CC (SQUARE HG) -> U+0048 (LATIN CAPITAL LETTER H) U+0067 (LATIN SMALL LETTER G)
㋍	erg	U+32CD (SQUARE ERG) -> U+0065 (LATIN SMALL LETTER E) U+0072 (LATIN SMALL LETTER R) U+0067 (LATIN SMALL LETTER G)
㋎	eV	U+32CE (SQUARE EV) -> U+0065 (LATIN SMALL LETTER E) U+0056 (LATIN CAPITAL LETTER V)
㋏	LTD	U+32CF (LIMITED LIABILITY SIGN) -> U+004C (LATIN CAPITAL LETTER L) U+0054 (LATIN CAPITAL LETTER T) U+0044 (LATIN CAPITAL LETTER D)
㌀	アパート	U+3300 (SQUARE APAATO) -> U+30A2 (KATAKANA LETTER A) U+30D1 (KATAKANA LETTER PA) U+30FC (KATAKANA-HIRAGANA PROLONGED SOUND MARK) U+30C8 (KATAKANA LETTER TO)
㌁	アルファ	U+3301 (SQUARE ARUHUA) -> U+30A2 (KATAKANA LETTER A) U+30EB (KATAKANA LETTER RU) U+30D5 (KATAKANA LETTER HU) U+30A1 (KATAKANA LETTER SMALL A)
㌂	アンペア	U+3302 (SQUARE ANPEA) -> U+30A2 (KATAKANA LETTER A) U+30F3 (KATAKANA LETTER N) U+30DA (KATAKANA LETTER PE) U+30A2 (KATAKANA LETTER A)
㌃	アール	U+3303 (SQUARE AARU) -> U+30A2 (KATAKANA LETTER A) U+30FC (KATAKANA-HIRAGANA PROLONGED SOUND MARK) U+30EB (KATAKANA LETTER RU)
㌄	イニング	U+3304 (SQUARE ININGU) -> U+30A4 (KATAKANA LETTER I) U+30CB (KATAKANA LETTER NI) U+30F3 (KATAKANA LETTER N) U+30B0 (KATAKANA LETTER GU)
㌅	インチ	U+3305 (SQUARE INTI) -> U+30A4 (KATAKANA LETTER I) U+30F3 (KATAKANA LETTER N) U+30C1 (KATAKANA LETTER TI)
㌆	ウォン	U+3306 (SQUARE UON) -> U+30A6 (KATAKANA LETTER U) U+30A9 (KATAKANA LETTER SMALL O) U+30F3 (KATAKANA LETTER N)
㌇	エスクード	U+3307 (SQUARE ESUKUUDO) -> U+30A8 (KATAKANA LETTER E) U+30B9 (KATAKANA LETTER SU) U+30AF (KATAKANA LETTER KU) U+30FC (KATAKANA-HIRAGANA PROLONGED SOUND MARK) U+30C9 (KATAKANA LETTER DO)
㌈	エーカー	U+3308 (SQUARE EEKAA) -> U+30A8 (KATAKANA LETTER E) U+30FC (KATAKANA-HIRAGANA PROLONGED SOUND MARK) U+30AB (KATAKANA LETTER KA) U+30FC (KATAKANA-HIRAGANA PROLONGED SOUND MARK)
㌉	オンス	U+3309 (SQUARE ONSU) -> U+30AA (KATAKANA LETTER O) U+30F3 (KATAKANA LETTER N) U+30B9 (KATAKANA LETTER SU)
㌊	オーム	U+330A (SQUARE OOMU) -> U+30AA (KATAKANA LETTER O) U+30FC (KATAKANA-HIRAGANA PROLONGED SOUND MARK) U+30E0 (KATAKANA LETTER MU)
㌋	カイリ	U+330B (SQUARE KAIRI) -> U+30AB (KATAKANA LETTER KA) U+30A4 (KATAKANA LETTER I) U+30EA (KATAKANA LETTER RI)
㌌	カラット	U+330C (SQUARE KARATTO) -> U+30AB (KATAKANA LETTER KA) U+30E9 (KATAKANA LETTER RA) U+30C3 (KATAKANA LETTER SMALL TU) U+30C8 (KATAKANA LETTER TO)
㌍	カロリー	U+330D (SQUARE KARORII) -> U+30AB (KATAKANA LETTER KA) U+30ED (KATAKANA LETTER RO) U+30EA (KATAKANA LETTER RI) U+30FC (KATAKANA-HIRAGANA PROLONGED SOUND MARK)
㌎	ガロン	U+330E (SQUARE GARON) -> U+30AC (KATAKANA LETTER GA) U+30ED (KATAKANA LETTER RO) U+30F3 (KATAKANA LETTER N)
㌏	ガンマ	U+330F (SQUARE GANMA) -> U+30AC (KATAKANA LETTER GA) U+30F3 (KATAKANA LETTER N) U+30DE (KATAKANA LETTER MA)
㌐	ギガ	U+3310 (SQUARE GIGA) -> U+30AE (KATAKANA LETTER GI) U+30AC (KATAKANA LETTER GA)
㌑	ギニー	U+3311 (SQUARE GINII) -> U+30AE (KATAKANA LETTER GI) U+30CB (KATAKANA LETTER NI) U+30FC (KATAKANA-HIRAGANA PROLONGED SOUND MARK)
㌒	キュリー	U+3312 (SQUARE KYURII) -> U+30AD (KATAKANA LETTER KI) U+30E5 (KATAKANA LETTER SMALL YU) U+30EA (KATAKANA LETTER RI) U+30FC (KATAKANA-HIRAGANA PROLONGED SOUND MARK)
㌓	ギルダー	U+3313 (SQUARE GIRUDAA) -> U+30AE (KATAKANA LETTER GI) U+30EB (KATAKANA LETTER RU) U+30C0 (KATAKANA LETTER DA) U+30FC (KATAKANA-HIRAGANA PROLONGED SOUND MARK)
㌔	キロ	U+3314 (SQUARE KIRO) -> U+30AD (KATAKANA LETTER KI) U+30ED (KATAKANA LETTER RO)
㌕	キログラム	U+3315 (SQUARE KIROGURAMU) -> U+30AD (KATAKANA LETTER KI) U+30ED (KATAKANA LETTER RO) U+30B0 (KATAKANA LETTER GU) U+30E9 (KATAKANA LETTER RA) U+30E0 (KATAKANA LETTER MU)
㌖	キロメートル	U+3316 (SQUARE KIROMEETORU) -> U+30AD (KATAKANA LETTER KI) U+30ED (KATAKANA LETTER RO) U+30E1 (KATAKANA LETTER ME) U+30FC (KATAKANA-HIRAGANA PROLONGED SOUND MARK) U+30C8 (KATAKANA LETTER TO) U+30EB (KATAKANA LETTER RU)
㌗	キロワット	U+3317 (SQUARE KIROWATTO) -> U+30AD (KATAKANA LETTER KI) U+30ED (KATAKANA LETTER RO) U+30EF (KATAKANA LETTER WA) U+30C3 (KATAKANA LETTER SMALL TU) U+30C8 (KATAKANA LETTER TO)
㌘	グラム	U+3318 (SQUARE GURAMU) -> U+30B0 (KATAKANA LETTER GU) U+30E9 (KATAKANA LETTER RA) U+30E0 (KATAKANA LETTER MU)
㌙	グラムトン	U+3319 (SQUARE GURAMUTON) -> U+30B0 (KATAKANA LETTER GU) U+30E9 (KATAKANA LETTER RA) U+30E0 (KATAKANA LETTER MU) U+30C8 (KATAKANA LETTER TO) U+30F3 (KATAKANA LETTER N)
㌚	クルゼイロ	U+331A (SQUARE KURUZEIRO) -> U+30AF (KATAKANA LETTER KU) U+30EB (KATAKANA LETTER RU) U+30BC (KATAKANA LETTER ZE) U+30A4 (KATAKANA LETTER I) U+30ED (KATAKANA LETTER RO)
㌛	クローネ	U+331B (SQUARE KUROONE) -> U+30AF (KATAKANA LETTER KU) U+30ED (KATAKANA LETTER RO) U+30FC (KATAKANA-HIRAGANA PROLONGED SOUND MARK) U+30CD (KATAKANA LETTER NE)
㌜	ケース	U+331C (SQUARE KEESU) -> U+30B1 (KATAKANA LETTER KE) U+30FC (KATAKANA-HIRAGANA PROLONGED SOUND MARK) U+30B9 (KATAKANA LETTER SU)
㌝	コルナ	U+331D (SQUARE KORUNA) -> U+30B3 (KATAKANA LETTER KO) U+30EB (KATAKANA LETTER RU) U+30CA (KATAKANA LETTER NA)
㌞	コーポ	U+331E (SQUARE KOOPO) -> U+30B3 (KATAKANA LETTER KO) U+30FC (KATAKANA-HIRAGANA PROLONGED SOUND MARK) U+30DD (KATAKANA LETTER PO)
㌟	サイクル	U+331F (SQUARE SAIKURU) -> U+30B5 (KATAKANA LETTER SA) U+30A4 (KATAKANA LETTER I) U+30AF (KATAKANA LETTER KU) U+30EB (KATAKANA LETTER RU)
㌠	サンチーム	U+3320 (SQUARE SANTIIMU) -> U+30B5 (KATAKANA LETTER SA) U+30F3 (KATAKANA LETTER N) U+30C1 (KATAKANA LETTER TI) U+30FC (KATAKANA-HIRAGANA PROLONGED SOUND MARK) U+30E0 (KATAKANA LETTER MU)
㌡	シリング	U+3321 (SQUARE SIRINGU) -> U+30B7 (KATAKANA LETTER SI) U+30EA (KATAKANA LETTER RI) U+30F3 (KATAKANA LETTER N) U+30B0 (KATAKANA LETTER GU)
㌢	センチ	U+3322 (SQUARE SENTI) -> U+30BB (KATAKANA LETTER SE) U+30F3 (KATAKANA LETTER N) U+30C1 (KATAKANA LETTER TI)
㌣	セント	U+3323 (SQUARE SENTO) -> U+30BB (KATAKANA LETTER SE) U+30F3 (KATAKANA LETTER N) U+30C8 (KATAKANA LETTER TO)
㌤	ダース	U+3324 (SQUARE DAASU) -> U+30C0 (KATAKANA LETTER DA) U+30FC (KATAKANA-HIRAGANA PROLONGED SOUND MARK) U+30B9 (KATAKANA LETTER SU)
㌥	デシ	U+3325 (SQUARE DESI) -> U+30C7 (KATAKANA LETTER DE) U+30B7 (KATAKANA LETTER SI)
㌦	ドル	U+3326 (SQUARE DORU) -> U+30C9 (KATAKANA LETTER DO) U+30EB (KATAKANA LETTER RU)
㌧	トン	U+3327 (SQUARE TON) -> U+30C8 (KATAKANA LETTER TO) U+30F3 (KATAKANA LETTER N)
㌨	ナノ	U+3328 (SQUARE NANO) -> U+30CA (KATAKANA LETTER NA) U+30CE (KATAKANA LETTER NO)
㌩	ノット	U+3329 (SQUARE NOTTO) -> U+30CE (KATAKANA LETTER NO) U+30C3 (KATAKANA LETTER SMALL TU) U+30C8 (KATAKANA LETTER TO)
㌪	ハイツ	U+332A (SQUARE HAITU) -> U+30CF (KATAKANA LETTER HA) U+30A4 (KATAKANA LETTER I) U+30C4 (KATAKANA LETTER TU)
㌫	パーセント	U+332B (SQUARE PAASENTO) -> U+30D1 (KATAKANA LETTER PA) U+30FC (KATAKANA-HIRAGANA PROLONGED SOUND MARK) U+30BB (KATAKANA LETTER SE) U+30F3 (KATAKANA LETTER N) U+30C8 (KATAKANA LETTER TO)
㌬	パーツ	U+332C (SQUARE PAATU) -> U+30D1 (KATAKANA LETTER PA) U+30FC (KATAKANA-HIRAGANA PROLONGED SOUND MARK) U+30C4 (KATAKANA LETTER TU)
㌭	バーレル	U+332D (SQUARE BAARERU) -> U+30D0 (KATAKANA LETTER BA) U+30FC (KATAKANA-HIRAGANA PROLONGED SOUND MARK) U+30EC (KATAKANA LETTER RE) U+30EB (KATAKANA LETTER RU)
㌮	ピアストル	U+332E (SQUARE PIASUTORU) -> U+30D4 (KATAKANA LETTER PI) U+30A2 (KATAKANA LETTER A) U+30B9 (KATAKANA LETTER SU) U+30C8 (KATAKANA LETTER TO) U+30EB (KATAKANA LETTER RU)
㌯	ピクル	U+332F (SQUARE PIKURU) -> U+30D4 (KATAKANA LETTER PI) U+30AF (KATAKANA LETTER KU) U+30EB (KATAKANA LETTER RU)
㌰	ピコ	U+3330 (SQUARE PIKO) -> U+30D4 (KATAKANA LETTER PI) U+30B3 (KATAKANA LETTER KO)
㌱	ビル	U+3331 (SQUARE BIRU) -> U+30D3 (KATAKANA LETTER BI) U+30EB (KATAKANA LETTER RU)
㌲	ファラッド	U+3332 (SQUARE HUARADDO) -> U+30D5 (KATAKANA LETTER HU) U+30A1 (KATAKANA LETTER SMALL A) U+30E9 (KATAKANA LETTER RA) U+30C3 (KATAKANA LETTER SMALL TU) U+30C9 (KATAKANA LETTER DO)
㌳	フィート	U+3333 (SQUARE HUIITO) -> U+30D5 (KATAKANA LETTER HU) U+30A3 (KATAKANA LETTER SMALL I) U+30FC (KATAKANA-HIRAGANA PROLONGED SOUND MARK) U+30C8 (KATAKANA LETTER TO)
㌴	ブッシェル	U+3334 (SQUARE BUSSYERU) -> U+30D6 (KATAKANA LETTER BU) U+30C3 (KATAKANA LETTER SMALL TU) U+30B7 (KATAKANA LETTER SI) U+30A7 (KATAKANA LETTER SMALL E) U+30EB (KATAKANA LETTER RU)
㌵	フラン	U+3335 (SQUARE HURAN) -> U+30D5 (KATAKANA LETTER HU) U+30E9 (KATAKANA LETTER RA) U+30F3 (KATAKANA LETTER N)
㌶	ヘクタール	U+3336 (SQUARE HEKUTAARU) -> U+30D8 (KATAKANA LETTER HE) U+30AF (KATAKANA LETTER KU) U+30BF (KATAKANA LETTER TA) U+30FC (KATAKANA-HIRAGANA PROLONGED SOUND MARK) U+30EB (KATAKANA LETTER RU)
㌷	ペソ	U+3337 (SQUARE PESO) -> U+30DA (KATAKANA LETTER PE) U+30BD (KATAKANA LETTER SO)
㌸	ペニヒ	U+3338 (SQUARE PENIHI) -> U+30DA (KATAKANA LETTER PE) U+30CB (KATAKANA LETTER NI) U+30D2 (KATAKANA LETTER HI)
㌹	ヘルツ	U+3339 (SQUARE HERUTU) -> U+30D8 (KATAKANA LETTER HE) U+30EB (KATAKANA LETTER RU) U+30C4 (KATAKANA LETTER TU)
㌺	ペンス	U+333A (SQUARE PENSU) -> U+30DA (KATAKANA LETTER PE) U+30F3 (KATAKANA LETTER N) U+30B9 (KATAKANA LETTER SU)
㌻	ページ	U+333B (SQUARE PEEZI) -> U+30DA (KATAKANA LETTER PE) U+30FC (KATAKANA-HIRAGANA PROLONGED SOUND MARK) U+30B8 (KATAKANA LETTER ZI)
㌼	ベータ	U+333C (SQUARE BEETA) -> U+30D9 (KATAKANA LETTER BE) U+30FC (KATAKANA-HIRAGANA PROLONGED SOUND MARK) U+30BF (KATAKANA LETTER TA)
㌽	ポイント	U+333D (SQUARE POINTO) -> U+30DD (KATAKANA LETTER PO) U+30A4 (KATAKANA LETTER I) U+30F3 (KATAKANA LETTER N) U+30C8 (KATAKANA LETTER TO)
㌾	ボルト	U+333E (SQUARE BORUTO) -> U+30DC (KATAKANA LETTER BO) U+30EB (KATAKANA LETTER RU) U+30C8 (KATAKANA LETTER TO)
㌿	ホン	U+333F (SQUARE HON) -> U+30DB (KATAKANA LETTER HO) U+30F3 (KATAKANA LETTER N)
㍀	ポンド	U+3340 (SQUARE PONDO) -> U+30DD (KATAKANA LETTER PO) U+30F3 (KATAKANA LETTER N) U+30C9 (KATAKANA LETTER DO)
㍁	ホール	U+3341 (SQUARE HOORU) -> U+30DB (KATAKANA LETTER HO) U+30FC (KATAKANA-HIRAGANA PROLONGED SOUND MARK) U+30EB (KATAKANA LETTER RU)
㍂	ホーン	U+3342 (SQUARE HOON) -> U+30DB (KATAKANA LETTER HO) U+30FC (KATAKANA-HIRAGANA PROLONGED SOUND MARK) U+30F3 (KATAKANA LETTER N)
㍃	マイクロ	U+3343 (SQUARE MAIKURO) -> U+30DE (KATAKANA LETTER MA) U+30A4 (KATAKANA LETTER I) U+30AF (KATAKANA LETTER KU) U+30ED (KATAKANA LETTER RO)
㍄	マイル	U+3344 (SQUARE MAIRU) -> U+30DE (KATAKANA LETTER MA) U+30A4 (KATAKANA LETTER I) U+30EB (KATAKANA LETTER RU)
㍅	マッハ	U+3345 (SQUARE MAHHA) -> U+30DE (KATAKANA LETTER MA) U+30C3 (KATAKANA LETTER SMALL TU) U+30CF (KATAKANA LETTER HA)
㍆	マルク	U+3346 (SQUARE MARUKU) -> U+30DE (KATAKANA LETTER MA) U+30EB (KATAKANA LETTER RU) U+30AF (KATAKANA LETTER KU)
㍇	マンション	U+3347 (SQUARE MANSYON) -> U+30DE (KATAKANA LETTER MA) U+30F3 (KATAKANA LETTER N) U+30B7 (KATAKANA LETTER SI) U+30E7 (KATAKANA LETTER SMALL YO) U+30F3 (KATAKANA LETTER N)
㍈	ミクロン	U+3348 (SQUARE MIKURON) -> U+30DF (KATAKANA LETTER MI) U+30AF (KATAKANA LETTER KU) U+30ED (KATAKANA LETTER RO) U+30F3 (KATAKANA LETTER N)
㍉	ミリ	U+3349 (SQUARE MIRI) -> U+30DF (KATAKANA LETTER MI) U+30EA (KATAKANA LETTER RI)
㍊	ミリバール	U+334A (SQUARE MIRIBAARU) -> U+30DF (KATAKANA LETTER MI) U+30EA (KATAKANA LETTER RI) U+30D0 (KATAKANA LETTER BA) U+30FC (KATAKANA-HIRAGANA PROLONGED SOUND MARK) U+30EB (KATAKANA LETTER RU)
㍋	メガ	U+334B (SQUARE MEGA) -> U+30E1 (KATAKANA LETTER ME) U+30AC (KATAKANA LETTER GA)
㍌	メガトン	U+334C (SQUARE MEGATON) -> U+30E1 (KATAKANA LETTER ME) U+30AC (KATAKANA LETTER GA) U+30C8 (KATAKANA LETTER TO) U+30F3 (KATAKANA LETTER N)
㍍	メートル	U+334D (SQUARE MEETORU) -> U+30E1 (KATAKANA LETTER ME) U+30FC (KATAKANA-HIRAGANA PROLONGED SOUND MARK) U+30C8 (KATAKANA LETTER TO) U+30EB (KATAKANA LETTER RU)
㍎	ヤード	U+334E (SQUARE YAADO) -> U+30E4 (KATAKANA LETTER YA) U+30FC (KATAKANA-HIRAGANA PROLONGED SOUND MARK) U+30C9 (KATAKANA LETTER DO)
㍏	ヤール	U+334F (SQUARE YAARU) -> U+30E4 (KATAKANA LETTER YA) U+30FC (KATAKANA-HIRAGANA PROLONGED SOUND MARK) U+30EB (KATAKANA LETTER RU)
㍐	ユアン	U+3350 (SQUARE YUAN) -> U+30E6 (KATAKANA LETTER YU) U+30A2 (KATAKANA LETTER A) U+30F3 (KATAKANA LETTER N)
㍑	リットル	U+3351 (SQUARE RITTORU) -> U+30EA (KATAKANA LETTER RI) U+30C3 (KATAKANA LETTER SMALL TU) U+30C8 (KATAKANA LETTER TO) U+30EB (KATAKANA LETTER RU)
㍒	リラ	U+3352 (SQUARE RIRA) -> U+30EA (KATAKANA LETTER RI) U+30E9 (KATAKANA LETTER RA)
㍓	ルピー	U+3353 (SQUARE RUPII) -> U+30EB (KATAKANA LETTER RU) U+30D4 (KATAKANA LETTER PI) U+30FC (KATAKANA-HIRAGANA PROLONGED SOUND MARK)
㍔	ルーブル	U+3354 (SQUARE RUUBURU) -> U+30EB (KATAKANA LETTER RU) U+30FC (KATAKANA-HIRAGANA PROLONGED SOUND MARK) U+30D6 (KATAKANA LETTER BU) U+30EB (KATAKANA LETTER RU)
㍕	レム	U+3355 (SQUARE REMU) -> U+30EC (KATAKANA LETTER RE) U+30E0 (KATAKANA LETTER MU)
㍖	レントゲン	U+3356 (SQUARE RENTOGEN) -> U+30EC (KATAKANA LETTER RE) U+30F3 (KATAKANA LETTER N) U+30C8 (KATAKANA LETTER TO) U+30B2 (KATAKANA LETTER GE) U+30F3 (KATAKANA LETTER N)
㍗	ワット	U+3357 (SQUARE WATTO) -> U+30EF (KATAKANA LETTER WA) U+30C3 (KATAKANA LETTER SMALL TU) U+30C8 (KATAKANA LETTER TO)
㍘	0点	U+3358 (IDEOGRAPHIC TELEGRAPH SYMBOL FOR HOUR ZERO) -> U+0030 (DIGIT ZERO) U+70B9 (CJK UNIFIED IDEOGRAPH-70B9)
㍙	1点	U+3359 (IDEOGRAPHIC TELEGRAPH SYMBOL FOR HOUR ONE) -> U+0031 (DIGIT ONE) U+70B9 (CJK UNIFIED IDEOGRAPH-70B9)
㍚	2点	U+335A (IDEOGRAPHIC TELEGRAPH SYMBOL FOR HOUR TWO) -> U+0032 (DIGIT TWO) U+70B9 (CJK UNIFIED IDEOGRAPH-70B9)
㍛	3点	U+335B (IDEOGRAPHIC TELEGRAPH SYMBOL FOR HOUR THREE) -> U+0033 (DIGIT THREE) U+70B9 (CJK UNIFIED IDEOGRAPH-70B9)
㍜	4点	U+335C (IDEOGRAPHIC TELEGRAPH SYMBOL FOR HOUR FOUR) -> U+0034 (DIGIT FOUR) U+70B9 (CJK UNIFIED IDEOGRAPH-70B9)
㍝	5点	U+335D (IDEOGRAPHIC TELEGRAPH SYMBOL FOR HOUR FIVE) -> U+0035 (DIGIT FIVE) U+70B9 (CJK UNIFIED IDEOGRAPH-70B9)
㍞	6点	U+335E (IDEOGRAPHIC TELEGRAPH SYMBOL FOR HOUR SIX) -> U+0036 (DIGIT SIX) U+70B9 (CJK UNIFIED IDEOGRAPH-70B9)
㍟	7点	U+335F (IDEOGRAPHIC TELEGRAPH SYMBOL FOR HOUR SEVEN) -> U+0037 (DIGIT SEVEN) U+70B9 (CJK UNIFIED IDEOGRAPH-70B9)
㍠	8点	U+3360 (IDEOGRAPHIC TELEGRAPH SYMBOL FOR HOUR EIGHT) -> U+0038 (DIGIT EIGHT) U+70B9 (CJK UNIFIED IDEOGRAPH-70B9)
㍡	9点	U+3361 (IDEOGRAPHIC TELEGRAPH SYMBOL FOR HOUR NINE) -> U+0039 (DIGIT NINE) U+70B9 (CJK UNIFIED IDEOGRAPH-70B9)
㍢	10点	U+3362 (IDEOGRAPHIC TELEGRAPH SYMBOL FOR HOUR TEN) -> U+0031 (DIGIT ONE) U+0030 (DIGIT ZERO) U+70B9 (CJK UNIFIED IDEOGRAPH-70B9)
㍣	11点	U+3363 (IDEOGRAPHIC TELEGRAPH SYMBOL FOR HOUR ELEVEN) -> U+0031 (DIGIT ONE) U+0031 (DIGIT ONE) U+70B9 (CJK UNIFIED IDEOGRAPH-70B9)
㍤	12点	U+3364 (IDEOGRAPHIC TELEGRAPH SYMBOL FOR HOUR TWELVE) -> U+0031 (DIGIT ONE) U+0032 (DIGIT TWO) U+70B9 (CJK UNIFIED IDEOGRAPH-70B9)
㍥	13点	U+3365 (IDEOGRAPHIC TELEGRAPH SYMBOL FOR HOUR THIRTEEN) -> U+0031 (DIGIT ONE) U+0033 (DIGIT THREE) U+70B9 (CJK UNIFIED IDEOGRAPH-70B9)
㍦	14点	U+3366 (IDEOGRAPHIC TELEGRAPH SYMBOL FOR HOUR FOURTEEN) -> U+0031 (DIGIT ONE) U+0034 (DIGIT FOUR) U+70B9 (CJK UNIFIED IDEOGRAPH-70B9)
㍧	15点	U+3367 (IDEOGRAPHIC TELEGRAPH SYMBOL FOR HOUR FIFTEEN) -> U+0031 (DIGIT ONE) U+0035 (DIGIT FIVE) U+70B9 (CJK UNIFIED IDEOGRAPH-70B9)
㍨	16点	U+3368 (IDEOGRAPHIC TELEGRAPH SYMBOL FOR HOUR SIXTEEN) -> U+0031 (DIGIT ONE) U+0036 (DIGIT SIX) U+70B9 (CJK UNIFIED IDEOGRAPH-70B9)
㍩	17点	U+3369 (IDEOGRAPHIC TELEGRAPH SYMBOL FOR HOUR SEVENTEEN) -> U+0031 (DIGIT ONE) U+0037 (DIGIT SEVEN) U+70B9 (CJK UNIFIED IDEOGRAPH-70B9)
㍪	18点	U+336A (IDEOGRAPHIC TELEGRAPH SYMBOL FOR HOUR EIGHTEEN) -> U+0031 (DIGIT ONE) U+0038 (DIGIT EIGHT) U+70B9 (CJK UNIFIED IDEOGRAPH-70B9)
㍫	19点	U+336B (IDEOGRAPHIC TELEGRAPH SYMBOL FOR HOUR NINETEEN) -> U+0031 (DIGIT ONE) U+0039 (DIGIT NINE) U+70B9 (CJK UNIFIED IDEOGRAPH-70B9)
㍬	20点	U+336C (IDEOGRAPHIC TELEGRAPH SYMBOL FOR HOUR TWENTY) -> U+0032 (DIGIT TWO) U+0030 (DIGIT ZERO) U+70B9 (CJK UNIFIED IDEOGRAPH-70B9)
㍭	21点	U+336D (IDEOGRAPHIC TELEGRAPH SYMBOL FOR HOUR TWENTY-ONE) -> U+0032 (DIGIT TWO) U+0031 (DIGIT ONE) U+70B9 (CJK UNIFIED IDEOGRAPH-70B9)
㍮	22点	U+336E (IDEOGRAPHIC TELEGRAPH SYMBOL FOR HOUR TWENTY-TWO) -> U+0032 (DIGIT TWO) U+0032 (DIGIT TWO) U+70B9 (CJK UNIFIED IDEOGRAPH-70B9)
㍯	23点	U+336F (IDEOGRAPHIC TELEGRAPH SYMBOL FOR HOUR TWENTY-THREE) -> U+0032 (DIGIT TWO) U+0033 (DIGIT THREE) U+70B9 (CJK UNIFIED IDEOGRAPH-70B9)
㍰	24点	U+3370 (IDEOGRAPHIC TELEGRAPH SYMBOL FOR HOUR TWENTY-FOUR) -> U+0032 (DIGIT TWO) U+0034 (DIGIT FOUR) U+70B9 (CJK UNIFIED IDEOGRAPH-70B9)
㍱	hPa	U+3371 (SQUARE HPA) -> U+0068 (LATIN SMALL LETTER H) U+0050 (LATIN CAPITAL LETTER P) U+0061 (LATIN SMALL LETTER A)
㍲	da	U+3372 (SQUARE DA) -> U+0064 (LATIN SMALL LETTER D) U+0061 (LATIN SMALL LETTER A)
㍳	AU	U+3373 (SQUARE AU) -> U+0041 (LATIN CAPITAL LETTER A) U+0055 (LATIN CAPITAL LETTER U)
㍴	bar	U+3374 (SQUARE BAR) -> U+0062 (LATIN SMALL LETTER B) U+0061 (LATIN SMALL LETTER A) U+0072 (LATIN SMALL LETTER R)
㍵	oV	U+3375 (SQUARE OV) -> U+006F (LATIN SMALL LETTER O) U+0056 (LATIN CAPITAL LETTER V)
㍶	pc	U+3376 (SQUARE PC) -> U+0070 (LATIN SMALL LETTER P) U+0063 (LATIN SMALL LETTER C)
㍷	dm	U+3377 (SQUARE DM) -> U+0064 (LATIN SMALL LETTER D) U+006D (LATIN SMALL LETTER M)
㍸	dm²	U+3378 (SQUARE DM SQUARED) -> U+0064 (LATIN SMALL LETTER D) U+006D (LATIN SMALL LETTER M) U+00B2 (SUPERSCRIPT TWO)   NFKC-ref: dm2
㍹	dm³	U+3379 (SQUARE DM CUBED) -> U+0064 (LATIN SMALL LETTER D) U+006D (LATIN SMALL LETTER M) U+00B3 (SUPERSCRIPT THREE)   NFKC-ref: dm3
㍺	IU	U+337A (SQUARE IU) -> U+0049 (LATIN CAPITAL LETTER I) U+0055 (LATIN CAPITAL LETTER U)
㍻	平成	U+337B (SQUARE ERA NAME HEISEI) -> U+5E73 (CJK UNIFIED IDEOGRAPH-5E73) U+6210 (CJK UNIFIED IDEOGRAPH-6210)
㍼	昭和	U+337C (SQUARE ERA NAME SYOUWA) -> U+662D (CJK UNIFIED IDEOGRAPH-662D) U+548C (CJK UNIFIED IDEOGRAPH-548C)
㍽	大正	U+337D (SQUARE ERA NAME TAISYOU) -> U+5927 (CJK UNIFIED IDEOGRAPH-5927) U+6B63 (CJK UNIFIED IDEOGRAPH-6B63)
㍾	明治	U+337E (SQUARE ERA NAME MEIZI) -> U+660E (CJK UNIFIED IDEOGRAPH-660E) U+6CBB (CJK UNIFIED IDEOGRAPH-6CBB)
㍿	株式会社	U+337F (SQUARE CORPORATION) -> U+682A (CJK UNIFIED IDEOGRAPH-682A) U+5F0F (CJK UNIFIED IDEOGRAPH-5F0F) U+4F1A (CJK UNIFIED IDEOGRAPH-4F1A) U+793E (CJK UNIFIED IDEOGRAPH-793E)
㎀	pA	U+3380 (SQUARE PA AMPS) -> U+0070 (LATIN SMALL LETTER P) U+0041 (LATIN CAPITAL LETTER A)
㎁	nA	U+3381 (SQUARE NA) -> U+006E (LATIN SMALL LETTER N) U+0041 (LATIN CAPITAL LETTER A)
㎂	μA	U+3382 (SQUARE MU A) -> U+03BC (GREEK SMALL LETTER MU) U+0041 (LATIN CAPITAL LETTER A)
㎃	mA	U+3383 (SQUARE MA) -> U+006D (LATIN SMALL LETTER M) U+0041 (LATIN CAPITAL LETTER A)
㎄	kA	U+3384 (SQUARE KA) -> U+006B (LATIN SMALL LETTER K) U+0041 (LATIN CAPITAL LETTER A)
㎅	KB	U+3385 (SQUARE KB) -> U+004B (LATIN CAPITAL LETTER K) U+0042 (LATIN CAPITAL LETTER B)
㎆	MB	U+3386 (SQUARE MB) -> U+004D (LATIN CAPITAL LETTER M) U+0042 (LATIN CAPITAL LETTER B)
㎇	GB	U+3387 (SQUARE GB) -> U+0047 (LATIN CAPITAL LETTER G) U+0042 (LATIN CAPITAL LETTER B)
㎈	cal	U+3388 (SQUARE CAL) -> U+0063 (LATIN SMALL LETTER C) U+0061 (LATIN SMALL LETTER A) U+006C (LATIN SMALL LETTER L)
㎉	kcal	U+3389 (SQUARE KCAL) -> U+006B (LATIN SMALL LETTER K) U+0063 (LATIN SMALL LETTER C) U+0061 (LATIN SMALL LETTER A) U+006C (LATIN SMALL LETTER L)
㎊	pF	U+338A (SQUARE PF) -> U+0070 (LATIN SMALL LETTER P) U+0046 (LATIN CAPITAL LETTER F)
㎋	nF	U+338B (SQUARE NF) -> U+006E (LATIN SMALL LETTER N) U+0046 (LATIN CAPITAL LETTER F)
㎌	μF	U+338C (SQUARE MU F) -> U+03BC (GREEK SMALL LETTER MU) U+0046 (LATIN CAPITAL LETTER F)
㎍	μg	U+338D (SQUARE MU G) -> U+03BC (GREEK SMALL LETTER MU) U+0067 (LATIN SMALL LETTER G)
㎎	mg	U+338E (SQUARE MG) -> U+006D (LATIN SMALL LETTER M) U+0067 (LATIN SMALL LETTER G)
㎏	kg	U+338F (SQUARE KG) -> U+006B (LATIN SMALL LETTER K) U+0067 (LATIN SMALL LETTER G)
㎐	Hz	U+3390 (SQUARE HZ) -> U+0048 (LATIN CAPITAL LETTER H) U+007A (LATIN SMALL LETTER Z)
㎑	kHz	U+3391 (SQUARE KHZ) -> U+006B (LATIN SMALL LETTER K) U+0048 (LATIN CAPITAL LETTER H) U+007A (LATIN SMALL LETTER Z)
㎒	MHz	U+3392 (SQUARE MHZ) -> U+004D (LATIN CAPITAL LETTER M) U+0048 (LATIN CAPITAL LETTER H) U+007A (LATIN SMALL LETTER Z)
㎓	GHz	U+3393 (SQUARE GHZ) -> U+0047 (LATIN CAPITAL LETTER G) U+0048 (LATIN CAPITAL LETTER H) U+007A (LATIN SMALL LETTER Z)
㎔	THz	U+3394 (SQUARE THZ) -> U+0054 (LATIN CAPITAL LETTER T) U+0048 (LATIN CAPITAL LETTER H) U+007A (LATIN SMALL LETTER Z)
㎕	μl	U+3395 (SQUARE MU L) -> U+03BC (GREEK SMALL LETTER MU) U+006C (LATIN SMALL LETTER L)
㎖	ml	U+3396 (SQUARE ML) -> U+006D (LATIN SMALL LETTER M) U+006C (LATIN SMALL LETTER L)
㎗	dl	U+3397 (SQUARE DL) -> U+0064 (LATIN SMALL LETTER D) U+006C (LATIN SMALL LETTER L)
㎘	kl	U+3398 (SQUARE KL) -> U+006B (LATIN SMALL LETTER K) U+006C (LATIN SMALL LETTER L)
㎙	fm	U+3399 (SQUARE FM) -> U+0066 (LATIN SMALL LETTER F) U+006D (LATIN SMALL LETTER M)
㎚	nm	U+339A (SQUARE NM) -> U+006E (LATIN SMALL LETTER N) U+006D (LATIN SMALL LETTER M)
㎛	μm	U+339B (SQUARE MU M) -> U+03BC (GREEK SMALL LETTER MU) U+006D (LATIN SMALL LETTER M)
㎜	mm	U+339C (SQUARE MM) -> U+006D (LATIN SMALL LETTER M) U+006D (LATIN SMALL LETTER M)
㎝	cm	U+339D (SQUARE CM) -> U+0063 (LATIN SMALL LETTER C) U+006D (LATIN SMALL LETTER M)
㎞	km	U+339E (SQUARE KM) -> U+006B (LATIN SMALL LETTER K) U+006D (LATIN SMALL LETTER M)
㎟	mm²	U+339F (SQUARE MM SQUARED) -> U+006D (LATIN SMALL LETTER M) U+006D (LATIN SMALL LETTER M) U+00B2 (SUPERSCRIPT TWO)   NFKC-ref: mm2
㎠	cm²	U+33A0 (SQUARE CM SQUARED) -> U+0063 (LATIN SMALL LETTER C) U+006D (LATIN SMALL LETTER M) U+00B2 (SUPERSCRIPT TWO)   NFKC-ref: cm2
㎡	m²	U+33A1 (SQUARE M SQUARED) -> U+006D (LATIN SMALL LETTER M) U+00B2 (SUPERSCRIPT TWO)   NFKC-ref: m2
㎢	km²	U+33A2 (SQUARE KM SQUARED) -> U+006B (LATIN SMALL LETTER K) U+006D (LATIN SMALL LETTER M) U+00B2 (SUPERSCRIPT TWO)   NFKC-ref: km2
㎣	mm³	U+33A3 (SQUARE MM CUBED) -> U+006D (LATIN SMALL LETTER M) U+006D (LATIN SMALL LETTER M) U+00B3 (SUPERSCRIPT THREE)   NFKC-ref: mm3
㎤	cm³	U+33A4 (SQUARE CM CUBED) -> U+0063 (LATIN SMALL LETTER C) U+006D (LATIN SMALL LETTER M) U+00B3 (SUPERSCRIPT THREE)   NFKC-ref: cm3
㎥	m³	U+33A5 (SQUARE M CUBED) -> U+006D (LATIN SMALL LETTER M) U+00B3 (SUPERSCRIPT THREE)   NFKC-ref: m3
㎦	km³	U+33A6 (SQUARE KM CUBED) -> U+006B (LATIN SMALL LETTER K) U+006D (LATIN SMALL LETTER M) U+00B3 (SUPERSCRIPT THREE)   NFKC-ref: km3
㎧	m∕s	U+33A7 (SQUARE M OVER S) -> U+006D (LATIN SMALL LETTER M) U+2215 (DIVISION SLASH) U+0073 (LATIN SMALL LETTER S)
㎨	m∕s²	U+33A8 (SQUARE M OVER S SQUARED) -> U+006D (LATIN SMALL LETTER M) U+2215 (DIVISION SLASH) U+0073 (LATIN SMALL LETTER S) U+00B2 (SUPERSCRIPT TWO)   NFKC-ref: m∕s2
㎩	Pa	U+33A9 (SQUARE PA) -> U+0050 (LATIN CAPITAL LETTER P) U+0061 (LATIN SMALL LETTER A)
㎪	kPa	U+33AA (SQUARE KPA) -> U+006B (LATIN SMALL LETTER K) U+0050 (LATIN CAPITAL LETTER P) U+0061 (LATIN SMALL LETTER A)
㎫	MPa	U+33AB (SQUARE MPA) -> U+004D (LATIN CAPITAL LETTER M) U+0050 (LATIN CAPITAL LETTER P) U+0061 (LATIN SMALL LETTER A)
㎬	GPa	U+33AC (SQUARE GPA) -> U+0047 (LATIN CAPITAL LETTER G) U+0050 (LATIN CAPITAL LETTER P) U+0061 (LATIN SMALL LETTER A)
㎭	rad	U+33AD (SQUARE RAD) -> U+0072 (LATIN SMALL LETTER R) U+0061 (LATIN SMALL LETTER A) U+0064 (LATIN SMALL LETTER D)
㎮	rad∕s	U+33AE (SQUARE RAD OVER S) -> U+0072 (LATIN SMALL LETTER R) U+0061 (LATIN SMALL LETTER A) U+0064 (LATIN SMALL LETTER D) U+2215 (DIVISION SLASH) U+0073 (LATIN SMALL LETTER S)
㎯	rad∕s²	U+33AF (SQUARE RAD OVER S SQUARED) -> U+0072 (LATIN SMALL LETTER R) U+0061 (LATIN SMALL LETTER A) U+0064 (LATIN SMALL LETTER D) U+2215 (DIVISION SLASH) U+0073 (LATIN SMALL LETTER S) U+00B2 (SUPERSCRIPT TWO)   NFKC-ref: rad∕s2
㎰	ps	U+33B0 (SQUARE PS) -> U+0070 (LATIN SMALL LETTER P) U+0073 (LATIN SMALL LETTER S)
㎱	ns	U+33B1 (SQUARE NS) -> U+006E (LATIN SMALL LETTER N) U+0073 (LATIN SMALL LETTER S)
㎲	μs	U+33B2 (SQUARE MU S) -> U+03BC (GREEK SMALL LETTER MU) U+0073 (LATIN SMALL LETTER S)
㎳	ms	U+33B3 (SQUARE MS) -> U+006D (LATIN SMALL LETTER M) U+0073 (LATIN SMALL LETTER S)
㎴	pV	U+33B4 (SQUARE PV) -> U+0070 (LATIN SMALL LETTER P) U+0056 (LATIN CAPITAL LETTER V)
㎵	nV	U+33B5 (SQUARE NV) -> U+006E (LATIN SMALL LETTER N) U+0056 (LATIN CAPITAL LETTER V)
㎶	μV	U+33B6 (SQUARE MU V) -> U+03BC (GREEK SMALL LETTER MU) U+0056 (LATIN CAPITAL LETTER V)
㎷	mV	U+33B7 (SQUARE MV) -> U+006D (LATIN SMALL LETTER M) U+0056 (LATIN CAPITAL LETTER V)
㎸	kV	U+33B8 (SQUARE KV) -> U+006B (LATIN SMALL LETTER K) U+0056 (LATIN CAPITAL LETTER V)
㎹	MV	U+33B9 (SQUARE MV MEGA) -> U+004D (LATIN CAPITAL LETTER M) U+0056 (LATIN CAPITAL LETTER V)
㎺	pW	U+33BA (SQUARE PW) -> U+0070 (LATIN SMALL LETTER P) U+0057 (LATIN CAPITAL LETTER W)
㎻	nW	U+33BB (SQUARE NW) -> U+006E (LATIN SMALL LETTER N) U+0057 (LATIN CAPITAL LETTER W)
㎼	μW	U+33BC (SQUARE MU W) -> U+03BC (GREEK SMALL LETTER MU) U+0057 (LATIN CAPITAL LETTER W)
㎽	mW	U+33BD (SQUARE MW) -> U+006D (LATIN SMALL LETTER M) U+0057 (LATIN CAPITAL LETTER W)
㎾	kW	U+33BE (SQUARE KW) -> U+006B (LATIN SMALL LETTER K) U+0057 (LATIN CAPITAL LETTER W)
㎿	MW	U+33BF (SQUARE MW MEGA) -> U+004D (LATIN CAPITAL LETTER M) U+0057 (LATIN CAPITAL LETTER W)
㏀	kΩ	U+33C0 (SQUARE K OHM) -> U+006B (LATIN SMALL LETTER K) U+03A9 (GREEK CAPITAL LETTER OMEGA)
㏁	MΩ	U+33C1 (SQUARE M OHM) -> U+004D (LATIN CAPITAL LETTER M) U+03A9 (GREEK CAPITAL LETTER OMEGA)
㏂	a.m.	U+33C2 (SQUARE AM) -> U+0061 (LATIN SMALL LETTER A) U+002E (FULL STOP) U+006D (LATIN SMALL LETTER M) U+002E (FULL STOP)
㏃	Bq	U+33C3 (SQUARE BQ) -> U+0042 (LATIN CAPITAL LETTER B) U+0071 (LATIN SMALL LETTER Q)
㏄	cc	U+33C4 (SQUARE CC) -> U+0063 (LATIN SMALL LETTER C) U+0063 (LATIN SMALL LETTER C)
㏅	cd	U+33C5 (SQUARE CD) -> U+0063 (LATIN SMALL LETTER C) U+0064 (LATIN SMALL LETTER D)
㏆	C∕kg	U+33C6 (SQUARE C OVER KG) -> U+0043 (LATIN CAPITAL LETTER C) U+2215 (DIVISION SLASH) U+006B (LATIN SMALL LETTER K) U+0067 (LATIN SMALL LETTER G)
㏇	Co.	U+33C7 (SQUARE CO) -> U+0043 (LATIN CAPITAL LETTER C) U+006F (LATIN SMALL LETTER O) U+002E (FULL STOP)
㏈	dB	U+33C8 (SQUARE DB) -> U+0064 (LATIN SMALL LETTER D) U+0042 (LATIN CAPITAL LETTER B)
㏉	Gy	U+33C9 (SQUARE GY) -> U+0047 (LATIN CAPITAL LETTER G) U+0079 (LATIN SMALL LETTER Y)
㏊	ha	U+33CA (SQUARE HA) -> U+0068 (LATIN SMALL LETTER H) U+0061 (LATIN SMALL LETTER A)
㏋	HP	U+33CB (SQUARE HP) -> U+0048 (LATIN CAPITAL LETTER H) U+0050 (LATIN CAPITAL LETTER P)
㏌	in	U+33CC (SQUARE IN) -> U+0069 (LATIN SMALL LETTER I) U+006E (LATIN SMALL LETTER N)
㏍	KK	U+33CD (SQUARE KK) -> U+004B (LATIN CAPITAL LETTER K) U+004B (LATIN CAPITAL LETTER K)
㏎	KM	U+33CE (SQUARE KM CAPITAL) -> U+004B (LATIN CAPITAL LETTER K) U+004D (LATIN CAPITAL LETTER M)
㏏	kt	U+33CF (SQUARE KT) -> U+006B (LATIN SMALL LETTER K) U+0074 (LATIN SMALL LETTER T)
㏐	lm	U+33D0 (SQUARE LM) -> U+006C (LATIN SMALL LETTER L) U+006D (LATIN SMALL LETTER M)
㏑	ln	U+33D1 (SQUARE LN) -> U+006C (LATIN SMALL LETTER L) U+006E (LATIN SMALL LETTER N)
㏒	log	U+33D2 (SQUARE LOG) -> U+006C (LATIN SMALL LETTER L) U+006F (LATIN SMALL LETTER O) U+0067 (LATIN SMALL LETTER G)
㏓	lx	U+33D3 (SQUARE LX) -> U+006C (LATIN SMALL LETTER L) U+0078 (LATIN SMALL LETTER X)
㏔	mb	U+33D4 (SQUARE MB SMALL) -> U+006D (LATIN SMALL LETTER M) U+0062 (LATIN SMALL LETTER B)
㏕	mil	U+33D5 (SQUARE MIL) -> U+006D (LATIN SMALL LETTER M) U+0069 (LATIN SMALL LETTER I) U+006C (LATIN SMALL LETTER L)
㏖	mol	U+33D6 (SQUARE MOL) -> U+006D (LATIN SMALL LETTER M) U+006F (LATIN SMALL LETTER O) U+006C (LATIN SMALL LETTER L)
㏗	PH	U+33D7 (SQUARE PH) -> U+0050 (LATIN CAPITAL LETTER P) U+0048 (LATIN CAPITAL LETTER H)
㏘	p.m.	U+33D8 (SQUARE PM) -> U+0070 (LATIN SMALL LETTER P) U+002E (FULL STOP) U+006D (LATIN SMALL LETTER M) U+002E (FULL STOP)
㏙	PPM	U+33D9 (SQUARE PPM) -> U+0050 (LATIN CAPITAL LETTER P) U+0050 (LATIN CAPITAL LETTER P) U+004D (LATIN CAPITAL LETTER M)
㏚	PR	U+33DA (SQUARE PR) -> U+0050 (LATIN CAPITAL LETTER P) U+0052 (LATIN CAPITAL LETTER R)
㏛	sr	U+33DB (SQUARE SR) -> U+0073 (LATIN SMALL LETTER S) U+0072 (LATIN SMALL LETTER R)
㏜	Sv	U+33DC (SQUARE SV) -> U+0053 (LATIN CAPITAL LETTER S) U+0076 (LATIN SMALL LETTER V)
㏝	Wb	U+33DD (SQUARE WB) -> U+0057 (LATIN CAPITAL LETTER W) U+0062 (LATIN SMALL LETTER B)
㏞	V∕m	U+33DE (SQUARE V OVER M) -> U+0056 (LATIN CAPITAL LETTER V) U+2215 (DIVISION SLASH) U+006D (LATIN SMALL LETTER M)
㏟	A∕m	U+33DF (SQUARE A OVER M) -> U+0041 (LATIN CAPITAL LETTER A) U+2215 (DIVISION SLASH) U+006D (LATIN SMALL LETTER M)
㏠	1日	U+33E0 (IDEOGRAPHIC TELEGRAPH SYMBOL FOR DAY ONE) -> U+0031 (DIGIT ONE) U+65E5 (CJK UNIFIED IDEOGRAPH-65E5)
㏡	2日	U+33E1 (IDEOGRAPHIC TELEGRAPH SYMBOL FOR DAY TWO) -> U+0032 (DIGIT TWO) U+65E5 (CJK UNIFIED IDEOGRAPH-65E5)
㏢	3日	U+33E2 (IDEOGRAPHIC TELEGRAPH SYMBOL FOR DAY THREE) -> U+0033 (DIGIT THREE) U+65E5 (CJK UNIFIED IDEOGRAPH-65E5)
㏣	4日	U+33E3 (IDEOGRAPHIC TELEGRAPH SYMBOL FOR DAY FOUR) -> U+0034 (DIGIT FOUR) U+65E5 (CJK UNIFIED IDEOGRAPH-65E5)
㏤	5日	U+33E4 (IDEOGRAPHIC TELEGRAPH SYMBOL FOR DAY FIVE) -> U+0035 (DIGIT FIVE) U+65E5 (CJK UNIFIED IDEOGRAPH-65E5)
㏥	6日	U+33E5 (IDEOGRAPHIC TELEGRAPH SYMBOL FOR DAY SIX) -> U+0036 (DIGIT SIX) U+65E5 (CJK UNIFIED IDEOGRAPH-65E5)
㏦	7日	U+33E6 (IDEOGRAPHIC TELEGRAPH SYMBOL FOR DAY SEVEN) -> U+0037 (DIGIT SEVEN) U+65E5 (CJK UNIFIED IDEOGRAPH-65E5)
㏧	8日	U+33E7 (IDEOGRAPHIC TELEGRAPH SYMBOL FOR DAY EIGHT) -> U+0038 (DIGIT EIGHT) U+65E5 (CJK UNIFIED IDEOGRAPH-65E5)
㏨	9日	U+33E8 (IDEOGRAPHIC TELEGRAPH SYMBOL FOR DAY NINE) -> U+0039 (DIGIT NINE) U+65E5 (CJK UNIFIED IDEOGRAPH-65E5)
㏩	10日	U+33E9 (IDEOGRAPHIC TELEGRAPH SYMBOL FOR DAY TEN) -> U+0031 (DIGIT ONE) U+0030 (DIGIT ZERO) U+65E5 (CJK UNIFIED IDEOGRAPH-65E5)
㏪	11日	U+33EA (IDEOGRAPHIC TELEGRAPH SYMBOL FOR DAY ELEVEN) -> U+0031 (DIGIT ONE) U+0031 (DIGIT ONE) U+65E5 (CJK UNIFIED IDEOGRAPH-65E5)
㏫	12日	U+33EB (IDEOGRAPHIC TELEGRAPH SYMBOL FOR DAY TWELVE) -> U+0031 (DIGIT ONE) U+0032 (DIGIT TWO) U+65E5 (CJK UNIFIED IDEOGRAPH-65E5)
㏬	13日	U+33EC (IDEOGRAPHIC TELEGRAPH SYMBOL FOR DAY THIRTEEN) -> U+0031 (DIGIT ONE) U+0033 (DIGIT THREE) U+65E5 (CJK UNIFIED IDEOGRAPH-65E5)
㏭	14日	U+33ED (IDEOGRAPHIC TELEGRAPH SYMBOL FOR DAY FOURTEEN) -> U+0031 (DIGIT ONE) U+0034 (DIGIT FOUR) U+65E5 (CJK UNIFIED IDEOGRAPH-65E5)
㏮	15日	U+33EE (IDEOGRAPHIC TELEGRAPH SYMBOL FOR DAY FIFTEEN) -> U+0031 (DIGIT ONE) U+0035 (DIGIT FIVE) U+65E5 (CJK UNIFIED IDEOGRAPH-65E5)
㏯	16日	U+33EF (IDEOGRAPHIC TELEGRAPH SYMBOL FOR DAY SIXTEEN) -> U+0031 (DIGIT ONE) U+0036 (DIGIT SIX) U+65E5 (CJK UNIFIED IDEOGRAPH-65E5)
㏰	17日	U+33F0 (IDEOGRAPHIC TELEGRAPH SYMBOL FOR DAY SEVENTEEN) -> U+0031 (DIGIT ONE) U+0037 (DIGIT SEVEN) U+65E5 (CJK UNIFIED IDEOGRAPH-65E5)
㏱	18日	U+33F1 (IDEOGRAPHIC TELEGRAPH SYMBOL FOR DAY EIGHTEEN) -> U+0031 (DIGIT ONE) U+0038 (DIGIT EIGHT) U+65E5 (CJK UNIFIED IDEOGRAPH-65E5)
㏲	19日	U+33F2 (IDEOGRAPHIC TELEGRAPH SYMBOL FOR DAY NINETEEN) -> U+0031 (DIGIT ONE) U+0039 (DIGIT NINE) U+65E5 (CJK UNIFIED IDEOGRAPH-65E5)
㏳	20日	U+33F3 (IDEOGRAPHIC TELEGRAPH SYMBOL FOR DAY TWENTY) -> U+0032 (DIGIT TWO) U+0030 (DIGIT ZERO) U+65E5 (CJK UNIFIED IDEOGRAPH-65E5)
㏴	21日	U+33F4 (IDEOGRAPHIC TELEGRAPH SYMBOL FOR DAY TWENTY-ONE) -> U+0032 (DIGIT TWO) U+0031 (DIGIT ONE) U+65E5 (CJK UNIFIED IDEOGRAPH-65E5)
㏵	22日	U+33F5 (IDEOGRAPHIC TELEGRAPH SYMBOL FOR DAY TWENTY-TWO) -> U+0032 (DIGIT TWO) U+0032 (DIGIT TWO) U+65E5 (CJK UNIFIED IDEOGRAPH-65E5)
㏶	23日	U+33F6 (IDEOGRAPHIC TELEGRAPH SYMBOL FOR DAY TWENTY-THREE) -> U+0032 (DIGIT TWO) U+0033 (DIGIT THREE) U+65E5 (CJK UNIFIED IDEOGRAPH-65E5)
㏷	24日	U+33F7 (IDEOGRAPHIC TELEGRAPH SYMBOL FOR DAY TWENTY-FOUR) -> U+0032 (DIGIT TWO) U+0034 (DIGIT FOUR) U+65E5 (CJK UNIFIED IDEOGRAPH-65E5)
㏸	25日	U+33F8 (IDEOGRAPHIC TELEGRAPH SYMBOL FOR DAY TWENTY-FIVE) -> U+0032 (DIGIT TWO) U+0035 (DIGIT FIVE) U+65E5 (CJK UNIFIED IDEOGRAPH-65E5)
㏹	26日	U+33F9 (IDEOGRAPHIC TELEGRAPH SYMBOL FOR DAY TWENTY-SIX) -> U+0032 (DIGIT TWO) U+0036 (DIGIT SIX) U+65E5 (CJK UNIFIED IDEOGRAPH-65E5)
㏺	27日	U+33FA (IDEOGRAPHIC TELEGRAPH SYMBOL FOR DAY TWENTY-SEVEN) -> U+0032 (DIGIT TWO) U+0037 (DIGIT SEVEN) U+65E5 (CJK UNIFIED IDEOGRAPH-65E5)
㏻	28日	U+33FB (IDEOGRAPHIC TELEGRAPH SYMBOL FOR DAY TWENTY-EIGHT) -> U+0032 (DIGIT TWO) U+0038 (DIGIT EIGHT) U+65E5 (CJK UNIFIED IDEOGRAPH-65E5)
㏼	29日	U+33FC (IDEOGRAPHIC TELEGRAPH SYMBOL FOR DAY TWENTY-NINE) -> U+0032 (DIGIT TWO) U+0039 (DIGIT NINE) U+65E5 (CJK UNIFIED IDEOGRAPH-65E5)
㏽	30日	U+33FD (IDEOGRAPHIC TELEGRAPH SYMBOL FOR DAY THIRTY) -> U+0033 (DIGIT THREE) U+0030 (DIGIT ZERO) U+65E5 (CJK UNIFIED IDEOGRAPH-65E5)
㏾	31日	U+33FE (IDEOGRAPHIC TELEGRAPH SYMBOL FOR DAY THIRTY-ONE) -> U+0033 (DIGIT THREE) U+0031 (DIGIT ONE) U+65E5 (CJK UNIFIED IDEOGRAPH-65E5)
㏿	gal	U+33FF (SQUARE GAL) -> U+0067 (LATIN SMALL LETTER G) U+0061 (LATIN SMALL LETTER A) U+006C (LATIN SMALL LETTER L)
！	!	U+FF01 (FULLWIDTH EXCLAMATION MARK) -> U+0021 (EXCLAMATION MARK)
＂	"	U+FF02 (FULLWIDTH QUOTATION MARK) -> U+0022 (QUOTATION MARK)
＃	#	U+FF03 (FULLWIDTH NUMBER SIGN) -> U+0023 (NUMBER SIGN)
＄	$	U+FF04 (FULLWIDTH DOLLAR SIGN) -> U+0024 (DOLLAR SIGN)
％	%	U+FF05 (FULLWIDTH PERCENT SIGN) -> U+0025 (PERCENT SIGN)
＆	&	U+FF06 (FULLWIDTH AMPERSAND) -> U+0026 (AMPERSAND)
＇	'	U+FF07 (FULLWIDTH APOSTROPHE) -> U+0027 (APOSTROPHE)
（	(	U+FF08 (FULLWIDTH LEFT PARENTHESIS) -> U+0028 (LEFT PARENTHESIS)
）	)	U+FF09 (FULLWIDTH RIGHT PARENTHESIS) -> U+0029 (RIGHT PARENTHESIS)
＊	*	U+FF0A (FULLWIDTH ASTERISK) -> U+002A (ASTERISK)
＋	+	U+FF0B (FULLWIDTH PLUS SIGN) -> U+002B (PLUS SIGN)
，	,	U+FF0C (FULLWIDTH COMMA) -> U+002C (COMMA)
－	-	U+FF0D (FULLWIDTH HYPHEN-MINUS) -> U+002D (HYPHEN-MINUS)
．	.	U+FF0E (FULLWIDTH FULL STOP) -> U+002E (FULL STOP)
／	/	U+FF0F (FULLWIDTH SOLIDUS) -> U+002F (SOLIDUS)
０	0	U+FF10 (FULLWIDTH DIGIT ZERO) -> U+0030 (DIGIT ZERO)
１	1	U+FF11 (FULLWIDTH DIGIT ONE) -> U+0031 (DIGIT ONE)
２	2	U+FF12 (FULLWIDTH DIGIT TWO) -> U+0032 (DIGIT TWO)
３	3	U+FF13 (FULLWIDTH DIGIT THREE) -> U+0033 (DIGIT THREE)
４	4	U+FF14 (FULLWIDTH DIGIT FOUR) -> U+0034 (DIGIT FOUR)
５	5	U+FF15 (FULLWIDTH DIGIT FIVE) -> U+0035 (DIGIT FIVE)
６	6	U+FF16 (FULLWIDTH DIGIT SIX) -> U+0036 (DIGIT SIX)
７	7	U+FF17 (FULLWIDTH DIGIT SEVEN) -> U+0037 (DIGIT SEVEN)
８	8	U+FF18 (FULLWIDTH DIGIT EIGHT) -> U+0038 (DIGIT EIGHT)
９	9	U+FF19 (FULLWIDTH DIGIT NINE) -> U+0039 (DIGIT NINE)
：	:	U+FF1A (FULLWIDTH COLON) -> U+003A (COLON)
；	;	U+FF1B (FULLWIDTH SEMICOLON) -> U+003B (SEMICOLON)
＜	<	U+FF1C (FULLWIDTH LESS-THAN SIGN) -> U+003C (LESS-THAN SIGN)
＝	=	U+FF1D (FULLWIDTH EQUALS SIGN) -> U+003D (EQUALS SIGN)
＞	>	U+FF1E (FULLWIDTH GREATER-THAN SIGN) -> U+003E (GREATER-THAN SIGN)
？	?	U+FF1F (FULLWIDTH QUESTION MARK) -> U+003F (QUESTION MARK)
＠	@	U+FF20 (FULLWIDTH COMMERCIAL AT) -> U+0040 (COMMERCIAL AT)
Ａ	A	U+FF21 (FULLWIDTH LATIN CAPITAL LETTER A) -> U+0041 (LATIN CAPITAL LETTER A)
Ｂ	B	U+FF22 (FULLWIDTH LATIN CAPITAL LETTER B) -> U+0042 (LATIN CAPITAL LETTER B)
Ｃ	C	U+FF23 (FULLWIDTH LATIN CAPITAL LETTER C) -> U+0043 (LATIN CAPITAL LETTER C)
Ｄ	D	U+FF24 (FULLWIDTH LATIN CAPITAL LETTER D) -> U+0044 (LATIN CAPITAL LETTER D)
Ｅ	E	U+FF25 (FULLWIDTH LATIN CAPITAL LETTER E) -> U+0045 (LATIN CAPITAL LETTER E)
Ｆ	F	U+FF26 (FULLWIDTH LATIN CAPITAL LETTER F) -> U+0046 (LATIN CAPITAL LETTER F)
Ｇ	G	U+FF27 (FULLWIDTH LATIN CAPITAL LETTER G) -> U+0047 (LATIN CAPITAL LETTER G)
Ｈ	H	U+FF28 (FULLWIDTH LATIN CAPITAL LETTER H) -> U+0048 (LATIN CAPITAL LETTER H)
Ｉ	I	U+FF29 (FULLWIDTH LATIN CAPITAL LETTER I) -> U+0049 (LATIN CAPITAL LETTER I)
Ｊ	J	U+FF2A (FULLWIDTH LATIN CAPITAL LETTER J) -> U+004A (LATIN CAPITAL LETTER J)
Ｋ	K	U+FF2B (FULLWIDTH LATIN CAPITAL LETTER K) -> U+004B (LATIN CAPITAL LETTER K)
Ｌ	L	U+FF2C (FULLWIDTH LATIN CAPITAL LETTER L) -> U+004C (LATIN CAPITAL LETTER L)
Ｍ	M	U+FF2D (FULLWIDTH LATIN CAPITAL LETTER M) -> U+004D (LATIN CAPITAL LETTER M)
Ｎ	N	U+FF2E (FULLWIDTH LATIN CAPITAL LETTER N) -> U+004E (LATIN CAPITAL LETTER N)
Ｏ	O	U+FF2F (FULLWIDTH LATIN CAPITAL LETTER O) -> U+004F (LATIN CAPITAL LETTER O)
Ｐ	P	U+FF30 (FULLWIDTH LATIN CAPITAL LETTER P) -> U+0050 (LATIN CAPITAL LETTER P)
Ｑ	Q	U+FF31 (FULLWIDTH LATIN CAPITAL LETTER Q) -> U+0051 (LATIN CAPITAL LETTER Q)
Ｒ	R	U+FF32 (FULLWIDTH LATIN CAPITAL LETTER R) -> U+0052 (LATIN CAPITAL LETTER R)
Ｓ	S	U+FF33 (FULLWIDTH LATIN CAPITAL LETTER S) -> U+0053 (LATIN CAPITAL LETTER S)
Ｔ	T	U+FF34 (FULLWIDTH LATIN CAPITAL LETTER T) -> U+0054 (LATIN CAPITAL LETTER T)
Ｕ	U	U+FF35 (FULLWIDTH LATIN CAPITAL LETTER U) -> U+0055 (LATIN CAPITAL LETTER U)
Ｖ	V	U+FF36 (FULLWIDTH LATIN CAPITAL LETTER V) -> U+0056 (LATIN CAPITAL LETTER V)
Ｗ	W	U+FF37 (FULLWIDTH LATIN CAPITAL LETTER W) -> U+0057 (LATIN CAPITAL LETTER W)
Ｘ	X	U+FF38 (FULLWIDTH LATIN CAPITAL LETTER X) -> U+0058 (LATIN CAPITAL LETTER X)
Ｙ	Y	U+FF39 (FULLWIDTH LATIN CAPITAL LETTER Y) -> U+0059 (LATIN CAPITAL LETTER Y)
Ｚ	Z	U+FF3A (FULLWIDTH LATIN CAPITAL LETTER Z) -> U+005A (LATIN CAPITAL LETTER Z)
［	[	U+FF3B (FULLWIDTH LEFT SQUARE BRACKET) -> U+005B (LEFT SQUARE BRACKET)
＼	\	U+FF3C (FULLWIDTH REVERSE SOLIDUS) -> U+005C (REVERSE SOLIDUS)
］	]	U+FF3D (FULLWIDTH RIGHT SQUARE BRACKET) -> U+005D (RIGHT SQUARE BRACKET)
＾	^	U+FF3E (FULLWIDTH CIRCUMFLEX ACCENT) -> U+005E (CIRCUMFLEX ACCENT)
＿	_	U+FF3F (FULLWIDTH LOW LINE) -> U+005F (LOW LINE)
｀	`	U+FF40 (FULLWIDTH GRAVE ACCENT) -> U+0060 (GRAVE ACCENT)
ａ	a	U+FF41 (FULLWIDTH LATIN SMALL LETTER A) -> U+0061 (LATIN SMALL LETTER A)
ｂ	b	U+FF42 (FULLWIDTH LATIN SMALL LETTER B) -> U+0062 (LATIN SMALL LETTER B)
ｃ	c	U+FF43 (FULLWIDTH LATIN SMALL LETTER C) -> U+0063 (LATIN SMALL LETTER C)
ｄ	d	U+FF44 (FULLWIDTH LATIN SMALL LETTER D) -> U+0064 (LATIN SMALL LETTER D)
ｅ	e	U+FF45 (FULLWIDTH LATIN SMALL LETTER E) -> U+0065 (LATIN SMALL LETTER E)
ｆ	f	U+FF46 (FULLWIDTH LATIN SMALL LETTER F) -> U+0066 (LATIN SMALL LETTER F)
ｇ	g	U+FF47 (FULLWIDTH LATIN SMALL LETTER G) -> U+0067 (LATIN SMALL LETTER G)
ｈ	h	U+FF48 (FULLWIDTH LATIN SMALL LETTER H) -> U+0068 (LATIN SMALL LETTER H)
ｉ	i	U+FF49 (FULLWIDTH LATIN SMALL LETTER I) -> U+0069 (LATIN SMALL LETTER I)
ｊ	j	U+FF4A (FULLWIDTH LATIN SMALL LETTER J) -> U+006A (LATIN SMALL LETTER J)
ｋ	k	U+FF4B (FULLWIDTH LATIN SMALL LETTER K) -> U+006B (LATIN SMALL LETTER K)
ｌ	l	U+FF4C (FULLWIDTH LATIN SMALL LETTER L) -> U+006C (LATIN SMALL LETTER L)
ｍ	m	U+FF4D (FULLWIDTH LATIN SMALL LETTER M) -> U+006D (LATIN SMALL LETTER M)
ｎ	n	U+FF4E (FULLWIDTH LATIN SMALL LETTER N) -> U+006E (LATIN SMALL LETTER N)
ｏ	o	U+FF4F (FULLWIDTH LATIN SMALL LETTER O) -> U+006F (LATIN SMALL LETTER O)
ｐ	p	U+FF50 (FULLWIDTH LATIN SMALL LETTER P) -> U+0070 (LATIN SMALL LETTER P)
ｑ	q	U+FF51 (FULLWIDTH LATIN SMALL LETTER Q) -> U+0071 (LATIN SMALL LETTER Q)
ｒ	r	U+FF52 (FULLWIDTH LATIN SMALL LETTER R) -> U+0072 (LATIN SMALL LETTER R)
ｓ	s	U+FF53 (FULLWIDTH LATIN SMALL LETTER S) -> U+0073 (LATIN SMALL LETTER S)
ｔ	t	U+FF54 (FULLWIDTH LATIN SMALL LETTER T) -> U+0074 (LATIN SMALL LETTER T)
ｕ	u	U+FF55 (FULLWIDTH LATIN SMALL LETTER U) -> U+0075 (LATIN SMALL LETTER U)
ｖ	v	U+FF56 (FULLWIDTH LATIN SMALL LETTER V) -> U+0076 (LATIN SMALL LETTER V)
ｗ	w	U+FF57 (FULLWIDTH LATIN SMALL LETTER W) -> U+0077 (LATIN SMALL LETTER W)
ｘ	x	U+FF58 (FULLWIDTH LATIN SMALL LETTER X) -> U+0078 (LATIN SMALL LETTER X)
ｙ	y	U+FF59 (FULLWIDTH LATIN SMALL LETTER Y) -> U+0079 (LATIN SMALL LETTER Y)
ｚ	z	U+FF5A (FULLWIDTH LATIN SMALL LETTER Z) -> U+007A (LATIN SMALL LETTER Z)
｛	{	U+FF5B (FULLWIDTH LEFT CURLY BRACKET) -> U+007B (LEFT CURLY BRACKET)
｜	|	U+FF5C (FULLWIDTH VERTICAL LINE) -> U+007C (VERTICAL LINE)
｝	}	U+FF5D (FULLWIDTH RIGHT CURLY BRACKET) -> U+007D (RIGHT CURLY BRACKET)
～	~	U+FF5E (FULLWIDTH TILDE) -> U+007E (TILDE)
｟	⦅	U+FF5F (FULLWIDTH LEFT WHITE PARENTHESIS) -> U+2985 (LEFT WHITE PARENTHESIS)
｠	⦆	U+FF60 (FULLWIDTH RIGHT WHITE PARENTHESIS) -> U+2986 (RIGHT WHITE PARENTHESIS)
￠	¢	U+FFE0 (FULLWIDTH CENT SIGN) -> U+00A2 (CENT SIGN)
￡	£	U+FFE1 (FULLWIDTH POUND SIGN) -> U+00A3 (POUND SIGN)
￢	¬	U+FFE2 (FULLWIDTH NOT SIGN) -> U+00AC (NOT SIGN)
￣	¯	U+FFE3 (FULLWIDTH MACRON) -> U+00AF (MACRON)   NFKC-ref:  ̄
￤	¦	U+FFE4 (FULLWIDTH BROKEN BAR) -> U+00A6 (BROKEN BAR)
￥	¥	U+FFE5 (FULLWIDTH YEN SIGN) -> U+00A5 (YEN SIGN)
￦	₩	U+FFE6 (FULLWIDTH WON SIGN) -> U+20A9 (WON SIGN)
