MapFromString	MapToString	Comment # File CombiningModifierMappingAnnotated.tsv, automatically generated by script wildebeest_build.py (Ulf Hermjakob, USC/ISI) based on UnicodeData on Sep 28, 2020, 01:30:48
À	À	U+0041 U+0300 -> U+00C0 (LATIN CAPITAL LETTER A WITH GRAVE)
Á	Á	U+0041 U+0301 -> U+00C1 (LATIN CAPITAL LETTER A WITH ACUTE)
Â	Â	U+0041 U+0302 -> U+00C2 (LATIN CAPITAL LETTER A WITH CIRCUMFLEX)
Ã	Ã	U+0041 U+0303 -> U+00C3 (LATIN CAPITAL LETTER A WITH TILDE)
Ä	Ä	U+0041 U+0308 -> U+00C4 (LATIN CAPITAL LETTER A WITH DIAERESIS)
Å	Å	U+0041 U+030A -> U+00C5 (LATIN CAPITAL LETTER A WITH RING ABOVE)
Ç	Ç	U+0043 U+0327 -> U+00C7 (LATIN CAPITAL LETTER C WITH CEDILLA)
È	È	U+0045 U+0300 -> U+00C8 (LATIN CAPITAL LETTER E WITH GRAVE)
É	É	U+0045 U+0301 -> U+00C9 (LATIN CAPITAL LETTER E WITH ACUTE)
Ê	Ê	U+0045 U+0302 -> U+00CA (LATIN CAPITAL LETTER E WITH CIRCUMFLEX)
Ë	Ë	U+0045 U+0308 -> U+00CB (LATIN CAPITAL LETTER E WITH DIAERESIS)
Ì	Ì	U+0049 U+0300 -> U+00CC (LATIN CAPITAL LETTER I WITH GRAVE)
Í	Í	U+0049 U+0301 -> U+00CD (LATIN CAPITAL LETTER I WITH ACUTE)
Î	Î	U+0049 U+0302 -> U+00CE (LATIN CAPITAL LETTER I WITH CIRCUMFLEX)
Ï	Ï	U+0049 U+0308 -> U+00CF (LATIN CAPITAL LETTER I WITH DIAERESIS)
Ñ	Ñ	U+004E U+0303 -> U+00D1 (LATIN CAPITAL LETTER N WITH TILDE)
Ò	Ò	U+004F U+0300 -> U+00D2 (LATIN CAPITAL LETTER O WITH GRAVE)
Ó	Ó	U+004F U+0301 -> U+00D3 (LATIN CAPITAL LETTER O WITH ACUTE)
Ô	Ô	U+004F U+0302 -> U+00D4 (LATIN CAPITAL LETTER O WITH CIRCUMFLEX)
Õ	Õ	U+004F U+0303 -> U+00D5 (LATIN CAPITAL LETTER O WITH TILDE)
Ö	Ö	U+004F U+0308 -> U+00D6 (LATIN CAPITAL LETTER O WITH DIAERESIS)
Ù	Ù	U+0055 U+0300 -> U+00D9 (LATIN CAPITAL LETTER U WITH GRAVE)
Ú	Ú	U+0055 U+0301 -> U+00DA (LATIN CAPITAL LETTER U WITH ACUTE)
Û	Û	U+0055 U+0302 -> U+00DB (LATIN CAPITAL LETTER U WITH CIRCUMFLEX)
Ü	Ü	U+0055 U+0308 -> U+00DC (LATIN CAPITAL LETTER U WITH DIAERESIS)
Ý	Ý	U+0059 U+0301 -> U+00DD (LATIN CAPITAL LETTER Y WITH ACUTE)
à	à	U+0061 U+0300 -> U+00E0 (LATIN SMALL LETTER A WITH GRAVE)
á	á	U+0061 U+0301 -> U+00E1 (LATIN SMALL LETTER A WITH ACUTE)
â	â	U+0061 U+0302 -> U+00E2 (LATIN SMALL LETTER A WITH CIRCUMFLEX)
ã	ã	U+0061 U+0303 -> U+00E3 (LATIN SMALL LETTER A WITH TILDE)
ä	ä	U+0061 U+0308 -> U+00E4 (LATIN SMALL LETTER A WITH DIAERESIS)
å	å	U+0061 U+030A -> U+00E5 (LATIN SMALL LETTER A WITH RING ABOVE)
ç	ç	U+0063 U+0327 -> U+00E7 (LATIN SMALL LETTER C WITH CEDILLA)
è	è	U+0065 U+0300 -> U+00E8 (LATIN SMALL LETTER E WITH GRAVE)
é	é	U+0065 U+0301 -> U+00E9 (LATIN SMALL LETTER E WITH ACUTE)
ê	ê	U+0065 U+0302 -> U+00EA (LATIN SMALL LETTER E WITH CIRCUMFLEX)
ë	ë	U+0065 U+0308 -> U+00EB (LATIN SMALL LETTER E WITH DIAERESIS)
ì	ì	U+0069 U+0300 -> U+00EC (LATIN SMALL LETTER I WITH GRAVE)
í	í	U+0069 U+0301 -> U+00ED (LATIN SMALL LETTER I WITH ACUTE)
î	î	U+0069 U+0302 -> U+00EE (LATIN SMALL LETTER I WITH CIRCUMFLEX)
ï	ï	U+0069 U+0308 -> U+00EF (LATIN SMALL LETTER I WITH DIAERESIS)
ñ	ñ	U+006E U+0303 -> U+00F1 (LATIN SMALL LETTER N WITH TILDE)
ò	ò	U+006F U+0300 -> U+00F2 (LATIN SMALL LETTER O WITH GRAVE)
ó	ó	U+006F U+0301 -> U+00F3 (LATIN SMALL LETTER O WITH ACUTE)
ô	ô	U+006F U+0302 -> U+00F4 (LATIN SMALL LETTER O WITH CIRCUMFLEX)
õ	õ	U+006F U+0303 -> U+00F5 (LATIN SMALL LETTER O WITH TILDE)
ö	ö	U+006F U+0308 -> U+00F6 (LATIN SMALL LETTER O WITH DIAERESIS)
ù	ù	U+0075 U+0300 -> U+00F9 (LATIN SMALL LETTER U WITH GRAVE)
ú	ú	U+0075 U+0301 -> U+00FA (LATIN SMALL LETTER U WITH ACUTE)
û	û	U+0075 U+0302 -> U+00FB (LATIN SMALL LETTER U WITH CIRCUMFLEX)
ü	ü	U+0075 U+0308 -> U+00FC (LATIN SMALL LETTER U WITH DIAERESIS)
ý	ý	U+0079 U+0301 -> U+00FD (LATIN SMALL LETTER Y WITH ACUTE)
ÿ	ÿ	U+0079 U+0308 -> U+00FF (LATIN SMALL LETTER Y WITH DIAERESIS)
Ā	Ā	U+0041 U+0304 -> U+0100 (LATIN CAPITAL LETTER A WITH MACRON)
ā	ā	U+0061 U+0304 -> U+0101 (LATIN SMALL LETTER A WITH MACRON)
Ă	Ă	U+0041 U+0306 -> U+0102 (LATIN CAPITAL LETTER A WITH BREVE)
ă	ă	U+0061 U+0306 -> U+0103 (LATIN SMALL LETTER A WITH BREVE)
Ą	Ą	U+0041 U+0328 -> U+0104 (LATIN CAPITAL LETTER A WITH OGONEK)
ą	ą	U+0061 U+0328 -> U+0105 (LATIN SMALL LETTER A WITH OGONEK)
Ć	Ć	U+0043 U+0301 -> U+0106 (LATIN CAPITAL LETTER C WITH ACUTE)
ć	ć	U+0063 U+0301 -> U+0107 (LATIN SMALL LETTER C WITH ACUTE)
Ĉ	Ĉ	U+0043 U+0302 -> U+0108 (LATIN CAPITAL LETTER C WITH CIRCUMFLEX)
ĉ	ĉ	U+0063 U+0302 -> U+0109 (LATIN SMALL LETTER C WITH CIRCUMFLEX)
Ċ	Ċ	U+0043 U+0307 -> U+010A (LATIN CAPITAL LETTER C WITH DOT ABOVE)
ċ	ċ	U+0063 U+0307 -> U+010B (LATIN SMALL LETTER C WITH DOT ABOVE)
Č	Č	U+0043 U+030C -> U+010C (LATIN CAPITAL LETTER C WITH CARON)
č	č	U+0063 U+030C -> U+010D (LATIN SMALL LETTER C WITH CARON)
Ď	Ď	U+0044 U+030C -> U+010E (LATIN CAPITAL LETTER D WITH CARON)
ď	ď	U+0064 U+030C -> U+010F (LATIN SMALL LETTER D WITH CARON)
Ē	Ē	U+0045 U+0304 -> U+0112 (LATIN CAPITAL LETTER E WITH MACRON)
ē	ē	U+0065 U+0304 -> U+0113 (LATIN SMALL LETTER E WITH MACRON)
Ĕ	Ĕ	U+0045 U+0306 -> U+0114 (LATIN CAPITAL LETTER E WITH BREVE)
ĕ	ĕ	U+0065 U+0306 -> U+0115 (LATIN SMALL LETTER E WITH BREVE)
Ė	Ė	U+0045 U+0307 -> U+0116 (LATIN CAPITAL LETTER E WITH DOT ABOVE)
ė	ė	U+0065 U+0307 -> U+0117 (LATIN SMALL LETTER E WITH DOT ABOVE)
Ę	Ę	U+0045 U+0328 -> U+0118 (LATIN CAPITAL LETTER E WITH OGONEK)
ę	ę	U+0065 U+0328 -> U+0119 (LATIN SMALL LETTER E WITH OGONEK)
Ě	Ě	U+0045 U+030C -> U+011A (LATIN CAPITAL LETTER E WITH CARON)
ě	ě	U+0065 U+030C -> U+011B (LATIN SMALL LETTER E WITH CARON)
Ĝ	Ĝ	U+0047 U+0302 -> U+011C (LATIN CAPITAL LETTER G WITH CIRCUMFLEX)
ĝ	ĝ	U+0067 U+0302 -> U+011D (LATIN SMALL LETTER G WITH CIRCUMFLEX)
Ğ	Ğ	U+0047 U+0306 -> U+011E (LATIN CAPITAL LETTER G WITH BREVE)
ğ	ğ	U+0067 U+0306 -> U+011F (LATIN SMALL LETTER G WITH BREVE)
Ġ	Ġ	U+0047 U+0307 -> U+0120 (LATIN CAPITAL LETTER G WITH DOT ABOVE)
ġ	ġ	U+0067 U+0307 -> U+0121 (LATIN SMALL LETTER G WITH DOT ABOVE)
Ģ	Ģ	U+0047 U+0327 -> U+0122 (LATIN CAPITAL LETTER G WITH CEDILLA)
ģ	ģ	U+0067 U+0327 -> U+0123 (LATIN SMALL LETTER G WITH CEDILLA)
Ĥ	Ĥ	U+0048 U+0302 -> U+0124 (LATIN CAPITAL LETTER H WITH CIRCUMFLEX)
ĥ	ĥ	U+0068 U+0302 -> U+0125 (LATIN SMALL LETTER H WITH CIRCUMFLEX)
Ĩ	Ĩ	U+0049 U+0303 -> U+0128 (LATIN CAPITAL LETTER I WITH TILDE)
ĩ	ĩ	U+0069 U+0303 -> U+0129 (LATIN SMALL LETTER I WITH TILDE)
Ī	Ī	U+0049 U+0304 -> U+012A (LATIN CAPITAL LETTER I WITH MACRON)
ī	ī	U+0069 U+0304 -> U+012B (LATIN SMALL LETTER I WITH MACRON)
Ĭ	Ĭ	U+0049 U+0306 -> U+012C (LATIN CAPITAL LETTER I WITH BREVE)
ĭ	ĭ	U+0069 U+0306 -> U+012D (LATIN SMALL LETTER I WITH BREVE)
Į	Į	U+0049 U+0328 -> U+012E (LATIN CAPITAL LETTER I WITH OGONEK)
į	į	U+0069 U+0328 -> U+012F (LATIN SMALL LETTER I WITH OGONEK)
İ	İ	U+0049 U+0307 -> U+0130 (LATIN CAPITAL LETTER I WITH DOT ABOVE)
Ĵ	Ĵ	U+004A U+0302 -> U+0134 (LATIN CAPITAL LETTER J WITH CIRCUMFLEX)
ĵ	ĵ	U+006A U+0302 -> U+0135 (LATIN SMALL LETTER J WITH CIRCUMFLEX)
Ķ	Ķ	U+004B U+0327 -> U+0136 (LATIN CAPITAL LETTER K WITH CEDILLA)
ķ	ķ	U+006B U+0327 -> U+0137 (LATIN SMALL LETTER K WITH CEDILLA)
Ĺ	Ĺ	U+004C U+0301 -> U+0139 (LATIN CAPITAL LETTER L WITH ACUTE)
ĺ	ĺ	U+006C U+0301 -> U+013A (LATIN SMALL LETTER L WITH ACUTE)
Ļ	Ļ	U+004C U+0327 -> U+013B (LATIN CAPITAL LETTER L WITH CEDILLA)
ļ	ļ	U+006C U+0327 -> U+013C (LATIN SMALL LETTER L WITH CEDILLA)
Ľ	Ľ	U+004C U+030C -> U+013D (LATIN CAPITAL LETTER L WITH CARON)
ľ	ľ	U+006C U+030C -> U+013E (LATIN SMALL LETTER L WITH CARON)
Ń	Ń	U+004E U+0301 -> U+0143 (LATIN CAPITAL LETTER N WITH ACUTE)
ń	ń	U+006E U+0301 -> U+0144 (LATIN SMALL LETTER N WITH ACUTE)
Ņ	Ņ	U+004E U+0327 -> U+0145 (LATIN CAPITAL LETTER N WITH CEDILLA)
ņ	ņ	U+006E U+0327 -> U+0146 (LATIN SMALL LETTER N WITH CEDILLA)
Ň	Ň	U+004E U+030C -> U+0147 (LATIN CAPITAL LETTER N WITH CARON)
ň	ň	U+006E U+030C -> U+0148 (LATIN SMALL LETTER N WITH CARON)
Ō	Ō	U+004F U+0304 -> U+014C (LATIN CAPITAL LETTER O WITH MACRON)
ō	ō	U+006F U+0304 -> U+014D (LATIN SMALL LETTER O WITH MACRON)
Ŏ	Ŏ	U+004F U+0306 -> U+014E (LATIN CAPITAL LETTER O WITH BREVE)
ŏ	ŏ	U+006F U+0306 -> U+014F (LATIN SMALL LETTER O WITH BREVE)
Ő	Ő	U+004F U+030B -> U+0150 (LATIN CAPITAL LETTER O WITH DOUBLE ACUTE)
ő	ő	U+006F U+030B -> U+0151 (LATIN SMALL LETTER O WITH DOUBLE ACUTE)
Ŕ	Ŕ	U+0052 U+0301 -> U+0154 (LATIN CAPITAL LETTER R WITH ACUTE)
ŕ	ŕ	U+0072 U+0301 -> U+0155 (LATIN SMALL LETTER R WITH ACUTE)
Ŗ	Ŗ	U+0052 U+0327 -> U+0156 (LATIN CAPITAL LETTER R WITH CEDILLA)
ŗ	ŗ	U+0072 U+0327 -> U+0157 (LATIN SMALL LETTER R WITH CEDILLA)
Ř	Ř	U+0052 U+030C -> U+0158 (LATIN CAPITAL LETTER R WITH CARON)
ř	ř	U+0072 U+030C -> U+0159 (LATIN SMALL LETTER R WITH CARON)
Ś	Ś	U+0053 U+0301 -> U+015A (LATIN CAPITAL LETTER S WITH ACUTE)
ś	ś	U+0073 U+0301 -> U+015B (LATIN SMALL LETTER S WITH ACUTE)
Ŝ	Ŝ	U+0053 U+0302 -> U+015C (LATIN CAPITAL LETTER S WITH CIRCUMFLEX)
ŝ	ŝ	U+0073 U+0302 -> U+015D (LATIN SMALL LETTER S WITH CIRCUMFLEX)
Ş	Ş	U+0053 U+0327 -> U+015E (LATIN CAPITAL LETTER S WITH CEDILLA)
ş	ş	U+0073 U+0327 -> U+015F (LATIN SMALL LETTER S WITH CEDILLA)
Š	Š	U+0053 U+030C -> U+0160 (LATIN CAPITAL LETTER S WITH CARON)
š	š	U+0073 U+030C -> U+0161 (LATIN SMALL LETTER S WITH CARON)
Ţ	Ţ	U+0054 U+0327 -> U+0162 (LATIN CAPITAL LETTER T WITH CEDILLA)
ţ	ţ	U+0074 U+0327 -> U+0163 (LATIN SMALL LETTER T WITH CEDILLA)
Ť	Ť	U+0054 U+030C -> U+0164 (LATIN CAPITAL LETTER T WITH CARON)
ť	ť	U+0074 U+030C -> U+0165 (LATIN SMALL LETTER T WITH CARON)
Ũ	Ũ	U+0055 U+0303 -> U+0168 (LATIN CAPITAL LETTER U WITH TILDE)
ũ	ũ	U+0075 U+0303 -> U+0169 (LATIN SMALL LETTER U WITH TILDE)
Ū	Ū	U+0055 U+0304 -> U+016A (LATIN CAPITAL LETTER U WITH MACRON)
ū	ū	U+0075 U+0304 -> U+016B (LATIN SMALL LETTER U WITH MACRON)
Ŭ	Ŭ	U+0055 U+0306 -> U+016C (LATIN CAPITAL LETTER U WITH BREVE)
ŭ	ŭ	U+0075 U+0306 -> U+016D (LATIN SMALL LETTER U WITH BREVE)
Ů	Ů	U+0055 U+030A -> U+016E (LATIN CAPITAL LETTER U WITH RING ABOVE)
ů	ů	U+0075 U+030A -> U+016F (LATIN SMALL LETTER U WITH RING ABOVE)
Ű	Ű	U+0055 U+030B -> U+0170 (LATIN CAPITAL LETTER U WITH DOUBLE ACUTE)
ű	ű	U+0075 U+030B -> U+0171 (LATIN SMALL LETTER U WITH DOUBLE ACUTE)
Ų	Ų	U+0055 U+0328 -> U+0172 (LATIN CAPITAL LETTER U WITH OGONEK)
ų	ų	U+0075 U+0328 -> U+0173 (LATIN SMALL LETTER U WITH OGONEK)
Ŵ	Ŵ	U+0057 U+0302 -> U+0174 (LATIN CAPITAL LETTER W WITH CIRCUMFLEX)
ŵ	ŵ	U+0077 U+0302 -> U+0175 (LATIN SMALL LETTER W WITH CIRCUMFLEX)
Ŷ	Ŷ	U+0059 U+0302 -> U+0176 (LATIN CAPITAL LETTER Y WITH CIRCUMFLEX)
ŷ	ŷ	U+0079 U+0302 -> U+0177 (LATIN SMALL LETTER Y WITH CIRCUMFLEX)
Ÿ	Ÿ	U+0059 U+0308 -> U+0178 (LATIN CAPITAL LETTER Y WITH DIAERESIS)
Ź	Ź	U+005A U+0301 -> U+0179 (LATIN CAPITAL LETTER Z WITH ACUTE)
ź	ź	U+007A U+0301 -> U+017A (LATIN SMALL LETTER Z WITH ACUTE)
Ż	Ż	U+005A U+0307 -> U+017B (LATIN CAPITAL LETTER Z WITH DOT ABOVE)
ż	ż	U+007A U+0307 -> U+017C (LATIN SMALL LETTER Z WITH DOT ABOVE)
Ž	Ž	U+005A U+030C -> U+017D (LATIN CAPITAL LETTER Z WITH CARON)
ž	ž	U+007A U+030C -> U+017E (LATIN SMALL LETTER Z WITH CARON)
Ơ	Ơ	U+004F U+031B -> U+01A0 (LATIN CAPITAL LETTER O WITH HORN)
ơ	ơ	U+006F U+031B -> U+01A1 (LATIN SMALL LETTER O WITH HORN)
Ư	Ư	U+0055 U+031B -> U+01AF (LATIN CAPITAL LETTER U WITH HORN)
ư	ư	U+0075 U+031B -> U+01B0 (LATIN SMALL LETTER U WITH HORN)
Ǎ	Ǎ	U+0041 U+030C -> U+01CD (LATIN CAPITAL LETTER A WITH CARON)
ǎ	ǎ	U+0061 U+030C -> U+01CE (LATIN SMALL LETTER A WITH CARON)
Ǐ	Ǐ	U+0049 U+030C -> U+01CF (LATIN CAPITAL LETTER I WITH CARON)
ǐ	ǐ	U+0069 U+030C -> U+01D0 (LATIN SMALL LETTER I WITH CARON)
Ǒ	Ǒ	U+004F U+030C -> U+01D1 (LATIN CAPITAL LETTER O WITH CARON)
ǒ	ǒ	U+006F U+030C -> U+01D2 (LATIN SMALL LETTER O WITH CARON)
Ǔ	Ǔ	U+0055 U+030C -> U+01D3 (LATIN CAPITAL LETTER U WITH CARON)
ǔ	ǔ	U+0075 U+030C -> U+01D4 (LATIN SMALL LETTER U WITH CARON)
Ǖ	Ǖ	U+00DC U+0304 -> U+01D5 (LATIN CAPITAL LETTER U WITH DIAERESIS AND MACRON)
ǖ	ǖ	U+00FC U+0304 -> U+01D6 (LATIN SMALL LETTER U WITH DIAERESIS AND MACRON)
Ǘ	Ǘ	U+00DC U+0301 -> U+01D7 (LATIN CAPITAL LETTER U WITH DIAERESIS AND ACUTE)
ǘ	ǘ	U+00FC U+0301 -> U+01D8 (LATIN SMALL LETTER U WITH DIAERESIS AND ACUTE)
Ǚ	Ǚ	U+00DC U+030C -> U+01D9 (LATIN CAPITAL LETTER U WITH DIAERESIS AND CARON)
ǚ	ǚ	U+00FC U+030C -> U+01DA (LATIN SMALL LETTER U WITH DIAERESIS AND CARON)
Ǜ	Ǜ	U+00DC U+0300 -> U+01DB (LATIN CAPITAL LETTER U WITH DIAERESIS AND GRAVE)
ǜ	ǜ	U+00FC U+0300 -> U+01DC (LATIN SMALL LETTER U WITH DIAERESIS AND GRAVE)
Ǟ	Ǟ	U+00C4 U+0304 -> U+01DE (LATIN CAPITAL LETTER A WITH DIAERESIS AND MACRON)
ǟ	ǟ	U+00E4 U+0304 -> U+01DF (LATIN SMALL LETTER A WITH DIAERESIS AND MACRON)
Ǡ	Ǡ	U+0226 U+0304 -> U+01E0 (LATIN CAPITAL LETTER A WITH DOT ABOVE AND MACRON)
ǡ	ǡ	U+0227 U+0304 -> U+01E1 (LATIN SMALL LETTER A WITH DOT ABOVE AND MACRON)
Ǣ	Ǣ	U+00C6 U+0304 -> U+01E2 (LATIN CAPITAL LETTER AE WITH MACRON)
ǣ	ǣ	U+00E6 U+0304 -> U+01E3 (LATIN SMALL LETTER AE WITH MACRON)
Ǧ	Ǧ	U+0047 U+030C -> U+01E6 (LATIN CAPITAL LETTER G WITH CARON)
ǧ	ǧ	U+0067 U+030C -> U+01E7 (LATIN SMALL LETTER G WITH CARON)
Ǩ	Ǩ	U+004B U+030C -> U+01E8 (LATIN CAPITAL LETTER K WITH CARON)
ǩ	ǩ	U+006B U+030C -> U+01E9 (LATIN SMALL LETTER K WITH CARON)
Ǫ	Ǫ	U+004F U+0328 -> U+01EA (LATIN CAPITAL LETTER O WITH OGONEK)
ǫ	ǫ	U+006F U+0328 -> U+01EB (LATIN SMALL LETTER O WITH OGONEK)
Ǭ	Ǭ	U+01EA U+0304 -> U+01EC (LATIN CAPITAL LETTER O WITH OGONEK AND MACRON)
ǭ	ǭ	U+01EB U+0304 -> U+01ED (LATIN SMALL LETTER O WITH OGONEK AND MACRON)
Ǯ	Ǯ	U+01B7 U+030C -> U+01EE (LATIN CAPITAL LETTER EZH WITH CARON)
ǯ	ǯ	U+0292 U+030C -> U+01EF (LATIN SMALL LETTER EZH WITH CARON)
ǰ	ǰ	U+006A U+030C -> U+01F0 (LATIN SMALL LETTER J WITH CARON)
Ǵ	Ǵ	U+0047 U+0301 -> U+01F4 (LATIN CAPITAL LETTER G WITH ACUTE)
ǵ	ǵ	U+0067 U+0301 -> U+01F5 (LATIN SMALL LETTER G WITH ACUTE)
Ǹ	Ǹ	U+004E U+0300 -> U+01F8 (LATIN CAPITAL LETTER N WITH GRAVE)
ǹ	ǹ	U+006E U+0300 -> U+01F9 (LATIN SMALL LETTER N WITH GRAVE)
Ǻ	Ǻ	U+00C5 U+0301 -> U+01FA (LATIN CAPITAL LETTER A WITH RING ABOVE AND ACUTE)
ǻ	ǻ	U+00E5 U+0301 -> U+01FB (LATIN SMALL LETTER A WITH RING ABOVE AND ACUTE)
Ǽ	Ǽ	U+00C6 U+0301 -> U+01FC (LATIN CAPITAL LETTER AE WITH ACUTE)
ǽ	ǽ	U+00E6 U+0301 -> U+01FD (LATIN SMALL LETTER AE WITH ACUTE)
Ǿ	Ǿ	U+00D8 U+0301 -> U+01FE (LATIN CAPITAL LETTER O WITH STROKE AND ACUTE)
ǿ	ǿ	U+00F8 U+0301 -> U+01FF (LATIN SMALL LETTER O WITH STROKE AND ACUTE)
Ȁ	Ȁ	U+0041 U+030F -> U+0200 (LATIN CAPITAL LETTER A WITH DOUBLE GRAVE)
ȁ	ȁ	U+0061 U+030F -> U+0201 (LATIN SMALL LETTER A WITH DOUBLE GRAVE)
Ȃ	Ȃ	U+0041 U+0311 -> U+0202 (LATIN CAPITAL LETTER A WITH INVERTED BREVE)
ȃ	ȃ	U+0061 U+0311 -> U+0203 (LATIN SMALL LETTER A WITH INVERTED BREVE)
Ȅ	Ȅ	U+0045 U+030F -> U+0204 (LATIN CAPITAL LETTER E WITH DOUBLE GRAVE)
ȅ	ȅ	U+0065 U+030F -> U+0205 (LATIN SMALL LETTER E WITH DOUBLE GRAVE)
Ȇ	Ȇ	U+0045 U+0311 -> U+0206 (LATIN CAPITAL LETTER E WITH INVERTED BREVE)
ȇ	ȇ	U+0065 U+0311 -> U+0207 (LATIN SMALL LETTER E WITH INVERTED BREVE)
Ȉ	Ȉ	U+0049 U+030F -> U+0208 (LATIN CAPITAL LETTER I WITH DOUBLE GRAVE)
ȉ	ȉ	U+0069 U+030F -> U+0209 (LATIN SMALL LETTER I WITH DOUBLE GRAVE)
Ȋ	Ȋ	U+0049 U+0311 -> U+020A (LATIN CAPITAL LETTER I WITH INVERTED BREVE)
ȋ	ȋ	U+0069 U+0311 -> U+020B (LATIN SMALL LETTER I WITH INVERTED BREVE)
Ȍ	Ȍ	U+004F U+030F -> U+020C (LATIN CAPITAL LETTER O WITH DOUBLE GRAVE)
ȍ	ȍ	U+006F U+030F -> U+020D (LATIN SMALL LETTER O WITH DOUBLE GRAVE)
Ȏ	Ȏ	U+004F U+0311 -> U+020E (LATIN CAPITAL LETTER O WITH INVERTED BREVE)
ȏ	ȏ	U+006F U+0311 -> U+020F (LATIN SMALL LETTER O WITH INVERTED BREVE)
Ȑ	Ȑ	U+0052 U+030F -> U+0210 (LATIN CAPITAL LETTER R WITH DOUBLE GRAVE)
ȑ	ȑ	U+0072 U+030F -> U+0211 (LATIN SMALL LETTER R WITH DOUBLE GRAVE)
Ȓ	Ȓ	U+0052 U+0311 -> U+0212 (LATIN CAPITAL LETTER R WITH INVERTED BREVE)
ȓ	ȓ	U+0072 U+0311 -> U+0213 (LATIN SMALL LETTER R WITH INVERTED BREVE)
Ȕ	Ȕ	U+0055 U+030F -> U+0214 (LATIN CAPITAL LETTER U WITH DOUBLE GRAVE)
ȕ	ȕ	U+0075 U+030F -> U+0215 (LATIN SMALL LETTER U WITH DOUBLE GRAVE)
Ȗ	Ȗ	U+0055 U+0311 -> U+0216 (LATIN CAPITAL LETTER U WITH INVERTED BREVE)
ȗ	ȗ	U+0075 U+0311 -> U+0217 (LATIN SMALL LETTER U WITH INVERTED BREVE)
Ș	Ș	U+0053 U+0326 -> U+0218 (LATIN CAPITAL LETTER S WITH COMMA BELOW)
ș	ș	U+0073 U+0326 -> U+0219 (LATIN SMALL LETTER S WITH COMMA BELOW)
Ț	Ț	U+0054 U+0326 -> U+021A (LATIN CAPITAL LETTER T WITH COMMA BELOW)
ț	ț	U+0074 U+0326 -> U+021B (LATIN SMALL LETTER T WITH COMMA BELOW)
Ȟ	Ȟ	U+0048 U+030C -> U+021E (LATIN CAPITAL LETTER H WITH CARON)
ȟ	ȟ	U+0068 U+030C -> U+021F (LATIN SMALL LETTER H WITH CARON)
Ȧ	Ȧ	U+0041 U+0307 -> U+0226 (LATIN CAPITAL LETTER A WITH DOT ABOVE)
ȧ	ȧ	U+0061 U+0307 -> U+0227 (LATIN SMALL LETTER A WITH DOT ABOVE)
Ȩ	Ȩ	U+0045 U+0327 -> U+0228 (LATIN CAPITAL LETTER E WITH CEDILLA)
ȩ	ȩ	U+0065 U+0327 -> U+0229 (LATIN SMALL LETTER E WITH CEDILLA)
Ȫ	Ȫ	U+00D6 U+0304 -> U+022A (LATIN CAPITAL LETTER O WITH DIAERESIS AND MACRON)
ȫ	ȫ	U+00F6 U+0304 -> U+022B (LATIN SMALL LETTER O WITH DIAERESIS AND MACRON)
Ȭ	Ȭ	U+00D5 U+0304 -> U+022C (LATIN CAPITAL LETTER O WITH TILDE AND MACRON)
ȭ	ȭ	U+00F5 U+0304 -> U+022D (LATIN SMALL LETTER O WITH TILDE AND MACRON)
Ȯ	Ȯ	U+004F U+0307 -> U+022E (LATIN CAPITAL LETTER O WITH DOT ABOVE)
ȯ	ȯ	U+006F U+0307 -> U+022F (LATIN SMALL LETTER O WITH DOT ABOVE)
Ȱ	Ȱ	U+022E U+0304 -> U+0230 (LATIN CAPITAL LETTER O WITH DOT ABOVE AND MACRON)
ȱ	ȱ	U+022F U+0304 -> U+0231 (LATIN SMALL LETTER O WITH DOT ABOVE AND MACRON)
Ȳ	Ȳ	U+0059 U+0304 -> U+0232 (LATIN CAPITAL LETTER Y WITH MACRON)
ȳ	ȳ	U+0079 U+0304 -> U+0233 (LATIN SMALL LETTER Y WITH MACRON)
̈́	̈́	U+0308 U+0301 -> U+0344 (COMBINING GREEK DIALYTIKA TONOS)   NFKC-ref: ̈́ (unchanged)
΅	΅	U+00A8 U+0301 -> U+0385 (GREEK DIALYTIKA TONOS)   NFKC-ref:  ̈́
Ά	Ά	U+0391 U+0301 -> U+0386 (GREEK CAPITAL LETTER ALPHA WITH TONOS)
Έ	Έ	U+0395 U+0301 -> U+0388 (GREEK CAPITAL LETTER EPSILON WITH TONOS)
Ή	Ή	U+0397 U+0301 -> U+0389 (GREEK CAPITAL LETTER ETA WITH TONOS)
Ί	Ί	U+0399 U+0301 -> U+038A (GREEK CAPITAL LETTER IOTA WITH TONOS)
Ό	Ό	U+039F U+0301 -> U+038C (GREEK CAPITAL LETTER OMICRON WITH TONOS)
Ύ	Ύ	U+03A5 U+0301 -> U+038E (GREEK CAPITAL LETTER UPSILON WITH TONOS)
Ώ	Ώ	U+03A9 U+0301 -> U+038F (GREEK CAPITAL LETTER OMEGA WITH TONOS)
ΐ	ΐ	U+03CA U+0301 -> U+0390 (GREEK SMALL LETTER IOTA WITH DIALYTIKA AND TONOS)
Ϊ	Ϊ	U+0399 U+0308 -> U+03AA (GREEK CAPITAL LETTER IOTA WITH DIALYTIKA)
Ϋ	Ϋ	U+03A5 U+0308 -> U+03AB (GREEK CAPITAL LETTER UPSILON WITH DIALYTIKA)
ά	ά	U+03B1 U+0301 -> U+03AC (GREEK SMALL LETTER ALPHA WITH TONOS)
έ	έ	U+03B5 U+0301 -> U+03AD (GREEK SMALL LETTER EPSILON WITH TONOS)
ή	ή	U+03B7 U+0301 -> U+03AE (GREEK SMALL LETTER ETA WITH TONOS)
ί	ί	U+03B9 U+0301 -> U+03AF (GREEK SMALL LETTER IOTA WITH TONOS)
ΰ	ΰ	U+03CB U+0301 -> U+03B0 (GREEK SMALL LETTER UPSILON WITH DIALYTIKA AND TONOS)
ϊ	ϊ	U+03B9 U+0308 -> U+03CA (GREEK SMALL LETTER IOTA WITH DIALYTIKA)
ϋ	ϋ	U+03C5 U+0308 -> U+03CB (GREEK SMALL LETTER UPSILON WITH DIALYTIKA)
ό	ό	U+03BF U+0301 -> U+03CC (GREEK SMALL LETTER OMICRON WITH TONOS)
ύ	ύ	U+03C5 U+0301 -> U+03CD (GREEK SMALL LETTER UPSILON WITH TONOS)
ώ	ώ	U+03C9 U+0301 -> U+03CE (GREEK SMALL LETTER OMEGA WITH TONOS)
ϓ	ϓ	U+03D2 U+0301 -> U+03D3 (GREEK UPSILON WITH ACUTE AND HOOK SYMBOL)   NFKC-ref: Ύ
ϔ	ϔ	U+03D2 U+0308 -> U+03D4 (GREEK UPSILON WITH DIAERESIS AND HOOK SYMBOL)   NFKC-ref: Ϋ
Ѐ	Ѐ	U+0415 U+0300 -> U+0400 (CYRILLIC CAPITAL LETTER IE WITH GRAVE)
Ё	Ё	U+0415 U+0308 -> U+0401 (CYRILLIC CAPITAL LETTER IO)
Ѓ	Ѓ	U+0413 U+0301 -> U+0403 (CYRILLIC CAPITAL LETTER GJE)
Ї	Ї	U+0406 U+0308 -> U+0407 (CYRILLIC CAPITAL LETTER YI)
Ќ	Ќ	U+041A U+0301 -> U+040C (CYRILLIC CAPITAL LETTER KJE)
Ѝ	Ѝ	U+0418 U+0300 -> U+040D (CYRILLIC CAPITAL LETTER I WITH GRAVE)
Ў	Ў	U+0423 U+0306 -> U+040E (CYRILLIC CAPITAL LETTER SHORT U)
Й	Й	U+0418 U+0306 -> U+0419 (CYRILLIC CAPITAL LETTER SHORT I)
й	й	U+0438 U+0306 -> U+0439 (CYRILLIC SMALL LETTER SHORT I)
ѐ	ѐ	U+0435 U+0300 -> U+0450 (CYRILLIC SMALL LETTER IE WITH GRAVE)
ё	ё	U+0435 U+0308 -> U+0451 (CYRILLIC SMALL LETTER IO)
ѓ	ѓ	U+0433 U+0301 -> U+0453 (CYRILLIC SMALL LETTER GJE)
ї	ї	U+0456 U+0308 -> U+0457 (CYRILLIC SMALL LETTER YI)
ќ	ќ	U+043A U+0301 -> U+045C (CYRILLIC SMALL LETTER KJE)
ѝ	ѝ	U+0438 U+0300 -> U+045D (CYRILLIC SMALL LETTER I WITH GRAVE)
ў	ў	U+0443 U+0306 -> U+045E (CYRILLIC SMALL LETTER SHORT U)
Ѷ	Ѷ	U+0474 U+030F -> U+0476 (CYRILLIC CAPITAL LETTER IZHITSA WITH DOUBLE GRAVE ACCENT)
ѷ	ѷ	U+0475 U+030F -> U+0477 (CYRILLIC SMALL LETTER IZHITSA WITH DOUBLE GRAVE ACCENT)
Ӂ	Ӂ	U+0416 U+0306 -> U+04C1 (CYRILLIC CAPITAL LETTER ZHE WITH BREVE)
ӂ	ӂ	U+0436 U+0306 -> U+04C2 (CYRILLIC SMALL LETTER ZHE WITH BREVE)
Ӑ	Ӑ	U+0410 U+0306 -> U+04D0 (CYRILLIC CAPITAL LETTER A WITH BREVE)
ӑ	ӑ	U+0430 U+0306 -> U+04D1 (CYRILLIC SMALL LETTER A WITH BREVE)
Ӓ	Ӓ	U+0410 U+0308 -> U+04D2 (CYRILLIC CAPITAL LETTER A WITH DIAERESIS)
ӓ	ӓ	U+0430 U+0308 -> U+04D3 (CYRILLIC SMALL LETTER A WITH DIAERESIS)
Ӗ	Ӗ	U+0415 U+0306 -> U+04D6 (CYRILLIC CAPITAL LETTER IE WITH BREVE)
ӗ	ӗ	U+0435 U+0306 -> U+04D7 (CYRILLIC SMALL LETTER IE WITH BREVE)
Ӛ	Ӛ	U+04D8 U+0308 -> U+04DA (CYRILLIC CAPITAL LETTER SCHWA WITH DIAERESIS)
ӛ	ӛ	U+04D9 U+0308 -> U+04DB (CYRILLIC SMALL LETTER SCHWA WITH DIAERESIS)
Ӝ	Ӝ	U+0416 U+0308 -> U+04DC (CYRILLIC CAPITAL LETTER ZHE WITH DIAERESIS)
ӝ	ӝ	U+0436 U+0308 -> U+04DD (CYRILLIC SMALL LETTER ZHE WITH DIAERESIS)
Ӟ	Ӟ	U+0417 U+0308 -> U+04DE (CYRILLIC CAPITAL LETTER ZE WITH DIAERESIS)
ӟ	ӟ	U+0437 U+0308 -> U+04DF (CYRILLIC SMALL LETTER ZE WITH DIAERESIS)
Ӣ	Ӣ	U+0418 U+0304 -> U+04E2 (CYRILLIC CAPITAL LETTER I WITH MACRON)
ӣ	ӣ	U+0438 U+0304 -> U+04E3 (CYRILLIC SMALL LETTER I WITH MACRON)
Ӥ	Ӥ	U+0418 U+0308 -> U+04E4 (CYRILLIC CAPITAL LETTER I WITH DIAERESIS)
ӥ	ӥ	U+0438 U+0308 -> U+04E5 (CYRILLIC SMALL LETTER I WITH DIAERESIS)
Ӧ	Ӧ	U+041E U+0308 -> U+04E6 (CYRILLIC CAPITAL LETTER O WITH DIAERESIS)
ӧ	ӧ	U+043E U+0308 -> U+04E7 (CYRILLIC SMALL LETTER O WITH DIAERESIS)
Ӫ	Ӫ	U+04E8 U+0308 -> U+04EA (CYRILLIC CAPITAL LETTER BARRED O WITH DIAERESIS)
ӫ	ӫ	U+04E9 U+0308 -> U+04EB (CYRILLIC SMALL LETTER BARRED O WITH DIAERESIS)
Ӭ	Ӭ	U+042D U+0308 -> U+04EC (CYRILLIC CAPITAL LETTER E WITH DIAERESIS)
ӭ	ӭ	U+044D U+0308 -> U+04ED (CYRILLIC SMALL LETTER E WITH DIAERESIS)
Ӯ	Ӯ	U+0423 U+0304 -> U+04EE (CYRILLIC CAPITAL LETTER U WITH MACRON)
ӯ	ӯ	U+0443 U+0304 -> U+04EF (CYRILLIC SMALL LETTER U WITH MACRON)
Ӱ	Ӱ	U+0423 U+0308 -> U+04F0 (CYRILLIC CAPITAL LETTER U WITH DIAERESIS)
ӱ	ӱ	U+0443 U+0308 -> U+04F1 (CYRILLIC SMALL LETTER U WITH DIAERESIS)
Ӳ	Ӳ	U+0423 U+030B -> U+04F2 (CYRILLIC CAPITAL LETTER U WITH DOUBLE ACUTE)
ӳ	ӳ	U+0443 U+030B -> U+04F3 (CYRILLIC SMALL LETTER U WITH DOUBLE ACUTE)
Ӵ	Ӵ	U+0427 U+0308 -> U+04F4 (CYRILLIC CAPITAL LETTER CHE WITH DIAERESIS)
ӵ	ӵ	U+0447 U+0308 -> U+04F5 (CYRILLIC SMALL LETTER CHE WITH DIAERESIS)
Ӹ	Ӹ	U+042B U+0308 -> U+04F8 (CYRILLIC CAPITAL LETTER YERU WITH DIAERESIS)
ӹ	ӹ	U+044B U+0308 -> U+04F9 (CYRILLIC SMALL LETTER YERU WITH DIAERESIS)
آ	آ	U+0627 U+0653 -> U+0622 (ARABIC LETTER ALEF WITH MADDA ABOVE)
أ	أ	U+0627 U+0654 -> U+0623 (ARABIC LETTER ALEF WITH HAMZA ABOVE)
ؤ	ؤ	U+0648 U+0654 -> U+0624 (ARABIC LETTER WAW WITH HAMZA ABOVE)
إ	إ	U+0627 U+0655 -> U+0625 (ARABIC LETTER ALEF WITH HAMZA BELOW)
ئ	ئ	U+064A U+0654 -> U+0626 (ARABIC LETTER YEH WITH HAMZA ABOVE)
ۀ	ۀ	U+06D5 U+0654 -> U+06C0 (ARABIC LETTER HEH WITH YEH ABOVE)
ۂ	ۂ	U+06C1 U+0654 -> U+06C2 (ARABIC LETTER HEH GOAL WITH HAMZA ABOVE)
ۓ	ۓ	U+06D2 U+0654 -> U+06D3 (ARABIC LETTER YEH BARREE WITH HAMZA ABOVE)
Ḁ	Ḁ	U+0041 U+0325 -> U+1E00 (LATIN CAPITAL LETTER A WITH RING BELOW)
ḁ	ḁ	U+0061 U+0325 -> U+1E01 (LATIN SMALL LETTER A WITH RING BELOW)
Ḃ	Ḃ	U+0042 U+0307 -> U+1E02 (LATIN CAPITAL LETTER B WITH DOT ABOVE)
ḃ	ḃ	U+0062 U+0307 -> U+1E03 (LATIN SMALL LETTER B WITH DOT ABOVE)
Ḅ	Ḅ	U+0042 U+0323 -> U+1E04 (LATIN CAPITAL LETTER B WITH DOT BELOW)
ḅ	ḅ	U+0062 U+0323 -> U+1E05 (LATIN SMALL LETTER B WITH DOT BELOW)
Ḇ	Ḇ	U+0042 U+0331 -> U+1E06 (LATIN CAPITAL LETTER B WITH LINE BELOW)
ḇ	ḇ	U+0062 U+0331 -> U+1E07 (LATIN SMALL LETTER B WITH LINE BELOW)
Ḉ	Ḉ	U+00C7 U+0301 -> U+1E08 (LATIN CAPITAL LETTER C WITH CEDILLA AND ACUTE)
ḉ	ḉ	U+00E7 U+0301 -> U+1E09 (LATIN SMALL LETTER C WITH CEDILLA AND ACUTE)
Ḋ	Ḋ	U+0044 U+0307 -> U+1E0A (LATIN CAPITAL LETTER D WITH DOT ABOVE)
ḋ	ḋ	U+0064 U+0307 -> U+1E0B (LATIN SMALL LETTER D WITH DOT ABOVE)
Ḍ	Ḍ	U+0044 U+0323 -> U+1E0C (LATIN CAPITAL LETTER D WITH DOT BELOW)
ḍ	ḍ	U+0064 U+0323 -> U+1E0D (LATIN SMALL LETTER D WITH DOT BELOW)
Ḏ	Ḏ	U+0044 U+0331 -> U+1E0E (LATIN CAPITAL LETTER D WITH LINE BELOW)
ḏ	ḏ	U+0064 U+0331 -> U+1E0F (LATIN SMALL LETTER D WITH LINE BELOW)
Ḑ	Ḑ	U+0044 U+0327 -> U+1E10 (LATIN CAPITAL LETTER D WITH CEDILLA)
ḑ	ḑ	U+0064 U+0327 -> U+1E11 (LATIN SMALL LETTER D WITH CEDILLA)
Ḓ	Ḓ	U+0044 U+032D -> U+1E12 (LATIN CAPITAL LETTER D WITH CIRCUMFLEX BELOW)
ḓ	ḓ	U+0064 U+032D -> U+1E13 (LATIN SMALL LETTER D WITH CIRCUMFLEX BELOW)
Ḕ	Ḕ	U+0112 U+0300 -> U+1E14 (LATIN CAPITAL LETTER E WITH MACRON AND GRAVE)
ḕ	ḕ	U+0113 U+0300 -> U+1E15 (LATIN SMALL LETTER E WITH MACRON AND GRAVE)
Ḗ	Ḗ	U+0112 U+0301 -> U+1E16 (LATIN CAPITAL LETTER E WITH MACRON AND ACUTE)
ḗ	ḗ	U+0113 U+0301 -> U+1E17 (LATIN SMALL LETTER E WITH MACRON AND ACUTE)
Ḙ	Ḙ	U+0045 U+032D -> U+1E18 (LATIN CAPITAL LETTER E WITH CIRCUMFLEX BELOW)
ḙ	ḙ	U+0065 U+032D -> U+1E19 (LATIN SMALL LETTER E WITH CIRCUMFLEX BELOW)
Ḛ	Ḛ	U+0045 U+0330 -> U+1E1A (LATIN CAPITAL LETTER E WITH TILDE BELOW)
ḛ	ḛ	U+0065 U+0330 -> U+1E1B (LATIN SMALL LETTER E WITH TILDE BELOW)
Ḝ	Ḝ	U+0228 U+0306 -> U+1E1C (LATIN CAPITAL LETTER E WITH CEDILLA AND BREVE)
ḝ	ḝ	U+0229 U+0306 -> U+1E1D (LATIN SMALL LETTER E WITH CEDILLA AND BREVE)
Ḟ	Ḟ	U+0046 U+0307 -> U+1E1E (LATIN CAPITAL LETTER F WITH DOT ABOVE)
ḟ	ḟ	U+0066 U+0307 -> U+1E1F (LATIN SMALL LETTER F WITH DOT ABOVE)
Ḡ	Ḡ	U+0047 U+0304 -> U+1E20 (LATIN CAPITAL LETTER G WITH MACRON)
ḡ	ḡ	U+0067 U+0304 -> U+1E21 (LATIN SMALL LETTER G WITH MACRON)
Ḣ	Ḣ	U+0048 U+0307 -> U+1E22 (LATIN CAPITAL LETTER H WITH DOT ABOVE)
ḣ	ḣ	U+0068 U+0307 -> U+1E23 (LATIN SMALL LETTER H WITH DOT ABOVE)
Ḥ	Ḥ	U+0048 U+0323 -> U+1E24 (LATIN CAPITAL LETTER H WITH DOT BELOW)
ḥ	ḥ	U+0068 U+0323 -> U+1E25 (LATIN SMALL LETTER H WITH DOT BELOW)
Ḧ	Ḧ	U+0048 U+0308 -> U+1E26 (LATIN CAPITAL LETTER H WITH DIAERESIS)
ḧ	ḧ	U+0068 U+0308 -> U+1E27 (LATIN SMALL LETTER H WITH DIAERESIS)
Ḩ	Ḩ	U+0048 U+0327 -> U+1E28 (LATIN CAPITAL LETTER H WITH CEDILLA)
ḩ	ḩ	U+0068 U+0327 -> U+1E29 (LATIN SMALL LETTER H WITH CEDILLA)
Ḫ	Ḫ	U+0048 U+032E -> U+1E2A (LATIN CAPITAL LETTER H WITH BREVE BELOW)
ḫ	ḫ	U+0068 U+032E -> U+1E2B (LATIN SMALL LETTER H WITH BREVE BELOW)
Ḭ	Ḭ	U+0049 U+0330 -> U+1E2C (LATIN CAPITAL LETTER I WITH TILDE BELOW)
ḭ	ḭ	U+0069 U+0330 -> U+1E2D (LATIN SMALL LETTER I WITH TILDE BELOW)
Ḯ	Ḯ	U+00CF U+0301 -> U+1E2E (LATIN CAPITAL LETTER I WITH DIAERESIS AND ACUTE)
ḯ	ḯ	U+00EF U+0301 -> U+1E2F (LATIN SMALL LETTER I WITH DIAERESIS AND ACUTE)
Ḱ	Ḱ	U+004B U+0301 -> U+1E30 (LATIN CAPITAL LETTER K WITH ACUTE)
ḱ	ḱ	U+006B U+0301 -> U+1E31 (LATIN SMALL LETTER K WITH ACUTE)
Ḳ	Ḳ	U+004B U+0323 -> U+1E32 (LATIN CAPITAL LETTER K WITH DOT BELOW)
ḳ	ḳ	U+006B U+0323 -> U+1E33 (LATIN SMALL LETTER K WITH DOT BELOW)
Ḵ	Ḵ	U+004B U+0331 -> U+1E34 (LATIN CAPITAL LETTER K WITH LINE BELOW)
ḵ	ḵ	U+006B U+0331 -> U+1E35 (LATIN SMALL LETTER K WITH LINE BELOW)
Ḷ	Ḷ	U+004C U+0323 -> U+1E36 (LATIN CAPITAL LETTER L WITH DOT BELOW)
ḷ	ḷ	U+006C U+0323 -> U+1E37 (LATIN SMALL LETTER L WITH DOT BELOW)
Ḹ	Ḹ	U+1E36 U+0304 -> U+1E38 (LATIN CAPITAL LETTER L WITH DOT BELOW AND MACRON)
ḹ	ḹ	U+1E37 U+0304 -> U+1E39 (LATIN SMALL LETTER L WITH DOT BELOW AND MACRON)
Ḻ	Ḻ	U+004C U+0331 -> U+1E3A (LATIN CAPITAL LETTER L WITH LINE BELOW)
ḻ	ḻ	U+006C U+0331 -> U+1E3B (LATIN SMALL LETTER L WITH LINE BELOW)
Ḽ	Ḽ	U+004C U+032D -> U+1E3C (LATIN CAPITAL LETTER L WITH CIRCUMFLEX BELOW)
ḽ	ḽ	U+006C U+032D -> U+1E3D (LATIN SMALL LETTER L WITH CIRCUMFLEX BELOW)
Ḿ	Ḿ	U+004D U+0301 -> U+1E3E (LATIN CAPITAL LETTER M WITH ACUTE)
ḿ	ḿ	U+006D U+0301 -> U+1E3F (LATIN SMALL LETTER M WITH ACUTE)
Ṁ	Ṁ	U+004D U+0307 -> U+1E40 (LATIN CAPITAL LETTER M WITH DOT ABOVE)
ṁ	ṁ	U+006D U+0307 -> U+1E41 (LATIN SMALL LETTER M WITH DOT ABOVE)
Ṃ	Ṃ	U+004D U+0323 -> U+1E42 (LATIN CAPITAL LETTER M WITH DOT BELOW)
ṃ	ṃ	U+006D U+0323 -> U+1E43 (LATIN SMALL LETTER M WITH DOT BELOW)
Ṅ	Ṅ	U+004E U+0307 -> U+1E44 (LATIN CAPITAL LETTER N WITH DOT ABOVE)
ṅ	ṅ	U+006E U+0307 -> U+1E45 (LATIN SMALL LETTER N WITH DOT ABOVE)
Ṇ	Ṇ	U+004E U+0323 -> U+1E46 (LATIN CAPITAL LETTER N WITH DOT BELOW)
ṇ	ṇ	U+006E U+0323 -> U+1E47 (LATIN SMALL LETTER N WITH DOT BELOW)
Ṉ	Ṉ	U+004E U+0331 -> U+1E48 (LATIN CAPITAL LETTER N WITH LINE BELOW)
ṉ	ṉ	U+006E U+0331 -> U+1E49 (LATIN SMALL LETTER N WITH LINE BELOW)
Ṋ	Ṋ	U+004E U+032D -> U+1E4A (LATIN CAPITAL LETTER N WITH CIRCUMFLEX BELOW)
ṋ	ṋ	U+006E U+032D -> U+1E4B (LATIN SMALL LETTER N WITH CIRCUMFLEX BELOW)
Ṍ	Ṍ	U+00D5 U+0301 -> U+1E4C (LATIN CAPITAL LETTER O WITH TILDE AND ACUTE)
ṍ	ṍ	U+00F5 U+0301 -> U+1E4D (LATIN SMALL LETTER O WITH TILDE AND ACUTE)
Ṏ	Ṏ	U+00D5 U+0308 -> U+1E4E (LATIN CAPITAL LETTER O WITH TILDE AND DIAERESIS)
ṏ	ṏ	U+00F5 U+0308 -> U+1E4F (LATIN SMALL LETTER O WITH TILDE AND DIAERESIS)
Ṑ	Ṑ	U+014C U+0300 -> U+1E50 (LATIN CAPITAL LETTER O WITH MACRON AND GRAVE)
ṑ	ṑ	U+014D U+0300 -> U+1E51 (LATIN SMALL LETTER O WITH MACRON AND GRAVE)
Ṓ	Ṓ	U+014C U+0301 -> U+1E52 (LATIN CAPITAL LETTER O WITH MACRON AND ACUTE)
ṓ	ṓ	U+014D U+0301 -> U+1E53 (LATIN SMALL LETTER O WITH MACRON AND ACUTE)
Ṕ	Ṕ	U+0050 U+0301 -> U+1E54 (LATIN CAPITAL LETTER P WITH ACUTE)
ṕ	ṕ	U+0070 U+0301 -> U+1E55 (LATIN SMALL LETTER P WITH ACUTE)
Ṗ	Ṗ	U+0050 U+0307 -> U+1E56 (LATIN CAPITAL LETTER P WITH DOT ABOVE)
ṗ	ṗ	U+0070 U+0307 -> U+1E57 (LATIN SMALL LETTER P WITH DOT ABOVE)
Ṙ	Ṙ	U+0052 U+0307 -> U+1E58 (LATIN CAPITAL LETTER R WITH DOT ABOVE)
ṙ	ṙ	U+0072 U+0307 -> U+1E59 (LATIN SMALL LETTER R WITH DOT ABOVE)
Ṛ	Ṛ	U+0052 U+0323 -> U+1E5A (LATIN CAPITAL LETTER R WITH DOT BELOW)
ṛ	ṛ	U+0072 U+0323 -> U+1E5B (LATIN SMALL LETTER R WITH DOT BELOW)
Ṝ	Ṝ	U+1E5A U+0304 -> U+1E5C (LATIN CAPITAL LETTER R WITH DOT BELOW AND MACRON)
ṝ	ṝ	U+1E5B U+0304 -> U+1E5D (LATIN SMALL LETTER R WITH DOT BELOW AND MACRON)
Ṟ	Ṟ	U+0052 U+0331 -> U+1E5E (LATIN CAPITAL LETTER R WITH LINE BELOW)
ṟ	ṟ	U+0072 U+0331 -> U+1E5F (LATIN SMALL LETTER R WITH LINE BELOW)
Ṡ	Ṡ	U+0053 U+0307 -> U+1E60 (LATIN CAPITAL LETTER S WITH DOT ABOVE)
ṡ	ṡ	U+0073 U+0307 -> U+1E61 (LATIN SMALL LETTER S WITH DOT ABOVE)
Ṣ	Ṣ	U+0053 U+0323 -> U+1E62 (LATIN CAPITAL LETTER S WITH DOT BELOW)
ṣ	ṣ	U+0073 U+0323 -> U+1E63 (LATIN SMALL LETTER S WITH DOT BELOW)
Ṥ	Ṥ	U+015A U+0307 -> U+1E64 (LATIN CAPITAL LETTER S WITH ACUTE AND DOT ABOVE)
ṥ	ṥ	U+015B U+0307 -> U+1E65 (LATIN SMALL LETTER S WITH ACUTE AND DOT ABOVE)
Ṧ	Ṧ	U+0160 U+0307 -> U+1E66 (LATIN CAPITAL LETTER S WITH CARON AND DOT ABOVE)
ṧ	ṧ	U+0161 U+0307 -> U+1E67 (LATIN SMALL LETTER S WITH CARON AND DOT ABOVE)
Ṩ	Ṩ	U+1E62 U+0307 -> U+1E68 (LATIN CAPITAL LETTER S WITH DOT BELOW AND DOT ABOVE)
ṩ	ṩ	U+1E63 U+0307 -> U+1E69 (LATIN SMALL LETTER S WITH DOT BELOW AND DOT ABOVE)
Ṫ	Ṫ	U+0054 U+0307 -> U+1E6A (LATIN CAPITAL LETTER T WITH DOT ABOVE)
ṫ	ṫ	U+0074 U+0307 -> U+1E6B (LATIN SMALL LETTER T WITH DOT ABOVE)
Ṭ	Ṭ	U+0054 U+0323 -> U+1E6C (LATIN CAPITAL LETTER T WITH DOT BELOW)
ṭ	ṭ	U+0074 U+0323 -> U+1E6D (LATIN SMALL LETTER T WITH DOT BELOW)
Ṯ	Ṯ	U+0054 U+0331 -> U+1E6E (LATIN CAPITAL LETTER T WITH LINE BELOW)
ṯ	ṯ	U+0074 U+0331 -> U+1E6F (LATIN SMALL LETTER T WITH LINE BELOW)
Ṱ	Ṱ	U+0054 U+032D -> U+1E70 (LATIN CAPITAL LETTER T WITH CIRCUMFLEX BELOW)
ṱ	ṱ	U+0074 U+032D -> U+1E71 (LATIN SMALL LETTER T WITH CIRCUMFLEX BELOW)
Ṳ	Ṳ	U+0055 U+0324 -> U+1E72 (LATIN CAPITAL LETTER U WITH DIAERESIS BELOW)
ṳ	ṳ	U+0075 U+0324 -> U+1E73 (LATIN SMALL LETTER U WITH DIAERESIS BELOW)
Ṵ	Ṵ	U+0055 U+0330 -> U+1E74 (LATIN CAPITAL LETTER U WITH TILDE BELOW)
ṵ	ṵ	U+0075 U+0330 -> U+1E75 (LATIN SMALL LETTER U WITH TILDE BELOW)
Ṷ	Ṷ	U+0055 U+032D -> U+1E76 (LATIN CAPITAL LETTER U WITH CIRCUMFLEX BELOW)
ṷ	ṷ	U+0075 U+032D -> U+1E77 (LATIN SMALL LETTER U WITH CIRCUMFLEX BELOW)
Ṹ	Ṹ	U+0168 U+0301 -> U+1E78 (LATIN CAPITAL LETTER U WITH TILDE AND ACUTE)
ṹ	ṹ	U+0169 U+0301 -> U+1E79 (LATIN SMALL LETTER U WITH TILDE AND ACUTE)
Ṻ	Ṻ	U+016A U+0308 -> U+1E7A (LATIN CAPITAL LETTER U WITH MACRON AND DIAERESIS)
ṻ	ṻ	U+016B U+0308 -> U+1E7B (LATIN SMALL LETTER U WITH MACRON AND DIAERESIS)
Ṽ	Ṽ	U+0056 U+0303 -> U+1E7C (LATIN CAPITAL LETTER V WITH TILDE)
ṽ	ṽ	U+0076 U+0303 -> U+1E7D (LATIN SMALL LETTER V WITH TILDE)
Ṿ	Ṿ	U+0056 U+0323 -> U+1E7E (LATIN CAPITAL LETTER V WITH DOT BELOW)
ṿ	ṿ	U+0076 U+0323 -> U+1E7F (LATIN SMALL LETTER V WITH DOT BELOW)
Ẁ	Ẁ	U+0057 U+0300 -> U+1E80 (LATIN CAPITAL LETTER W WITH GRAVE)
ẁ	ẁ	U+0077 U+0300 -> U+1E81 (LATIN SMALL LETTER W WITH GRAVE)
Ẃ	Ẃ	U+0057 U+0301 -> U+1E82 (LATIN CAPITAL LETTER W WITH ACUTE)
ẃ	ẃ	U+0077 U+0301 -> U+1E83 (LATIN SMALL LETTER W WITH ACUTE)
Ẅ	Ẅ	U+0057 U+0308 -> U+1E84 (LATIN CAPITAL LETTER W WITH DIAERESIS)
ẅ	ẅ	U+0077 U+0308 -> U+1E85 (LATIN SMALL LETTER W WITH DIAERESIS)
Ẇ	Ẇ	U+0057 U+0307 -> U+1E86 (LATIN CAPITAL LETTER W WITH DOT ABOVE)
ẇ	ẇ	U+0077 U+0307 -> U+1E87 (LATIN SMALL LETTER W WITH DOT ABOVE)
Ẉ	Ẉ	U+0057 U+0323 -> U+1E88 (LATIN CAPITAL LETTER W WITH DOT BELOW)
ẉ	ẉ	U+0077 U+0323 -> U+1E89 (LATIN SMALL LETTER W WITH DOT BELOW)
Ẋ	Ẋ	U+0058 U+0307 -> U+1E8A (LATIN CAPITAL LETTER X WITH DOT ABOVE)
ẋ	ẋ	U+0078 U+0307 -> U+1E8B (LATIN SMALL LETTER X WITH DOT ABOVE)
Ẍ	Ẍ	U+0058 U+0308 -> U+1E8C (LATIN CAPITAL LETTER X WITH DIAERESIS)
ẍ	ẍ	U+0078 U+0308 -> U+1E8D (LATIN SMALL LETTER X WITH DIAERESIS)
Ẏ	Ẏ	U+0059 U+0307 -> U+1E8E (LATIN CAPITAL LETTER Y WITH DOT ABOVE)
ẏ	ẏ	U+0079 U+0307 -> U+1E8F (LATIN SMALL LETTER Y WITH DOT ABOVE)
Ẑ	Ẑ	U+005A U+0302 -> U+1E90 (LATIN CAPITAL LETTER Z WITH CIRCUMFLEX)
ẑ	ẑ	U+007A U+0302 -> U+1E91 (LATIN SMALL LETTER Z WITH CIRCUMFLEX)
Ẓ	Ẓ	U+005A U+0323 -> U+1E92 (LATIN CAPITAL LETTER Z WITH DOT BELOW)
ẓ	ẓ	U+007A U+0323 -> U+1E93 (LATIN SMALL LETTER Z WITH DOT BELOW)
Ẕ	Ẕ	U+005A U+0331 -> U+1E94 (LATIN CAPITAL LETTER Z WITH LINE BELOW)
ẕ	ẕ	U+007A U+0331 -> U+1E95 (LATIN SMALL LETTER Z WITH LINE BELOW)
ẖ	ẖ	U+0068 U+0331 -> U+1E96 (LATIN SMALL LETTER H WITH LINE BELOW)
ẗ	ẗ	U+0074 U+0308 -> U+1E97 (LATIN SMALL LETTER T WITH DIAERESIS)
ẘ	ẘ	U+0077 U+030A -> U+1E98 (LATIN SMALL LETTER W WITH RING ABOVE)
ẙ	ẙ	U+0079 U+030A -> U+1E99 (LATIN SMALL LETTER Y WITH RING ABOVE)
ẛ	ẛ	U+017F U+0307 -> U+1E9B (LATIN SMALL LETTER LONG S WITH DOT ABOVE)   NFKC-ref: ṡ
Ạ	Ạ	U+0041 U+0323 -> U+1EA0 (LATIN CAPITAL LETTER A WITH DOT BELOW)
ạ	ạ	U+0061 U+0323 -> U+1EA1 (LATIN SMALL LETTER A WITH DOT BELOW)
Ả	Ả	U+0041 U+0309 -> U+1EA2 (LATIN CAPITAL LETTER A WITH HOOK ABOVE)
ả	ả	U+0061 U+0309 -> U+1EA3 (LATIN SMALL LETTER A WITH HOOK ABOVE)
Ấ	Ấ	U+00C2 U+0301 -> U+1EA4 (LATIN CAPITAL LETTER A WITH CIRCUMFLEX AND ACUTE)
ấ	ấ	U+00E2 U+0301 -> U+1EA5 (LATIN SMALL LETTER A WITH CIRCUMFLEX AND ACUTE)
Ầ	Ầ	U+00C2 U+0300 -> U+1EA6 (LATIN CAPITAL LETTER A WITH CIRCUMFLEX AND GRAVE)
ầ	ầ	U+00E2 U+0300 -> U+1EA7 (LATIN SMALL LETTER A WITH CIRCUMFLEX AND GRAVE)
Ẩ	Ẩ	U+00C2 U+0309 -> U+1EA8 (LATIN CAPITAL LETTER A WITH CIRCUMFLEX AND HOOK ABOVE)
ẩ	ẩ	U+00E2 U+0309 -> U+1EA9 (LATIN SMALL LETTER A WITH CIRCUMFLEX AND HOOK ABOVE)
Ẫ	Ẫ	U+00C2 U+0303 -> U+1EAA (LATIN CAPITAL LETTER A WITH CIRCUMFLEX AND TILDE)
ẫ	ẫ	U+00E2 U+0303 -> U+1EAB (LATIN SMALL LETTER A WITH CIRCUMFLEX AND TILDE)
Ậ	Ậ	U+1EA0 U+0302 -> U+1EAC (LATIN CAPITAL LETTER A WITH CIRCUMFLEX AND DOT BELOW)
ậ	ậ	U+1EA1 U+0302 -> U+1EAD (LATIN SMALL LETTER A WITH CIRCUMFLEX AND DOT BELOW)
Ắ	Ắ	U+0102 U+0301 -> U+1EAE (LATIN CAPITAL LETTER A WITH BREVE AND ACUTE)
ắ	ắ	U+0103 U+0301 -> U+1EAF (LATIN SMALL LETTER A WITH BREVE AND ACUTE)
Ằ	Ằ	U+0102 U+0300 -> U+1EB0 (LATIN CAPITAL LETTER A WITH BREVE AND GRAVE)
ằ	ằ	U+0103 U+0300 -> U+1EB1 (LATIN SMALL LETTER A WITH BREVE AND GRAVE)
Ẳ	Ẳ	U+0102 U+0309 -> U+1EB2 (LATIN CAPITAL LETTER A WITH BREVE AND HOOK ABOVE)
ẳ	ẳ	U+0103 U+0309 -> U+1EB3 (LATIN SMALL LETTER A WITH BREVE AND HOOK ABOVE)
Ẵ	Ẵ	U+0102 U+0303 -> U+1EB4 (LATIN CAPITAL LETTER A WITH BREVE AND TILDE)
ẵ	ẵ	U+0103 U+0303 -> U+1EB5 (LATIN SMALL LETTER A WITH BREVE AND TILDE)
Ặ	Ặ	U+1EA0 U+0306 -> U+1EB6 (LATIN CAPITAL LETTER A WITH BREVE AND DOT BELOW)
ặ	ặ	U+1EA1 U+0306 -> U+1EB7 (LATIN SMALL LETTER A WITH BREVE AND DOT BELOW)
Ẹ	Ẹ	U+0045 U+0323 -> U+1EB8 (LATIN CAPITAL LETTER E WITH DOT BELOW)
ẹ	ẹ	U+0065 U+0323 -> U+1EB9 (LATIN SMALL LETTER E WITH DOT BELOW)
Ẻ	Ẻ	U+0045 U+0309 -> U+1EBA (LATIN CAPITAL LETTER E WITH HOOK ABOVE)
ẻ	ẻ	U+0065 U+0309 -> U+1EBB (LATIN SMALL LETTER E WITH HOOK ABOVE)
Ẽ	Ẽ	U+0045 U+0303 -> U+1EBC (LATIN CAPITAL LETTER E WITH TILDE)
ẽ	ẽ	U+0065 U+0303 -> U+1EBD (LATIN SMALL LETTER E WITH TILDE)
Ế	Ế	U+00CA U+0301 -> U+1EBE (LATIN CAPITAL LETTER E WITH CIRCUMFLEX AND ACUTE)
ế	ế	U+00EA U+0301 -> U+1EBF (LATIN SMALL LETTER E WITH CIRCUMFLEX AND ACUTE)
Ề	Ề	U+00CA U+0300 -> U+1EC0 (LATIN CAPITAL LETTER E WITH CIRCUMFLEX AND GRAVE)
ề	ề	U+00EA U+0300 -> U+1EC1 (LATIN SMALL LETTER E WITH CIRCUMFLEX AND GRAVE)
Ể	Ể	U+00CA U+0309 -> U+1EC2 (LATIN CAPITAL LETTER E WITH CIRCUMFLEX AND HOOK ABOVE)
ể	ể	U+00EA U+0309 -> U+1EC3 (LATIN SMALL LETTER E WITH CIRCUMFLEX AND HOOK ABOVE)
Ễ	Ễ	U+00CA U+0303 -> U+1EC4 (LATIN CAPITAL LETTER E WITH CIRCUMFLEX AND TILDE)
ễ	ễ	U+00EA U+0303 -> U+1EC5 (LATIN SMALL LETTER E WITH CIRCUMFLEX AND TILDE)
Ệ	Ệ	U+1EB8 U+0302 -> U+1EC6 (LATIN CAPITAL LETTER E WITH CIRCUMFLEX AND DOT BELOW)
ệ	ệ	U+1EB9 U+0302 -> U+1EC7 (LATIN SMALL LETTER E WITH CIRCUMFLEX AND DOT BELOW)
Ỉ	Ỉ	U+0049 U+0309 -> U+1EC8 (LATIN CAPITAL LETTER I WITH HOOK ABOVE)
ỉ	ỉ	U+0069 U+0309 -> U+1EC9 (LATIN SMALL LETTER I WITH HOOK ABOVE)
Ị	Ị	U+0049 U+0323 -> U+1ECA (LATIN CAPITAL LETTER I WITH DOT BELOW)
ị	ị	U+0069 U+0323 -> U+1ECB (LATIN SMALL LETTER I WITH DOT BELOW)
Ọ	Ọ	U+004F U+0323 -> U+1ECC (LATIN CAPITAL LETTER O WITH DOT BELOW)
ọ	ọ	U+006F U+0323 -> U+1ECD (LATIN SMALL LETTER O WITH DOT BELOW)
Ỏ	Ỏ	U+004F U+0309 -> U+1ECE (LATIN CAPITAL LETTER O WITH HOOK ABOVE)
ỏ	ỏ	U+006F U+0309 -> U+1ECF (LATIN SMALL LETTER O WITH HOOK ABOVE)
Ố	Ố	U+00D4 U+0301 -> U+1ED0 (LATIN CAPITAL LETTER O WITH CIRCUMFLEX AND ACUTE)
ố	ố	U+00F4 U+0301 -> U+1ED1 (LATIN SMALL LETTER O WITH CIRCUMFLEX AND ACUTE)
Ồ	Ồ	U+00D4 U+0300 -> U+1ED2 (LATIN CAPITAL LETTER O WITH CIRCUMFLEX AND GRAVE)
ồ	ồ	U+00F4 U+0300 -> U+1ED3 (LATIN SMALL LETTER O WITH CIRCUMFLEX AND GRAVE)
Ổ	Ổ	U+00D4 U+0309 -> U+1ED4 (LATIN CAPITAL LETTER O WITH CIRCUMFLEX AND HOOK ABOVE)
ổ	ổ	U+00F4 U+0309 -> U+1ED5 (LATIN SMALL LETTER O WITH CIRCUMFLEX AND HOOK ABOVE)
Ỗ	Ỗ	U+00D4 U+0303 -> U+1ED6 (LATIN CAPITAL LETTER O WITH CIRCUMFLEX AND TILDE)
ỗ	ỗ	U+00F4 U+0303 -> U+1ED7 (LATIN SMALL LETTER O WITH CIRCUMFLEX AND TILDE)
Ộ	Ộ	U+1ECC U+0302 -> U+1ED8 (LATIN CAPITAL LETTER O WITH CIRCUMFLEX AND DOT BELOW)
ộ	ộ	U+1ECD U+0302 -> U+1ED9 (LATIN SMALL LETTER O WITH CIRCUMFLEX AND DOT BELOW)
Ớ	Ớ	U+01A0 U+0301 -> U+1EDA (LATIN CAPITAL LETTER O WITH HORN AND ACUTE)
ớ	ớ	U+01A1 U+0301 -> U+1EDB (LATIN SMALL LETTER O WITH HORN AND ACUTE)
Ờ	Ờ	U+01A0 U+0300 -> U+1EDC (LATIN CAPITAL LETTER O WITH HORN AND GRAVE)
ờ	ờ	U+01A1 U+0300 -> U+1EDD (LATIN SMALL LETTER O WITH HORN AND GRAVE)
Ở	Ở	U+01A0 U+0309 -> U+1EDE (LATIN CAPITAL LETTER O WITH HORN AND HOOK ABOVE)
ở	ở	U+01A1 U+0309 -> U+1EDF (LATIN SMALL LETTER O WITH HORN AND HOOK ABOVE)
Ỡ	Ỡ	U+01A0 U+0303 -> U+1EE0 (LATIN CAPITAL LETTER O WITH HORN AND TILDE)
ỡ	ỡ	U+01A1 U+0303 -> U+1EE1 (LATIN SMALL LETTER O WITH HORN AND TILDE)
Ợ	Ợ	U+01A0 U+0323 -> U+1EE2 (LATIN CAPITAL LETTER O WITH HORN AND DOT BELOW)
ợ	ợ	U+01A1 U+0323 -> U+1EE3 (LATIN SMALL LETTER O WITH HORN AND DOT BELOW)
Ụ	Ụ	U+0055 U+0323 -> U+1EE4 (LATIN CAPITAL LETTER U WITH DOT BELOW)
ụ	ụ	U+0075 U+0323 -> U+1EE5 (LATIN SMALL LETTER U WITH DOT BELOW)
Ủ	Ủ	U+0055 U+0309 -> U+1EE6 (LATIN CAPITAL LETTER U WITH HOOK ABOVE)
ủ	ủ	U+0075 U+0309 -> U+1EE7 (LATIN SMALL LETTER U WITH HOOK ABOVE)
Ứ	Ứ	U+01AF U+0301 -> U+1EE8 (LATIN CAPITAL LETTER U WITH HORN AND ACUTE)
ứ	ứ	U+01B0 U+0301 -> U+1EE9 (LATIN SMALL LETTER U WITH HORN AND ACUTE)
Ừ	Ừ	U+01AF U+0300 -> U+1EEA (LATIN CAPITAL LETTER U WITH HORN AND GRAVE)
ừ	ừ	U+01B0 U+0300 -> U+1EEB (LATIN SMALL LETTER U WITH HORN AND GRAVE)
Ử	Ử	U+01AF U+0309 -> U+1EEC (LATIN CAPITAL LETTER U WITH HORN AND HOOK ABOVE)
ử	ử	U+01B0 U+0309 -> U+1EED (LATIN SMALL LETTER U WITH HORN AND HOOK ABOVE)
Ữ	Ữ	U+01AF U+0303 -> U+1EEE (LATIN CAPITAL LETTER U WITH HORN AND TILDE)
ữ	ữ	U+01B0 U+0303 -> U+1EEF (LATIN SMALL LETTER U WITH HORN AND TILDE)
Ự	Ự	U+01AF U+0323 -> U+1EF0 (LATIN CAPITAL LETTER U WITH HORN AND DOT BELOW)
ự	ự	U+01B0 U+0323 -> U+1EF1 (LATIN SMALL LETTER U WITH HORN AND DOT BELOW)
Ỳ	Ỳ	U+0059 U+0300 -> U+1EF2 (LATIN CAPITAL LETTER Y WITH GRAVE)
ỳ	ỳ	U+0079 U+0300 -> U+1EF3 (LATIN SMALL LETTER Y WITH GRAVE)
Ỵ	Ỵ	U+0059 U+0323 -> U+1EF4 (LATIN CAPITAL LETTER Y WITH DOT BELOW)
ỵ	ỵ	U+0079 U+0323 -> U+1EF5 (LATIN SMALL LETTER Y WITH DOT BELOW)
Ỷ	Ỷ	U+0059 U+0309 -> U+1EF6 (LATIN CAPITAL LETTER Y WITH HOOK ABOVE)
ỷ	ỷ	U+0079 U+0309 -> U+1EF7 (LATIN SMALL LETTER Y WITH HOOK ABOVE)
Ỹ	Ỹ	U+0059 U+0303 -> U+1EF8 (LATIN CAPITAL LETTER Y WITH TILDE)
ỹ	ỹ	U+0079 U+0303 -> U+1EF9 (LATIN SMALL LETTER Y WITH TILDE)
ἀ	ἀ	U+03B1 U+0313 -> U+1F00 (GREEK SMALL LETTER ALPHA WITH PSILI)
ἁ	ἁ	U+03B1 U+0314 -> U+1F01 (GREEK SMALL LETTER ALPHA WITH DASIA)
ἂ	ἂ	U+1F00 U+0300 -> U+1F02 (GREEK SMALL LETTER ALPHA WITH PSILI AND VARIA)
ἃ	ἃ	U+1F01 U+0300 -> U+1F03 (GREEK SMALL LETTER ALPHA WITH DASIA AND VARIA)
ἄ	ἄ	U+1F00 U+0301 -> U+1F04 (GREEK SMALL LETTER ALPHA WITH PSILI AND OXIA)
ἅ	ἅ	U+1F01 U+0301 -> U+1F05 (GREEK SMALL LETTER ALPHA WITH DASIA AND OXIA)
ἆ	ἆ	U+1F00 U+0342 -> U+1F06 (GREEK SMALL LETTER ALPHA WITH PSILI AND PERISPOMENI)
ἇ	ἇ	U+1F01 U+0342 -> U+1F07 (GREEK SMALL LETTER ALPHA WITH DASIA AND PERISPOMENI)
Ἀ	Ἀ	U+0391 U+0313 -> U+1F08 (GREEK CAPITAL LETTER ALPHA WITH PSILI)
Ἁ	Ἁ	U+0391 U+0314 -> U+1F09 (GREEK CAPITAL LETTER ALPHA WITH DASIA)
Ἂ	Ἂ	U+1F08 U+0300 -> U+1F0A (GREEK CAPITAL LETTER ALPHA WITH PSILI AND VARIA)
Ἃ	Ἃ	U+1F09 U+0300 -> U+1F0B (GREEK CAPITAL LETTER ALPHA WITH DASIA AND VARIA)
Ἄ	Ἄ	U+1F08 U+0301 -> U+1F0C (GREEK CAPITAL LETTER ALPHA WITH PSILI AND OXIA)
Ἅ	Ἅ	U+1F09 U+0301 -> U+1F0D (GREEK CAPITAL LETTER ALPHA WITH DASIA AND OXIA)
Ἆ	Ἆ	U+1F08 U+0342 -> U+1F0E (GREEK CAPITAL LETTER ALPHA WITH PSILI AND PERISPOMENI)
Ἇ	Ἇ	U+1F09 U+0342 -> U+1F0F (GREEK CAPITAL LETTER ALPHA WITH DASIA AND PERISPOMENI)
ἐ	ἐ	U+03B5 U+0313 -> U+1F10 (GREEK SMALL LETTER EPSILON WITH PSILI)
ἑ	ἑ	U+03B5 U+0314 -> U+1F11 (GREEK SMALL LETTER EPSILON WITH DASIA)
ἒ	ἒ	U+1F10 U+0300 -> U+1F12 (GREEK SMALL LETTER EPSILON WITH PSILI AND VARIA)
ἓ	ἓ	U+1F11 U+0300 -> U+1F13 (GREEK SMALL LETTER EPSILON WITH DASIA AND VARIA)
ἔ	ἔ	U+1F10 U+0301 -> U+1F14 (GREEK SMALL LETTER EPSILON WITH PSILI AND OXIA)
ἕ	ἕ	U+1F11 U+0301 -> U+1F15 (GREEK SMALL LETTER EPSILON WITH DASIA AND OXIA)
Ἐ	Ἐ	U+0395 U+0313 -> U+1F18 (GREEK CAPITAL LETTER EPSILON WITH PSILI)
Ἑ	Ἑ	U+0395 U+0314 -> U+1F19 (GREEK CAPITAL LETTER EPSILON WITH DASIA)
Ἒ	Ἒ	U+1F18 U+0300 -> U+1F1A (GREEK CAPITAL LETTER EPSILON WITH PSILI AND VARIA)
Ἓ	Ἓ	U+1F19 U+0300 -> U+1F1B (GREEK CAPITAL LETTER EPSILON WITH DASIA AND VARIA)
Ἔ	Ἔ	U+1F18 U+0301 -> U+1F1C (GREEK CAPITAL LETTER EPSILON WITH PSILI AND OXIA)
Ἕ	Ἕ	U+1F19 U+0301 -> U+1F1D (GREEK CAPITAL LETTER EPSILON WITH DASIA AND OXIA)
ἠ	ἠ	U+03B7 U+0313 -> U+1F20 (GREEK SMALL LETTER ETA WITH PSILI)
ἡ	ἡ	U+03B7 U+0314 -> U+1F21 (GREEK SMALL LETTER ETA WITH DASIA)
ἢ	ἢ	U+1F20 U+0300 -> U+1F22 (GREEK SMALL LETTER ETA WITH PSILI AND VARIA)
ἣ	ἣ	U+1F21 U+0300 -> U+1F23 (GREEK SMALL LETTER ETA WITH DASIA AND VARIA)
ἤ	ἤ	U+1F20 U+0301 -> U+1F24 (GREEK SMALL LETTER ETA WITH PSILI AND OXIA)
ἥ	ἥ	U+1F21 U+0301 -> U+1F25 (GREEK SMALL LETTER ETA WITH DASIA AND OXIA)
ἦ	ἦ	U+1F20 U+0342 -> U+1F26 (GREEK SMALL LETTER ETA WITH PSILI AND PERISPOMENI)
ἧ	ἧ	U+1F21 U+0342 -> U+1F27 (GREEK SMALL LETTER ETA WITH DASIA AND PERISPOMENI)
Ἠ	Ἠ	U+0397 U+0313 -> U+1F28 (GREEK CAPITAL LETTER ETA WITH PSILI)
Ἡ	Ἡ	U+0397 U+0314 -> U+1F29 (GREEK CAPITAL LETTER ETA WITH DASIA)
Ἢ	Ἢ	U+1F28 U+0300 -> U+1F2A (GREEK CAPITAL LETTER ETA WITH PSILI AND VARIA)
Ἣ	Ἣ	U+1F29 U+0300 -> U+1F2B (GREEK CAPITAL LETTER ETA WITH DASIA AND VARIA)
Ἤ	Ἤ	U+1F28 U+0301 -> U+1F2C (GREEK CAPITAL LETTER ETA WITH PSILI AND OXIA)
Ἥ	Ἥ	U+1F29 U+0301 -> U+1F2D (GREEK CAPITAL LETTER ETA WITH DASIA AND OXIA)
Ἦ	Ἦ	U+1F28 U+0342 -> U+1F2E (GREEK CAPITAL LETTER ETA WITH PSILI AND PERISPOMENI)
Ἧ	Ἧ	U+1F29 U+0342 -> U+1F2F (GREEK CAPITAL LETTER ETA WITH DASIA AND PERISPOMENI)
ἰ	ἰ	U+03B9 U+0313 -> U+1F30 (GREEK SMALL LETTER IOTA WITH PSILI)
ἱ	ἱ	U+03B9 U+0314 -> U+1F31 (GREEK SMALL LETTER IOTA WITH DASIA)
ἲ	ἲ	U+1F30 U+0300 -> U+1F32 (GREEK SMALL LETTER IOTA WITH PSILI AND VARIA)
ἳ	ἳ	U+1F31 U+0300 -> U+1F33 (GREEK SMALL LETTER IOTA WITH DASIA AND VARIA)
ἴ	ἴ	U+1F30 U+0301 -> U+1F34 (GREEK SMALL LETTER IOTA WITH PSILI AND OXIA)
ἵ	ἵ	U+1F31 U+0301 -> U+1F35 (GREEK SMALL LETTER IOTA WITH DASIA AND OXIA)
ἶ	ἶ	U+1F30 U+0342 -> U+1F36 (GREEK SMALL LETTER IOTA WITH PSILI AND PERISPOMENI)
ἷ	ἷ	U+1F31 U+0342 -> U+1F37 (GREEK SMALL LETTER IOTA WITH DASIA AND PERISPOMENI)
Ἰ	Ἰ	U+0399 U+0313 -> U+1F38 (GREEK CAPITAL LETTER IOTA WITH PSILI)
Ἱ	Ἱ	U+0399 U+0314 -> U+1F39 (GREEK CAPITAL LETTER IOTA WITH DASIA)
Ἲ	Ἲ	U+1F38 U+0300 -> U+1F3A (GREEK CAPITAL LETTER IOTA WITH PSILI AND VARIA)
Ἳ	Ἳ	U+1F39 U+0300 -> U+1F3B (GREEK CAPITAL LETTER IOTA WITH DASIA AND VARIA)
Ἴ	Ἴ	U+1F38 U+0301 -> U+1F3C (GREEK CAPITAL LETTER IOTA WITH PSILI AND OXIA)
Ἵ	Ἵ	U+1F39 U+0301 -> U+1F3D (GREEK CAPITAL LETTER IOTA WITH DASIA AND OXIA)
Ἶ	Ἶ	U+1F38 U+0342 -> U+1F3E (GREEK CAPITAL LETTER IOTA WITH PSILI AND PERISPOMENI)
Ἷ	Ἷ	U+1F39 U+0342 -> U+1F3F (GREEK CAPITAL LETTER IOTA WITH DASIA AND PERISPOMENI)
ὀ	ὀ	U+03BF U+0313 -> U+1F40 (GREEK SMALL LETTER OMICRON WITH PSILI)
ὁ	ὁ	U+03BF U+0314 -> U+1F41 (GREEK SMALL LETTER OMICRON WITH DASIA)
ὂ	ὂ	U+1F40 U+0300 -> U+1F42 (GREEK SMALL LETTER OMICRON WITH PSILI AND VARIA)
ὃ	ὃ	U+1F41 U+0300 -> U+1F43 (GREEK SMALL LETTER OMICRON WITH DASIA AND VARIA)
ὄ	ὄ	U+1F40 U+0301 -> U+1F44 (GREEK SMALL LETTER OMICRON WITH PSILI AND OXIA)
ὅ	ὅ	U+1F41 U+0301 -> U+1F45 (GREEK SMALL LETTER OMICRON WITH DASIA AND OXIA)
Ὀ	Ὀ	U+039F U+0313 -> U+1F48 (GREEK CAPITAL LETTER OMICRON WITH PSILI)
Ὁ	Ὁ	U+039F U+0314 -> U+1F49 (GREEK CAPITAL LETTER OMICRON WITH DASIA)
Ὂ	Ὂ	U+1F48 U+0300 -> U+1F4A (GREEK CAPITAL LETTER OMICRON WITH PSILI AND VARIA)
Ὃ	Ὃ	U+1F49 U+0300 -> U+1F4B (GREEK CAPITAL LETTER OMICRON WITH DASIA AND VARIA)
Ὄ	Ὄ	U+1F48 U+0301 -> U+1F4C (GREEK CAPITAL LETTER OMICRON WITH PSILI AND OXIA)
Ὅ	Ὅ	U+1F49 U+0301 -> U+1F4D (GREEK CAPITAL LETTER OMICRON WITH DASIA AND OXIA)
ὐ	ὐ	U+03C5 U+0313 -> U+1F50 (GREEK SMALL LETTER UPSILON WITH PSILI)
ὑ	ὑ	U+03C5 U+0314 -> U+1F51 (GREEK SMALL LETTER UPSILON WITH DASIA)
ὒ	ὒ	U+1F50 U+0300 -> U+1F52 (GREEK SMALL LETTER UPSILON WITH PSILI AND VARIA)
ὓ	ὓ	U+1F51 U+0300 -> U+1F53 (GREEK SMALL LETTER UPSILON WITH DASIA AND VARIA)
ὔ	ὔ	U+1F50 U+0301 -> U+1F54 (GREEK SMALL LETTER UPSILON WITH PSILI AND OXIA)
ὕ	ὕ	U+1F51 U+0301 -> U+1F55 (GREEK SMALL LETTER UPSILON WITH DASIA AND OXIA)
ὖ	ὖ	U+1F50 U+0342 -> U+1F56 (GREEK SMALL LETTER UPSILON WITH PSILI AND PERISPOMENI)
ὗ	ὗ	U+1F51 U+0342 -> U+1F57 (GREEK SMALL LETTER UPSILON WITH DASIA AND PERISPOMENI)
Ὑ	Ὑ	U+03A5 U+0314 -> U+1F59 (GREEK CAPITAL LETTER UPSILON WITH DASIA)
Ὓ	Ὓ	U+1F59 U+0300 -> U+1F5B (GREEK CAPITAL LETTER UPSILON WITH DASIA AND VARIA)
Ὕ	Ὕ	U+1F59 U+0301 -> U+1F5D (GREEK CAPITAL LETTER UPSILON WITH DASIA AND OXIA)
Ὗ	Ὗ	U+1F59 U+0342 -> U+1F5F (GREEK CAPITAL LETTER UPSILON WITH DASIA AND PERISPOMENI)
ὠ	ὠ	U+03C9 U+0313 -> U+1F60 (GREEK SMALL LETTER OMEGA WITH PSILI)
ὡ	ὡ	U+03C9 U+0314 -> U+1F61 (GREEK SMALL LETTER OMEGA WITH DASIA)
ὢ	ὢ	U+1F60 U+0300 -> U+1F62 (GREEK SMALL LETTER OMEGA WITH PSILI AND VARIA)
ὣ	ὣ	U+1F61 U+0300 -> U+1F63 (GREEK SMALL LETTER OMEGA WITH DASIA AND VARIA)
ὤ	ὤ	U+1F60 U+0301 -> U+1F64 (GREEK SMALL LETTER OMEGA WITH PSILI AND OXIA)
ὥ	ὥ	U+1F61 U+0301 -> U+1F65 (GREEK SMALL LETTER OMEGA WITH DASIA AND OXIA)
ὦ	ὦ	U+1F60 U+0342 -> U+1F66 (GREEK SMALL LETTER OMEGA WITH PSILI AND PERISPOMENI)
ὧ	ὧ	U+1F61 U+0342 -> U+1F67 (GREEK SMALL LETTER OMEGA WITH DASIA AND PERISPOMENI)
Ὠ	Ὠ	U+03A9 U+0313 -> U+1F68 (GREEK CAPITAL LETTER OMEGA WITH PSILI)
Ὡ	Ὡ	U+03A9 U+0314 -> U+1F69 (GREEK CAPITAL LETTER OMEGA WITH DASIA)
Ὢ	Ὢ	U+1F68 U+0300 -> U+1F6A (GREEK CAPITAL LETTER OMEGA WITH PSILI AND VARIA)
Ὣ	Ὣ	U+1F69 U+0300 -> U+1F6B (GREEK CAPITAL LETTER OMEGA WITH DASIA AND VARIA)
Ὤ	Ὤ	U+1F68 U+0301 -> U+1F6C (GREEK CAPITAL LETTER OMEGA WITH PSILI AND OXIA)
Ὥ	Ὥ	U+1F69 U+0301 -> U+1F6D (GREEK CAPITAL LETTER OMEGA WITH DASIA AND OXIA)
Ὦ	Ὦ	U+1F68 U+0342 -> U+1F6E (GREEK CAPITAL LETTER OMEGA WITH PSILI AND PERISPOMENI)
Ὧ	Ὧ	U+1F69 U+0342 -> U+1F6F (GREEK CAPITAL LETTER OMEGA WITH DASIA AND PERISPOMENI)
ὰ	ὰ	U+03B1 U+0300 -> U+1F70 (GREEK SMALL LETTER ALPHA WITH VARIA)
ὲ	ὲ	U+03B5 U+0300 -> U+1F72 (GREEK SMALL LETTER EPSILON WITH VARIA)
ὴ	ὴ	U+03B7 U+0300 -> U+1F74 (GREEK SMALL LETTER ETA WITH VARIA)
ὶ	ὶ	U+03B9 U+0300 -> U+1F76 (GREEK SMALL LETTER IOTA WITH VARIA)
ὸ	ὸ	U+03BF U+0300 -> U+1F78 (GREEK SMALL LETTER OMICRON WITH VARIA)
ὺ	ὺ	U+03C5 U+0300 -> U+1F7A (GREEK SMALL LETTER UPSILON WITH VARIA)
ὼ	ὼ	U+03C9 U+0300 -> U+1F7C (GREEK SMALL LETTER OMEGA WITH VARIA)
ᾀ	ᾀ	U+1F00 U+0345 -> U+1F80 (GREEK SMALL LETTER ALPHA WITH PSILI AND YPOGEGRAMMENI)
ᾁ	ᾁ	U+1F01 U+0345 -> U+1F81 (GREEK SMALL LETTER ALPHA WITH DASIA AND YPOGEGRAMMENI)
ᾂ	ᾂ	U+1F02 U+0345 -> U+1F82 (GREEK SMALL LETTER ALPHA WITH PSILI AND VARIA AND YPOGEGRAMMENI)
ᾃ	ᾃ	U+1F03 U+0345 -> U+1F83 (GREEK SMALL LETTER ALPHA WITH DASIA AND VARIA AND YPOGEGRAMMENI)
ᾄ	ᾄ	U+1F04 U+0345 -> U+1F84 (GREEK SMALL LETTER ALPHA WITH PSILI AND OXIA AND YPOGEGRAMMENI)
ᾅ	ᾅ	U+1F05 U+0345 -> U+1F85 (GREEK SMALL LETTER ALPHA WITH DASIA AND OXIA AND YPOGEGRAMMENI)
ᾆ	ᾆ	U+1F06 U+0345 -> U+1F86 (GREEK SMALL LETTER ALPHA WITH PSILI AND PERISPOMENI AND YPOGEGRAMMENI)
ᾇ	ᾇ	U+1F07 U+0345 -> U+1F87 (GREEK SMALL LETTER ALPHA WITH DASIA AND PERISPOMENI AND YPOGEGRAMMENI)
ᾈ	ᾈ	U+1F08 U+0345 -> U+1F88 (GREEK CAPITAL LETTER ALPHA WITH PSILI AND PROSGEGRAMMENI)
ᾉ	ᾉ	U+1F09 U+0345 -> U+1F89 (GREEK CAPITAL LETTER ALPHA WITH DASIA AND PROSGEGRAMMENI)
ᾊ	ᾊ	U+1F0A U+0345 -> U+1F8A (GREEK CAPITAL LETTER ALPHA WITH PSILI AND VARIA AND PROSGEGRAMMENI)
ᾋ	ᾋ	U+1F0B U+0345 -> U+1F8B (GREEK CAPITAL LETTER ALPHA WITH DASIA AND VARIA AND PROSGEGRAMMENI)
ᾌ	ᾌ	U+1F0C U+0345 -> U+1F8C (GREEK CAPITAL LETTER ALPHA WITH PSILI AND OXIA AND PROSGEGRAMMENI)
ᾍ	ᾍ	U+1F0D U+0345 -> U+1F8D (GREEK CAPITAL LETTER ALPHA WITH DASIA AND OXIA AND PROSGEGRAMMENI)
ᾎ	ᾎ	U+1F0E U+0345 -> U+1F8E (GREEK CAPITAL LETTER ALPHA WITH PSILI AND PERISPOMENI AND PROSGEGRAMMENI)
ᾏ	ᾏ	U+1F0F U+0345 -> U+1F8F (GREEK CAPITAL LETTER ALPHA WITH DASIA AND PERISPOMENI AND PROSGEGRAMMENI)
ᾐ	ᾐ	U+1F20 U+0345 -> U+1F90 (GREEK SMALL LETTER ETA WITH PSILI AND YPOGEGRAMMENI)
ᾑ	ᾑ	U+1F21 U+0345 -> U+1F91 (GREEK SMALL LETTER ETA WITH DASIA AND YPOGEGRAMMENI)
ᾒ	ᾒ	U+1F22 U+0345 -> U+1F92 (GREEK SMALL LETTER ETA WITH PSILI AND VARIA AND YPOGEGRAMMENI)
ᾓ	ᾓ	U+1F23 U+0345 -> U+1F93 (GREEK SMALL LETTER ETA WITH DASIA AND VARIA AND YPOGEGRAMMENI)
ᾔ	ᾔ	U+1F24 U+0345 -> U+1F94 (GREEK SMALL LETTER ETA WITH PSILI AND OXIA AND YPOGEGRAMMENI)
ᾕ	ᾕ	U+1F25 U+0345 -> U+1F95 (GREEK SMALL LETTER ETA WITH DASIA AND OXIA AND YPOGEGRAMMENI)
ᾖ	ᾖ	U+1F26 U+0345 -> U+1F96 (GREEK SMALL LETTER ETA WITH PSILI AND PERISPOMENI AND YPOGEGRAMMENI)
ᾗ	ᾗ	U+1F27 U+0345 -> U+1F97 (GREEK SMALL LETTER ETA WITH DASIA AND PERISPOMENI AND YPOGEGRAMMENI)
ᾘ	ᾘ	U+1F28 U+0345 -> U+1F98 (GREEK CAPITAL LETTER ETA WITH PSILI AND PROSGEGRAMMENI)
ᾙ	ᾙ	U+1F29 U+0345 -> U+1F99 (GREEK CAPITAL LETTER ETA WITH DASIA AND PROSGEGRAMMENI)
ᾚ	ᾚ	U+1F2A U+0345 -> U+1F9A (GREEK CAPITAL LETTER ETA WITH PSILI AND VARIA AND PROSGEGRAMMENI)
ᾛ	ᾛ	U+1F2B U+0345 -> U+1F9B (GREEK CAPITAL LETTER ETA WITH DASIA AND VARIA AND PROSGEGRAMMENI)
ᾜ	ᾜ	U+1F2C U+0345 -> U+1F9C (GREEK CAPITAL LETTER ETA WITH PSILI AND OXIA AND PROSGEGRAMMENI)
ᾝ	ᾝ	U+1F2D U+0345 -> U+1F9D (GREEK CAPITAL LETTER ETA WITH DASIA AND OXIA AND PROSGEGRAMMENI)
ᾞ	ᾞ	U+1F2E U+0345 -> U+1F9E (GREEK CAPITAL LETTER ETA WITH PSILI AND PERISPOMENI AND PROSGEGRAMMENI)
ᾟ	ᾟ	U+1F2F U+0345 -> U+1F9F (GREEK CAPITAL LETTER ETA WITH DASIA AND PERISPOMENI AND PROSGEGRAMMENI)
ᾠ	ᾠ	U+1F60 U+0345 -> U+1FA0 (GREEK SMALL LETTER OMEGA WITH PSILI AND YPOGEGRAMMENI)
ᾡ	ᾡ	U+1F61 U+0345 -> U+1FA1 (GREEK SMALL LETTER OMEGA WITH DASIA AND YPOGEGRAMMENI)
ᾢ	ᾢ	U+1F62 U+0345 -> U+1FA2 (GREEK SMALL LETTER OMEGA WITH PSILI AND VARIA AND YPOGEGRAMMENI)
ᾣ	ᾣ	U+1F63 U+0345 -> U+1FA3 (GREEK SMALL LETTER OMEGA WITH DASIA AND VARIA AND YPOGEGRAMMENI)
ᾤ	ᾤ	U+1F64 U+0345 -> U+1FA4 (GREEK SMALL LETTER OMEGA WITH PSILI AND OXIA AND YPOGEGRAMMENI)
ᾥ	ᾥ	U+1F65 U+0345 -> U+1FA5 (GREEK SMALL LETTER OMEGA WITH DASIA AND OXIA AND YPOGEGRAMMENI)
ᾦ	ᾦ	U+1F66 U+0345 -> U+1FA6 (GREEK SMALL LETTER OMEGA WITH PSILI AND PERISPOMENI AND YPOGEGRAMMENI)
ᾧ	ᾧ	U+1F67 U+0345 -> U+1FA7 (GREEK SMALL LETTER OMEGA WITH DASIA AND PERISPOMENI AND YPOGEGRAMMENI)
ᾨ	ᾨ	U+1F68 U+0345 -> U+1FA8 (GREEK CAPITAL LETTER OMEGA WITH PSILI AND PROSGEGRAMMENI)
ᾩ	ᾩ	U+1F69 U+0345 -> U+1FA9 (GREEK CAPITAL LETTER OMEGA WITH DASIA AND PROSGEGRAMMENI)
ᾪ	ᾪ	U+1F6A U+0345 -> U+1FAA (GREEK CAPITAL LETTER OMEGA WITH PSILI AND VARIA AND PROSGEGRAMMENI)
ᾫ	ᾫ	U+1F6B U+0345 -> U+1FAB (GREEK CAPITAL LETTER OMEGA WITH DASIA AND VARIA AND PROSGEGRAMMENI)
ᾬ	ᾬ	U+1F6C U+0345 -> U+1FAC (GREEK CAPITAL LETTER OMEGA WITH PSILI AND OXIA AND PROSGEGRAMMENI)
ᾭ	ᾭ	U+1F6D U+0345 -> U+1FAD (GREEK CAPITAL LETTER OMEGA WITH DASIA AND OXIA AND PROSGEGRAMMENI)
ᾮ	ᾮ	U+1F6E U+0345 -> U+1FAE (GREEK CAPITAL LETTER OMEGA WITH PSILI AND PERISPOMENI AND PROSGEGRAMMENI)
ᾯ	ᾯ	U+1F6F U+0345 -> U+1FAF (GREEK CAPITAL LETTER OMEGA WITH DASIA AND PERISPOMENI AND PROSGEGRAMMENI)
ᾰ	ᾰ	U+03B1 U+0306 -> U+1FB0 (GREEK SMALL LETTER ALPHA WITH VRACHY)
ᾱ	ᾱ	U+03B1 U+0304 -> U+1FB1 (GREEK SMALL LETTER ALPHA WITH MACRON)
ᾲ	ᾲ	U+1F70 U+0345 -> U+1FB2 (GREEK SMALL LETTER ALPHA WITH VARIA AND YPOGEGRAMMENI)
ᾳ	ᾳ	U+03B1 U+0345 -> U+1FB3 (GREEK SMALL LETTER ALPHA WITH YPOGEGRAMMENI)
ᾴ	ᾴ	U+03AC U+0345 -> U+1FB4 (GREEK SMALL LETTER ALPHA WITH OXIA AND YPOGEGRAMMENI)
ᾶ	ᾶ	U+03B1 U+0342 -> U+1FB6 (GREEK SMALL LETTER ALPHA WITH PERISPOMENI)
ᾷ	ᾷ	U+1FB6 U+0345 -> U+1FB7 (GREEK SMALL LETTER ALPHA WITH PERISPOMENI AND YPOGEGRAMMENI)
Ᾰ	Ᾰ	U+0391 U+0306 -> U+1FB8 (GREEK CAPITAL LETTER ALPHA WITH VRACHY)
Ᾱ	Ᾱ	U+0391 U+0304 -> U+1FB9 (GREEK CAPITAL LETTER ALPHA WITH MACRON)
Ὰ	Ὰ	U+0391 U+0300 -> U+1FBA (GREEK CAPITAL LETTER ALPHA WITH VARIA)
ᾼ	ᾼ	U+0391 U+0345 -> U+1FBC (GREEK CAPITAL LETTER ALPHA WITH PROSGEGRAMMENI)
῁	῁	U+00A8 U+0342 -> U+1FC1 (GREEK DIALYTIKA AND PERISPOMENI)   NFKC-ref:  ̈͂
ῂ	ῂ	U+1F74 U+0345 -> U+1FC2 (GREEK SMALL LETTER ETA WITH VARIA AND YPOGEGRAMMENI)
ῃ	ῃ	U+03B7 U+0345 -> U+1FC3 (GREEK SMALL LETTER ETA WITH YPOGEGRAMMENI)
ῄ	ῄ	U+03AE U+0345 -> U+1FC4 (GREEK SMALL LETTER ETA WITH OXIA AND YPOGEGRAMMENI)
ῆ	ῆ	U+03B7 U+0342 -> U+1FC6 (GREEK SMALL LETTER ETA WITH PERISPOMENI)
ῇ	ῇ	U+1FC6 U+0345 -> U+1FC7 (GREEK SMALL LETTER ETA WITH PERISPOMENI AND YPOGEGRAMMENI)
Ὲ	Ὲ	U+0395 U+0300 -> U+1FC8 (GREEK CAPITAL LETTER EPSILON WITH VARIA)
Ὴ	Ὴ	U+0397 U+0300 -> U+1FCA (GREEK CAPITAL LETTER ETA WITH VARIA)
ῌ	ῌ	U+0397 U+0345 -> U+1FCC (GREEK CAPITAL LETTER ETA WITH PROSGEGRAMMENI)
῍	῍	U+1FBF U+0300 -> U+1FCD (GREEK PSILI AND VARIA)   NFKC-ref:  ̓̀
῎	῎	U+1FBF U+0301 -> U+1FCE (GREEK PSILI AND OXIA)   NFKC-ref:  ̓́
῏	῏	U+1FBF U+0342 -> U+1FCF (GREEK PSILI AND PERISPOMENI)   NFKC-ref:  ̓͂
ῐ	ῐ	U+03B9 U+0306 -> U+1FD0 (GREEK SMALL LETTER IOTA WITH VRACHY)
ῑ	ῑ	U+03B9 U+0304 -> U+1FD1 (GREEK SMALL LETTER IOTA WITH MACRON)
ῒ	ῒ	U+03CA U+0300 -> U+1FD2 (GREEK SMALL LETTER IOTA WITH DIALYTIKA AND VARIA)
ῖ	ῖ	U+03B9 U+0342 -> U+1FD6 (GREEK SMALL LETTER IOTA WITH PERISPOMENI)
ῗ	ῗ	U+03CA U+0342 -> U+1FD7 (GREEK SMALL LETTER IOTA WITH DIALYTIKA AND PERISPOMENI)
Ῐ	Ῐ	U+0399 U+0306 -> U+1FD8 (GREEK CAPITAL LETTER IOTA WITH VRACHY)
Ῑ	Ῑ	U+0399 U+0304 -> U+1FD9 (GREEK CAPITAL LETTER IOTA WITH MACRON)
Ὶ	Ὶ	U+0399 U+0300 -> U+1FDA (GREEK CAPITAL LETTER IOTA WITH VARIA)
῝	῝	U+1FFE U+0300 -> U+1FDD (GREEK DASIA AND VARIA)   NFKC-ref:  ̔̀
῞	῞	U+1FFE U+0301 -> U+1FDE (GREEK DASIA AND OXIA)   NFKC-ref:  ̔́
῟	῟	U+1FFE U+0342 -> U+1FDF (GREEK DASIA AND PERISPOMENI)   NFKC-ref:  ̔͂
ῠ	ῠ	U+03C5 U+0306 -> U+1FE0 (GREEK SMALL LETTER UPSILON WITH VRACHY)
ῡ	ῡ	U+03C5 U+0304 -> U+1FE1 (GREEK SMALL LETTER UPSILON WITH MACRON)
ῢ	ῢ	U+03CB U+0300 -> U+1FE2 (GREEK SMALL LETTER UPSILON WITH DIALYTIKA AND VARIA)
ῤ	ῤ	U+03C1 U+0313 -> U+1FE4 (GREEK SMALL LETTER RHO WITH PSILI)
ῥ	ῥ	U+03C1 U+0314 -> U+1FE5 (GREEK SMALL LETTER RHO WITH DASIA)
ῦ	ῦ	U+03C5 U+0342 -> U+1FE6 (GREEK SMALL LETTER UPSILON WITH PERISPOMENI)
ῧ	ῧ	U+03CB U+0342 -> U+1FE7 (GREEK SMALL LETTER UPSILON WITH DIALYTIKA AND PERISPOMENI)
Ῠ	Ῠ	U+03A5 U+0306 -> U+1FE8 (GREEK CAPITAL LETTER UPSILON WITH VRACHY)
Ῡ	Ῡ	U+03A5 U+0304 -> U+1FE9 (GREEK CAPITAL LETTER UPSILON WITH MACRON)
Ὺ	Ὺ	U+03A5 U+0300 -> U+1FEA (GREEK CAPITAL LETTER UPSILON WITH VARIA)
Ῥ	Ῥ	U+03A1 U+0314 -> U+1FEC (GREEK CAPITAL LETTER RHO WITH DASIA)
῭	῭	U+00A8 U+0300 -> U+1FED (GREEK DIALYTIKA AND VARIA)   NFKC-ref:  ̈̀
ῲ	ῲ	U+1F7C U+0345 -> U+1FF2 (GREEK SMALL LETTER OMEGA WITH VARIA AND YPOGEGRAMMENI)
ῳ	ῳ	U+03C9 U+0345 -> U+1FF3 (GREEK SMALL LETTER OMEGA WITH YPOGEGRAMMENI)
ῴ	ῴ	U+03CE U+0345 -> U+1FF4 (GREEK SMALL LETTER OMEGA WITH OXIA AND YPOGEGRAMMENI)
ῶ	ῶ	U+03C9 U+0342 -> U+1FF6 (GREEK SMALL LETTER OMEGA WITH PERISPOMENI)
ῷ	ῷ	U+1FF6 U+0345 -> U+1FF7 (GREEK SMALL LETTER OMEGA WITH PERISPOMENI AND YPOGEGRAMMENI)
Ὸ	Ὸ	U+039F U+0300 -> U+1FF8 (GREEK CAPITAL LETTER OMICRON WITH VARIA)
Ὼ	Ὼ	U+03A9 U+0300 -> U+1FFA (GREEK CAPITAL LETTER OMEGA WITH VARIA)
ῼ	ῼ	U+03A9 U+0345 -> U+1FFC (GREEK CAPITAL LETTER OMEGA WITH PROSGEGRAMMENI)
↚	↚	U+2190 U+0338 -> U+219A (LEFTWARDS ARROW WITH STROKE)
↛	↛	U+2192 U+0338 -> U+219B (RIGHTWARDS ARROW WITH STROKE)
↮	↮	U+2194 U+0338 -> U+21AE (LEFT RIGHT ARROW WITH STROKE)
⇍	⇍	U+21D0 U+0338 -> U+21CD (LEFTWARDS DOUBLE ARROW WITH STROKE)
⇎	⇎	U+21D4 U+0338 -> U+21CE (LEFT RIGHT DOUBLE ARROW WITH STROKE)
⇏	⇏	U+21D2 U+0338 -> U+21CF (RIGHTWARDS DOUBLE ARROW WITH STROKE)
∄	∄	U+2203 U+0338 -> U+2204 (THERE DOES NOT EXIST)
∉	∉	U+2208 U+0338 -> U+2209 (NOT AN ELEMENT OF)
∌	∌	U+220B U+0338 -> U+220C (DOES NOT CONTAIN AS MEMBER)
∤	∤	U+2223 U+0338 -> U+2224 (DOES NOT DIVIDE)
∦	∦	U+2225 U+0338 -> U+2226 (NOT PARALLEL TO)
≁	≁	U+223C U+0338 -> U+2241 (NOT TILDE)
≄	≄	U+2243 U+0338 -> U+2244 (NOT ASYMPTOTICALLY EQUAL TO)
≇	≇	U+2245 U+0338 -> U+2247 (NEITHER APPROXIMATELY NOR ACTUALLY EQUAL TO)
≉	≉	U+2248 U+0338 -> U+2249 (NOT ALMOST EQUAL TO)
≠	≠	U+003D U+0338 -> U+2260 (NOT EQUAL TO)
≢	≢	U+2261 U+0338 -> U+2262 (NOT IDENTICAL TO)
≭	≭	U+224D U+0338 -> U+226D (NOT EQUIVALENT TO)
≮	≮	U+003C U+0338 -> U+226E (NOT LESS-THAN)
≯	≯	U+003E U+0338 -> U+226F (NOT GREATER-THAN)
≰	≰	U+2264 U+0338 -> U+2270 (NEITHER LESS-THAN NOR EQUAL TO)
≱	≱	U+2265 U+0338 -> U+2271 (NEITHER GREATER-THAN NOR EQUAL TO)
≴	≴	U+2272 U+0338 -> U+2274 (NEITHER LESS-THAN NOR EQUIVALENT TO)
≵	≵	U+2273 U+0338 -> U+2275 (NEITHER GREATER-THAN NOR EQUIVALENT TO)
≸	≸	U+2276 U+0338 -> U+2278 (NEITHER LESS-THAN NOR GREATER-THAN)
≹	≹	U+2277 U+0338 -> U+2279 (NEITHER GREATER-THAN NOR LESS-THAN)
⊀	⊀	U+227A U+0338 -> U+2280 (DOES NOT PRECEDE)
⊁	⊁	U+227B U+0338 -> U+2281 (DOES NOT SUCCEED)
⊄	⊄	U+2282 U+0338 -> U+2284 (NOT A SUBSET OF)
⊅	⊅	U+2283 U+0338 -> U+2285 (NOT A SUPERSET OF)
⊈	⊈	U+2286 U+0338 -> U+2288 (NEITHER A SUBSET OF NOR EQUAL TO)
⊉	⊉	U+2287 U+0338 -> U+2289 (NEITHER A SUPERSET OF NOR EQUAL TO)
⊬	⊬	U+22A2 U+0338 -> U+22AC (DOES NOT PROVE)
⊭	⊭	U+22A8 U+0338 -> U+22AD (NOT TRUE)
⊮	⊮	U+22A9 U+0338 -> U+22AE (DOES NOT FORCE)
⊯	⊯	U+22AB U+0338 -> U+22AF (NEGATED DOUBLE VERTICAL BAR DOUBLE RIGHT TURNSTILE)
⋠	⋠	U+227C U+0338 -> U+22E0 (DOES NOT PRECEDE OR EQUAL)
⋡	⋡	U+227D U+0338 -> U+22E1 (DOES NOT SUCCEED OR EQUAL)
⋢	⋢	U+2291 U+0338 -> U+22E2 (NOT SQUARE IMAGE OF OR EQUAL TO)
⋣	⋣	U+2292 U+0338 -> U+22E3 (NOT SQUARE ORIGINAL OF OR EQUAL TO)
⋪	⋪	U+22B2 U+0338 -> U+22EA (NOT NORMAL SUBGROUP OF)
⋫	⋫	U+22B3 U+0338 -> U+22EB (DOES NOT CONTAIN AS NORMAL SUBGROUP)
⋬	⋬	U+22B4 U+0338 -> U+22EC (NOT NORMAL SUBGROUP OF OR EQUAL TO)
⋭	⋭	U+22B5 U+0338 -> U+22ED (DOES NOT CONTAIN AS NORMAL SUBGROUP OR EQUAL)
⫝̸	⫝̸	U+2ADD U+0338 -> U+2ADC (FORKING)   NFKC-ref: ⫝̸ (unchanged)
が	が	U+304B U+3099 -> U+304C (HIRAGANA LETTER GA)
ぎ	ぎ	U+304D U+3099 -> U+304E (HIRAGANA LETTER GI)
ぐ	ぐ	U+304F U+3099 -> U+3050 (HIRAGANA LETTER GU)
げ	げ	U+3051 U+3099 -> U+3052 (HIRAGANA LETTER GE)
ご	ご	U+3053 U+3099 -> U+3054 (HIRAGANA LETTER GO)
ざ	ざ	U+3055 U+3099 -> U+3056 (HIRAGANA LETTER ZA)
じ	じ	U+3057 U+3099 -> U+3058 (HIRAGANA LETTER ZI)
ず	ず	U+3059 U+3099 -> U+305A (HIRAGANA LETTER ZU)
ぜ	ぜ	U+305B U+3099 -> U+305C (HIRAGANA LETTER ZE)
ぞ	ぞ	U+305D U+3099 -> U+305E (HIRAGANA LETTER ZO)
だ	だ	U+305F U+3099 -> U+3060 (HIRAGANA LETTER DA)
ぢ	ぢ	U+3061 U+3099 -> U+3062 (HIRAGANA LETTER DI)
づ	づ	U+3064 U+3099 -> U+3065 (HIRAGANA LETTER DU)
で	で	U+3066 U+3099 -> U+3067 (HIRAGANA LETTER DE)
ど	ど	U+3068 U+3099 -> U+3069 (HIRAGANA LETTER DO)
ば	ば	U+306F U+3099 -> U+3070 (HIRAGANA LETTER BA)
ぱ	ぱ	U+306F U+309A -> U+3071 (HIRAGANA LETTER PA)
び	び	U+3072 U+3099 -> U+3073 (HIRAGANA LETTER BI)
ぴ	ぴ	U+3072 U+309A -> U+3074 (HIRAGANA LETTER PI)
ぶ	ぶ	U+3075 U+3099 -> U+3076 (HIRAGANA LETTER BU)
ぷ	ぷ	U+3075 U+309A -> U+3077 (HIRAGANA LETTER PU)
べ	べ	U+3078 U+3099 -> U+3079 (HIRAGANA LETTER BE)
ぺ	ぺ	U+3078 U+309A -> U+307A (HIRAGANA LETTER PE)
ぼ	ぼ	U+307B U+3099 -> U+307C (HIRAGANA LETTER BO)
ぽ	ぽ	U+307B U+309A -> U+307D (HIRAGANA LETTER PO)
ゔ	ゔ	U+3046 U+3099 -> U+3094 (HIRAGANA LETTER VU)
ゞ	ゞ	U+309D U+3099 -> U+309E (HIRAGANA VOICED ITERATION MARK)
ガ	ガ	U+30AB U+3099 -> U+30AC (KATAKANA LETTER GA)
ギ	ギ	U+30AD U+3099 -> U+30AE (KATAKANA LETTER GI)
グ	グ	U+30AF U+3099 -> U+30B0 (KATAKANA LETTER GU)
ゲ	ゲ	U+30B1 U+3099 -> U+30B2 (KATAKANA LETTER GE)
ゴ	ゴ	U+30B3 U+3099 -> U+30B4 (KATAKANA LETTER GO)
ザ	ザ	U+30B5 U+3099 -> U+30B6 (KATAKANA LETTER ZA)
ジ	ジ	U+30B7 U+3099 -> U+30B8 (KATAKANA LETTER ZI)
ズ	ズ	U+30B9 U+3099 -> U+30BA (KATAKANA LETTER ZU)
ゼ	ゼ	U+30BB U+3099 -> U+30BC (KATAKANA LETTER ZE)
ゾ	ゾ	U+30BD U+3099 -> U+30BE (KATAKANA LETTER ZO)
ダ	ダ	U+30BF U+3099 -> U+30C0 (KATAKANA LETTER DA)
ヂ	ヂ	U+30C1 U+3099 -> U+30C2 (KATAKANA LETTER DI)
ヅ	ヅ	U+30C4 U+3099 -> U+30C5 (KATAKANA LETTER DU)
デ	デ	U+30C6 U+3099 -> U+30C7 (KATAKANA LETTER DE)
ド	ド	U+30C8 U+3099 -> U+30C9 (KATAKANA LETTER DO)
バ	バ	U+30CF U+3099 -> U+30D0 (KATAKANA LETTER BA)
パ	パ	U+30CF U+309A -> U+30D1 (KATAKANA LETTER PA)
ビ	ビ	U+30D2 U+3099 -> U+30D3 (KATAKANA LETTER BI)
ピ	ピ	U+30D2 U+309A -> U+30D4 (KATAKANA LETTER PI)
ブ	ブ	U+30D5 U+3099 -> U+30D6 (KATAKANA LETTER BU)
プ	プ	U+30D5 U+309A -> U+30D7 (KATAKANA LETTER PU)
ベ	ベ	U+30D8 U+3099 -> U+30D9 (KATAKANA LETTER BE)
ペ	ペ	U+30D8 U+309A -> U+30DA (KATAKANA LETTER PE)
ボ	ボ	U+30DB U+3099 -> U+30DC (KATAKANA LETTER BO)
ポ	ポ	U+30DB U+309A -> U+30DD (KATAKANA LETTER PO)
ヴ	ヴ	U+30A6 U+3099 -> U+30F4 (KATAKANA LETTER VU)
ヷ	ヷ	U+30EF U+3099 -> U+30F7 (KATAKANA LETTER VA)
ヸ	ヸ	U+30F0 U+3099 -> U+30F8 (KATAKANA LETTER VI)
ヹ	ヹ	U+30F1 U+3099 -> U+30F9 (KATAKANA LETTER VE)
ヺ	ヺ	U+30F2 U+3099 -> U+30FA (KATAKANA LETTER VO)
ヾ	ヾ	U+30FD U+3099 -> U+30FE (KATAKANA VOICED ITERATION MARK)
𝅗𝅥	𝅗𝅥	U+1D157 U+1D165 -> U+1D15E (MUSICAL SYMBOL HALF NOTE)   NFKC-ref: 𝅗𝅥 (unchanged)
𝅘𝅥	𝅘𝅥	U+1D158 U+1D165 -> U+1D15F (MUSICAL SYMBOL QUARTER NOTE)   NFKC-ref: 𝅘𝅥 (unchanged)
𝅘𝅥𝅮	𝅘𝅥𝅮	U+1D15F U+1D16E -> U+1D160 (MUSICAL SYMBOL EIGHTH NOTE)   NFKC-ref: 𝅘𝅥𝅮
𝅘𝅥𝅯	𝅘𝅥𝅯	U+1D15F U+1D16F -> U+1D161 (MUSICAL SYMBOL SIXTEENTH NOTE)   NFKC-ref: 𝅘𝅥𝅯
𝅘𝅥𝅰	𝅘𝅥𝅰	U+1D15F U+1D170 -> U+1D162 (MUSICAL SYMBOL THIRTY-SECOND NOTE)   NFKC-ref: 𝅘𝅥𝅰
𝅘𝅥𝅱	𝅘𝅥𝅱	U+1D15F U+1D171 -> U+1D163 (MUSICAL SYMBOL SIXTY-FOURTH NOTE)   NFKC-ref: 𝅘𝅥𝅱
𝅘𝅥𝅲	𝅘𝅥𝅲	U+1D15F U+1D172 -> U+1D164 (MUSICAL SYMBOL ONE HUNDRED TWENTY-EIGHTH NOTE)   NFKC-ref: 𝅘𝅥𝅲
𝆹𝅥	𝆹𝅥	U+1D1B9 U+1D165 -> U+1D1BB (MUSICAL SYMBOL MINIMA)   NFKC-ref: 𝆹𝅥 (unchanged)
𝆺𝅥	𝆺𝅥	U+1D1BA U+1D165 -> U+1D1BC (MUSICAL SYMBOL MINIMA BLACK)   NFKC-ref: 𝆺𝅥 (unchanged)
𝆹𝅥𝅮	𝆹𝅥𝅮	U+1D1BB U+1D16E -> U+1D1BD (MUSICAL SYMBOL SEMIMINIMA WHITE)   NFKC-ref: 𝆹𝅥𝅮
𝆺𝅥𝅮	𝆺𝅥𝅮	U+1D1BC U+1D16E -> U+1D1BE (MUSICAL SYMBOL SEMIMINIMA BLACK)   NFKC-ref: 𝆺𝅥𝅮
𝆹𝅥𝅯	𝆹𝅥𝅯	U+1D1BB U+1D16F -> U+1D1BF (MUSICAL SYMBOL FUSA WHITE)   NFKC-ref: 𝆹𝅥𝅯
𝆺𝅥𝅯	𝆺𝅥𝅯	U+1D1BC U+1D16F -> U+1D1C0 (MUSICAL SYMBOL FUSA BLACK)   NFKC-ref: 𝆺𝅥𝅯
