MapFromString	MapToString	Comment # File DigitMappingAnnotated.tsv, automatically generated by script wildebeest_build.py (Ulf Hermjakob, USC/ISI) based on UnicodeData on Oct 18, 2020, 17:54:45
Ù 	0	U+0660 (ARABIC-INDIC DIGIT ZERO) -> U+0030 (DIGIT ZERO)
Ù¡	1	U+0661 (ARABIC-INDIC DIGIT ONE) -> U+0031 (DIGIT ONE)
Ù¢	2	U+0662 (ARABIC-INDIC DIGIT TWO) -> U+0032 (DIGIT TWO)
Ù£	3	U+0663 (ARABIC-INDIC DIGIT THREE) -> U+0033 (DIGIT THREE)
Ù¤	4	U+0664 (ARABIC-INDIC DIGIT FOUR) -> U+0034 (DIGIT FOUR)
Ù¥	5	U+0665 (ARABIC-INDIC DIGIT FIVE) -> U+0035 (DIGIT FIVE)
Ù¦	6	U+0666 (ARABIC-INDIC DIGIT SIX) -> U+0036 (DIGIT SIX)
Ù§	7	U+0667 (ARABIC-INDIC DIGIT SEVEN) -> U+0037 (DIGIT SEVEN)
Ù¨	8	U+0668 (ARABIC-INDIC DIGIT EIGHT) -> U+0038 (DIGIT EIGHT)
Ù©	9	U+0669 (ARABIC-INDIC DIGIT NINE) -> U+0039 (DIGIT NINE)
Û°	0	U+06F0 (EXTENDED ARABIC-INDIC DIGIT ZERO) -> U+0030 (DIGIT ZERO)
Û±	1	U+06F1 (EXTENDED ARABIC-INDIC DIGIT ONE) -> U+0031 (DIGIT ONE)
Û²	2	U+06F2 (EXTENDED ARABIC-INDIC DIGIT TWO) -> U+0032 (DIGIT TWO)
Û³	3	U+06F3 (EXTENDED ARABIC-INDIC DIGIT THREE) -> U+0033 (DIGIT THREE)
Û´	4	U+06F4 (EXTENDED ARABIC-INDIC DIGIT FOUR) -> U+0034 (DIGIT FOUR)
Ûµ	5	U+06F5 (EXTENDED ARABIC-INDIC DIGIT FIVE) -> U+0035 (DIGIT FIVE)
Û¶	6	U+06F6 (EXTENDED ARABIC-INDIC DIGIT SIX) -> U+0036 (DIGIT SIX)
Û·	7	U+06F7 (EXTENDED ARABIC-INDIC DIGIT SEVEN) -> U+0037 (DIGIT SEVEN)
Û¸	8	U+06F8 (EXTENDED ARABIC-INDIC DIGIT EIGHT) -> U+0038 (DIGIT EIGHT)
Û¹	9	U+06F9 (EXTENDED ARABIC-INDIC DIGIT NINE) -> U+0039 (DIGIT NINE)
ß€	0	U+07C0 (NKO DIGIT ZERO) -> U+0030 (DIGIT ZERO)
ß	1	U+07C1 (NKO DIGIT ONE) -> U+0031 (DIGIT ONE)
ß‚	2	U+07C2 (NKO DIGIT TWO) -> U+0032 (DIGIT TWO)
ßƒ	3	U+07C3 (NKO DIGIT THREE) -> U+0033 (DIGIT THREE)
ß„	4	U+07C4 (NKO DIGIT FOUR) -> U+0034 (DIGIT FOUR)
ß…	5	U+07C5 (NKO DIGIT FIVE) -> U+0035 (DIGIT FIVE)
ß†	6	U+07C6 (NKO DIGIT SIX) -> U+0036 (DIGIT SIX)
ß‡	7	U+07C7 (NKO DIGIT SEVEN) -> U+0037 (DIGIT SEVEN)
ßˆ	8	U+07C8 (NKO DIGIT EIGHT) -> U+0038 (DIGIT EIGHT)
ß‰	9	U+07C9 (NKO DIGIT NINE) -> U+0039 (DIGIT NINE)
à¥¦	0	U+0966 (DEVANAGARI DIGIT ZERO) -> U+0030 (DIGIT ZERO)
à¥§	1	U+0967 (DEVANAGARI DIGIT ONE) -> U+0031 (DIGIT ONE)
à¥¨	2	U+0968 (DEVANAGARI DIGIT TWO) -> U+0032 (DIGIT TWO)
à¥©	3	U+0969 (DEVANAGARI DIGIT THREE) -> U+0033 (DIGIT THREE)
à¥ª	4	U+096A (DEVANAGARI DIGIT FOUR) -> U+0034 (DIGIT FOUR)
à¥«	5	U+096B (DEVANAGARI DIGIT FIVE) -> U+0035 (DIGIT FIVE)
à¥¬	6	U+096C (DEVANAGARI DIGIT SIX) -> U+0036 (DIGIT SIX)
à¥­	7	U+096D (DEVANAGARI DIGIT SEVEN) -> U+0037 (DIGIT SEVEN)
à¥®	8	U+096E (DEVANAGARI DIGIT EIGHT) -> U+0038 (DIGIT EIGHT)
à¥¯	9	U+096F (DEVANAGARI DIGIT NINE) -> U+0039 (DIGIT NINE)
à§¦	0	U+09E6 (BENGALI DIGIT ZERO) -> U+0030 (DIGIT ZERO)
à§§	1	U+09E7 (BENGALI DIGIT ONE) -> U+0031 (DIGIT ONE)
à§¨	2	U+09E8 (BENGALI DIGIT TWO) -> U+0032 (DIGIT TWO)
à§©	3	U+09E9 (BENGALI DIGIT THREE) -> U+0033 (DIGIT THREE)
à§ª	4	U+09EA (BENGALI DIGIT FOUR) -> U+0034 (DIGIT FOUR)
à§«	5	U+09EB (BENGALI DIGIT FIVE) -> U+0035 (DIGIT FIVE)
à§¬	6	U+09EC (BENGALI DIGIT SIX) -> U+0036 (DIGIT SIX)
à§­	7	U+09ED (BENGALI DIGIT SEVEN) -> U+0037 (DIGIT SEVEN)
à§®	8	U+09EE (BENGALI DIGIT EIGHT) -> U+0038 (DIGIT EIGHT)
à§¯	9	U+09EF (BENGALI DIGIT NINE) -> U+0039 (DIGIT NINE)
à©¦	0	U+0A66 (GURMUKHI DIGIT ZERO) -> U+0030 (DIGIT ZERO)
à©§	1	U+0A67 (GURMUKHI DIGIT ONE) -> U+0031 (DIGIT ONE)
à©¨	2	U+0A68 (GURMUKHI DIGIT TWO) -> U+0032 (DIGIT TWO)
à©©	3	U+0A69 (GURMUKHI DIGIT THREE) -> U+0033 (DIGIT THREE)
à©ª	4	U+0A6A (GURMUKHI DIGIT FOUR) -> U+0034 (DIGIT FOUR)
à©«	5	U+0A6B (GURMUKHI DIGIT FIVE) -> U+0035 (DIGIT FIVE)
à©¬	6	U+0A6C (GURMUKHI DIGIT SIX) -> U+0036 (DIGIT SIX)
à©­	7	U+0A6D (GURMUKHI DIGIT SEVEN) -> U+0037 (DIGIT SEVEN)
à©®	8	U+0A6E (GURMUKHI DIGIT EIGHT) -> U+0038 (DIGIT EIGHT)
à©¯	9	U+0A6F (GURMUKHI DIGIT NINE) -> U+0039 (DIGIT NINE)
à«¦	0	U+0AE6 (GUJARATI DIGIT ZERO) -> U+0030 (DIGIT ZERO)
à«§	1	U+0AE7 (GUJARATI DIGIT ONE) -> U+0031 (DIGIT ONE)
à«¨	2	U+0AE8 (GUJARATI DIGIT TWO) -> U+0032 (DIGIT TWO)
à«©	3	U+0AE9 (GUJARATI DIGIT THREE) -> U+0033 (DIGIT THREE)
à«ª	4	U+0AEA (GUJARATI DIGIT FOUR) -> U+0034 (DIGIT FOUR)
à««	5	U+0AEB (GUJARATI DIGIT FIVE) -> U+0035 (DIGIT FIVE)
à«¬	6	U+0AEC (GUJARATI DIGIT SIX) -> U+0036 (DIGIT SIX)
à«­	7	U+0AED (GUJARATI DIGIT SEVEN) -> U+0037 (DIGIT SEVEN)
à«®	8	U+0AEE (GUJARATI DIGIT EIGHT) -> U+0038 (DIGIT EIGHT)
à«¯	9	U+0AEF (GUJARATI DIGIT NINE) -> U+0039 (DIGIT NINE)
à­¦	0	U+0B66 (ORIYA DIGIT ZERO) -> U+0030 (DIGIT ZERO)
à­§	1	U+0B67 (ORIYA DIGIT ONE) -> U+0031 (DIGIT ONE)
à­¨	2	U+0B68 (ORIYA DIGIT TWO) -> U+0032 (DIGIT TWO)
à­©	3	U+0B69 (ORIYA DIGIT THREE) -> U+0033 (DIGIT THREE)
à­ª	4	U+0B6A (ORIYA DIGIT FOUR) -> U+0034 (DIGIT FOUR)
à­«	5	U+0B6B (ORIYA DIGIT FIVE) -> U+0035 (DIGIT FIVE)
à­¬	6	U+0B6C (ORIYA DIGIT SIX) -> U+0036 (DIGIT SIX)
à­­	7	U+0B6D (ORIYA DIGIT SEVEN) -> U+0037 (DIGIT SEVEN)
à­®	8	U+0B6E (ORIYA DIGIT EIGHT) -> U+0038 (DIGIT EIGHT)
à­¯	9	U+0B6F (ORIYA DIGIT NINE) -> U+0039 (DIGIT NINE)
à¯¦	0	U+0BE6 (TAMIL DIGIT ZERO) -> U+0030 (DIGIT ZERO)
à¯§	1	U+0BE7 (TAMIL DIGIT ONE) -> U+0031 (DIGIT ONE)
à¯¨	2	U+0BE8 (TAMIL DIGIT TWO) -> U+0032 (DIGIT TWO)
à¯©	3	U+0BE9 (TAMIL DIGIT THREE) -> U+0033 (DIGIT THREE)
à¯ª	4	U+0BEA (TAMIL DIGIT FOUR) -> U+0034 (DIGIT FOUR)
à¯«	5	U+0BEB (TAMIL DIGIT FIVE) -> U+0035 (DIGIT FIVE)
à¯¬	6	U+0BEC (TAMIL DIGIT SIX) -> U+0036 (DIGIT SIX)
à¯­	7	U+0BED (TAMIL DIGIT SEVEN) -> U+0037 (DIGIT SEVEN)
à¯®	8	U+0BEE (TAMIL DIGIT EIGHT) -> U+0038 (DIGIT EIGHT)
à¯¯	9	U+0BEF (TAMIL DIGIT NINE) -> U+0039 (DIGIT NINE)
à±¦	0	U+0C66 (TELUGU DIGIT ZERO) -> U+0030 (DIGIT ZERO)
à±§	1	U+0C67 (TELUGU DIGIT ONE) -> U+0031 (DIGIT ONE)
à±¨	2	U+0C68 (TELUGU DIGIT TWO) -> U+0032 (DIGIT TWO)
à±©	3	U+0C69 (TELUGU DIGIT THREE) -> U+0033 (DIGIT THREE)
à±ª	4	U+0C6A (TELUGU DIGIT FOUR) -> U+0034 (DIGIT FOUR)
à±«	5	U+0C6B (TELUGU DIGIT FIVE) -> U+0035 (DIGIT FIVE)
à±¬	6	U+0C6C (TELUGU DIGIT SIX) -> U+0036 (DIGIT SIX)
à±­	7	U+0C6D (TELUGU DIGIT SEVEN) -> U+0037 (DIGIT SEVEN)
à±®	8	U+0C6E (TELUGU DIGIT EIGHT) -> U+0038 (DIGIT EIGHT)
à±¯	9	U+0C6F (TELUGU DIGIT NINE) -> U+0039 (DIGIT NINE)
à³¦	0	U+0CE6 (KANNADA DIGIT ZERO) -> U+0030 (DIGIT ZERO)
à³§	1	U+0CE7 (KANNADA DIGIT ONE) -> U+0031 (DIGIT ONE)
à³¨	2	U+0CE8 (KANNADA DIGIT TWO) -> U+0032 (DIGIT TWO)
à³©	3	U+0CE9 (KANNADA DIGIT THREE) -> U+0033 (DIGIT THREE)
à³ª	4	U+0CEA (KANNADA DIGIT FOUR) -> U+0034 (DIGIT FOUR)
à³«	5	U+0CEB (KANNADA DIGIT FIVE) -> U+0035 (DIGIT FIVE)
à³¬	6	U+0CEC (KANNADA DIGIT SIX) -> U+0036 (DIGIT SIX)
à³­	7	U+0CED (KANNADA DIGIT SEVEN) -> U+0037 (DIGIT SEVEN)
à³®	8	U+0CEE (KANNADA DIGIT EIGHT) -> U+0038 (DIGIT EIGHT)
à³¯	9	U+0CEF (KANNADA DIGIT NINE) -> U+0039 (DIGIT NINE)
àµ¦	0	U+0D66 (MALAYALAM DIGIT ZERO) -> U+0030 (DIGIT ZERO)
àµ§	1	U+0D67 (MALAYALAM DIGIT ONE) -> U+0031 (DIGIT ONE)
àµ¨	2	U+0D68 (MALAYALAM DIGIT TWO) -> U+0032 (DIGIT TWO)
àµ©	3	U+0D69 (MALAYALAM DIGIT THREE) -> U+0033 (DIGIT THREE)
àµª	4	U+0D6A (MALAYALAM DIGIT FOUR) -> U+0034 (DIGIT FOUR)
àµ«	5	U+0D6B (MALAYALAM DIGIT FIVE) -> U+0035 (DIGIT FIVE)
àµ¬	6	U+0D6C (MALAYALAM DIGIT SIX) -> U+0036 (DIGIT SIX)
àµ­	7	U+0D6D (MALAYALAM DIGIT SEVEN) -> U+0037 (DIGIT SEVEN)
àµ®	8	U+0D6E (MALAYALAM DIGIT EIGHT) -> U+0038 (DIGIT EIGHT)
àµ¯	9	U+0D6F (MALAYALAM DIGIT NINE) -> U+0039 (DIGIT NINE)
à·¦	0	U+0DE6 (SINHALA LITH DIGIT ZERO) -> U+0030 (DIGIT ZERO)
à·§	1	U+0DE7 (SINHALA LITH DIGIT ONE) -> U+0031 (DIGIT ONE)
à·¨	2	U+0DE8 (SINHALA LITH DIGIT TWO) -> U+0032 (DIGIT TWO)
à·©	3	U+0DE9 (SINHALA LITH DIGIT THREE) -> U+0033 (DIGIT THREE)
à·ª	4	U+0DEA (SINHALA LITH DIGIT FOUR) -> U+0034 (DIGIT FOUR)
à·«	5	U+0DEB (SINHALA LITH DIGIT FIVE) -> U+0035 (DIGIT FIVE)
à·¬	6	U+0DEC (SINHALA LITH DIGIT SIX) -> U+0036 (DIGIT SIX)
à·­	7	U+0DED (SINHALA LITH DIGIT SEVEN) -> U+0037 (DIGIT SEVEN)
à·®	8	U+0DEE (SINHALA LITH DIGIT EIGHT) -> U+0038 (DIGIT EIGHT)
à·¯	9	U+0DEF (SINHALA LITH DIGIT NINE) -> U+0039 (DIGIT NINE)
à¹	0	U+0E50 (THAI DIGIT ZERO) -> U+0030 (DIGIT ZERO)
à¹‘	1	U+0E51 (THAI DIGIT ONE) -> U+0031 (DIGIT ONE)
à¹’	2	U+0E52 (THAI DIGIT TWO) -> U+0032 (DIGIT TWO)
à¹“	3	U+0E53 (THAI DIGIT THREE) -> U+0033 (DIGIT THREE)
à¹”	4	U+0E54 (THAI DIGIT FOUR) -> U+0034 (DIGIT FOUR)
à¹•	5	U+0E55 (THAI DIGIT FIVE) -> U+0035 (DIGIT FIVE)
à¹–	6	U+0E56 (THAI DIGIT SIX) -> U+0036 (DIGIT SIX)
à¹—	7	U+0E57 (THAI DIGIT SEVEN) -> U+0037 (DIGIT SEVEN)
à¹˜	8	U+0E58 (THAI DIGIT EIGHT) -> U+0038 (DIGIT EIGHT)
à¹™	9	U+0E59 (THAI DIGIT NINE) -> U+0039 (DIGIT NINE)
à»	0	U+0ED0 (LAO DIGIT ZERO) -> U+0030 (DIGIT ZERO)
à»‘	1	U+0ED1 (LAO DIGIT ONE) -> U+0031 (DIGIT ONE)
à»’	2	U+0ED2 (LAO DIGIT TWO) -> U+0032 (DIGIT TWO)
à»“	3	U+0ED3 (LAO DIGIT THREE) -> U+0033 (DIGIT THREE)
à»”	4	U+0ED4 (LAO DIGIT FOUR) -> U+0034 (DIGIT FOUR)
à»•	5	U+0ED5 (LAO DIGIT FIVE) -> U+0035 (DIGIT FIVE)
à»–	6	U+0ED6 (LAO DIGIT SIX) -> U+0036 (DIGIT SIX)
à»—	7	U+0ED7 (LAO DIGIT SEVEN) -> U+0037 (DIGIT SEVEN)
à»˜	8	U+0ED8 (LAO DIGIT EIGHT) -> U+0038 (DIGIT EIGHT)
à»™	9	U+0ED9 (LAO DIGIT NINE) -> U+0039 (DIGIT NINE)
à¼ 	0	U+0F20 (TIBETAN DIGIT ZERO) -> U+0030 (DIGIT ZERO)
à¼¡	1	U+0F21 (TIBETAN DIGIT ONE) -> U+0031 (DIGIT ONE)
à¼¢	2	U+0F22 (TIBETAN DIGIT TWO) -> U+0032 (DIGIT TWO)
à¼£	3	U+0F23 (TIBETAN DIGIT THREE) -> U+0033 (DIGIT THREE)
à¼¤	4	U+0F24 (TIBETAN DIGIT FOUR) -> U+0034 (DIGIT FOUR)
à¼¥	5	U+0F25 (TIBETAN DIGIT FIVE) -> U+0035 (DIGIT FIVE)
à¼¦	6	U+0F26 (TIBETAN DIGIT SIX) -> U+0036 (DIGIT SIX)
à¼§	7	U+0F27 (TIBETAN DIGIT SEVEN) -> U+0037 (DIGIT SEVEN)
à¼¨	8	U+0F28 (TIBETAN DIGIT EIGHT) -> U+0038 (DIGIT EIGHT)
à¼©	9	U+0F29 (TIBETAN DIGIT NINE) -> U+0039 (DIGIT NINE)
á€	0	U+1040 (MYANMAR DIGIT ZERO) -> U+0030 (DIGIT ZERO)
á	1	U+1041 (MYANMAR DIGIT ONE) -> U+0031 (DIGIT ONE)
á‚	2	U+1042 (MYANMAR DIGIT TWO) -> U+0032 (DIGIT TWO)
áƒ	3	U+1043 (MYANMAR DIGIT THREE) -> U+0033 (DIGIT THREE)
á„	4	U+1044 (MYANMAR DIGIT FOUR) -> U+0034 (DIGIT FOUR)
á…	5	U+1045 (MYANMAR DIGIT FIVE) -> U+0035 (DIGIT FIVE)
á†	6	U+1046 (MYANMAR DIGIT SIX) -> U+0036 (DIGIT SIX)
á‡	7	U+1047 (MYANMAR DIGIT SEVEN) -> U+0037 (DIGIT SEVEN)
áˆ	8	U+1048 (MYANMAR DIGIT EIGHT) -> U+0038 (DIGIT EIGHT)
á‰	9	U+1049 (MYANMAR DIGIT NINE) -> U+0039 (DIGIT NINE)
á‚	0	U+1090 (MYANMAR SHAN DIGIT ZERO) -> U+0030 (DIGIT ZERO)
á‚‘	1	U+1091 (MYANMAR SHAN DIGIT ONE) -> U+0031 (DIGIT ONE)
á‚’	2	U+1092 (MYANMAR SHAN DIGIT TWO) -> U+0032 (DIGIT TWO)
á‚“	3	U+1093 (MYANMAR SHAN DIGIT THREE) -> U+0033 (DIGIT THREE)
á‚”	4	U+1094 (MYANMAR SHAN DIGIT FOUR) -> U+0034 (DIGIT FOUR)
á‚•	5	U+1095 (MYANMAR SHAN DIGIT FIVE) -> U+0035 (DIGIT FIVE)
á‚–	6	U+1096 (MYANMAR SHAN DIGIT SIX) -> U+0036 (DIGIT SIX)
á‚—	7	U+1097 (MYANMAR SHAN DIGIT SEVEN) -> U+0037 (DIGIT SEVEN)
á‚˜	8	U+1098 (MYANMAR SHAN DIGIT EIGHT) -> U+0038 (DIGIT EIGHT)
á‚™	9	U+1099 (MYANMAR SHAN DIGIT NINE) -> U+0039 (DIGIT NINE)
áŸ 	0	U+17E0 (KHMER DIGIT ZERO) -> U+0030 (DIGIT ZERO)
áŸ¡	1	U+17E1 (KHMER DIGIT ONE) -> U+0031 (DIGIT ONE)
áŸ¢	2	U+17E2 (KHMER DIGIT TWO) -> U+0032 (DIGIT TWO)
áŸ£	3	U+17E3 (KHMER DIGIT THREE) -> U+0033 (DIGIT THREE)
áŸ¤	4	U+17E4 (KHMER DIGIT FOUR) -> U+0034 (DIGIT FOUR)
áŸ¥	5	U+17E5 (KHMER DIGIT FIVE) -> U+0035 (DIGIT FIVE)
áŸ¦	6	U+17E6 (KHMER DIGIT SIX) -> U+0036 (DIGIT SIX)
áŸ§	7	U+17E7 (KHMER DIGIT SEVEN) -> U+0037 (DIGIT SEVEN)
áŸ¨	8	U+17E8 (KHMER DIGIT EIGHT) -> U+0038 (DIGIT EIGHT)
áŸ©	9	U+17E9 (KHMER DIGIT NINE) -> U+0039 (DIGIT NINE)
á 	0	U+1810 (MONGOLIAN DIGIT ZERO) -> U+0030 (DIGIT ZERO)
á ‘	1	U+1811 (MONGOLIAN DIGIT ONE) -> U+0031 (DIGIT ONE)
á ’	2	U+1812 (MONGOLIAN DIGIT TWO) -> U+0032 (DIGIT TWO)
á “	3	U+1813 (MONGOLIAN DIGIT THREE) -> U+0033 (DIGIT THREE)
á ”	4	U+1814 (MONGOLIAN DIGIT FOUR) -> U+0034 (DIGIT FOUR)
á •	5	U+1815 (MONGOLIAN DIGIT FIVE) -> U+0035 (DIGIT FIVE)
á –	6	U+1816 (MONGOLIAN DIGIT SIX) -> U+0036 (DIGIT SIX)
á —	7	U+1817 (MONGOLIAN DIGIT SEVEN) -> U+0037 (DIGIT SEVEN)
á ˜	8	U+1818 (MONGOLIAN DIGIT EIGHT) -> U+0038 (DIGIT EIGHT)
á ™	9	U+1819 (MONGOLIAN DIGIT NINE) -> U+0039 (DIGIT NINE)
á¥†	0	U+1946 (LIMBU DIGIT ZERO) -> U+0030 (DIGIT ZERO)
á¥‡	1	U+1947 (LIMBU DIGIT ONE) -> U+0031 (DIGIT ONE)
á¥ˆ	2	U+1948 (LIMBU DIGIT TWO) -> U+0032 (DIGIT TWO)
á¥‰	3	U+1949 (LIMBU DIGIT THREE) -> U+0033 (DIGIT THREE)
á¥Š	4	U+194A (LIMBU DIGIT FOUR) -> U+0034 (DIGIT FOUR)
á¥‹	5	U+194B (LIMBU DIGIT FIVE) -> U+0035 (DIGIT FIVE)
á¥Œ	6	U+194C (LIMBU DIGIT SIX) -> U+0036 (DIGIT SIX)
á¥	7	U+194D (LIMBU DIGIT SEVEN) -> U+0037 (DIGIT SEVEN)
á¥Ž	8	U+194E (LIMBU DIGIT EIGHT) -> U+0038 (DIGIT EIGHT)
á¥	9	U+194F (LIMBU DIGIT NINE) -> U+0039 (DIGIT NINE)
á§	0	U+19D0 (NEW TAI LUE DIGIT ZERO) -> U+0030 (DIGIT ZERO)
á§‘	1	U+19D1 (NEW TAI LUE DIGIT ONE) -> U+0031 (DIGIT ONE)
á§’	2	U+19D2 (NEW TAI LUE DIGIT TWO) -> U+0032 (DIGIT TWO)
á§“	3	U+19D3 (NEW TAI LUE DIGIT THREE) -> U+0033 (DIGIT THREE)
á§”	4	U+19D4 (NEW TAI LUE DIGIT FOUR) -> U+0034 (DIGIT FOUR)
á§•	5	U+19D5 (NEW TAI LUE DIGIT FIVE) -> U+0035 (DIGIT FIVE)
á§–	6	U+19D6 (NEW TAI LUE DIGIT SIX) -> U+0036 (DIGIT SIX)
á§—	7	U+19D7 (NEW TAI LUE DIGIT SEVEN) -> U+0037 (DIGIT SEVEN)
á§˜	8	U+19D8 (NEW TAI LUE DIGIT EIGHT) -> U+0038 (DIGIT EIGHT)
á§™	9	U+19D9 (NEW TAI LUE DIGIT NINE) -> U+0039 (DIGIT NINE)
á§š	1	U+19DA (NEW TAI LUE THAM DIGIT ONE) -> U+0031 (DIGIT ONE)
áª€	0	U+1A80 (TAI THAM HORA DIGIT ZERO) -> U+0030 (DIGIT ZERO)
áª	1	U+1A81 (TAI THAM HORA DIGIT ONE) -> U+0031 (DIGIT ONE)
áª‚	2	U+1A82 (TAI THAM HORA DIGIT TWO) -> U+0032 (DIGIT TWO)
áªƒ	3	U+1A83 (TAI THAM HORA DIGIT THREE) -> U+0033 (DIGIT THREE)
áª„	4	U+1A84 (TAI THAM HORA DIGIT FOUR) -> U+0034 (DIGIT FOUR)
áª…	5	U+1A85 (TAI THAM HORA DIGIT FIVE) -> U+0035 (DIGIT FIVE)
áª†	6	U+1A86 (TAI THAM HORA DIGIT SIX) -> U+0036 (DIGIT SIX)
áª‡	7	U+1A87 (TAI THAM HORA DIGIT SEVEN) -> U+0037 (DIGIT SEVEN)
áªˆ	8	U+1A88 (TAI THAM HORA DIGIT EIGHT) -> U+0038 (DIGIT EIGHT)
áª‰	9	U+1A89 (TAI THAM HORA DIGIT NINE) -> U+0039 (DIGIT NINE)
áª	0	U+1A90 (TAI THAM THAM DIGIT ZERO) -> U+0030 (DIGIT ZERO)
áª‘	1	U+1A91 (TAI THAM THAM DIGIT ONE) -> U+0031 (DIGIT ONE)
áª’	2	U+1A92 (TAI THAM THAM DIGIT TWO) -> U+0032 (DIGIT TWO)
áª“	3	U+1A93 (TAI THAM THAM DIGIT THREE) -> U+0033 (DIGIT THREE)
áª”	4	U+1A94 (TAI THAM THAM DIGIT FOUR) -> U+0034 (DIGIT FOUR)
áª•	5	U+1A95 (TAI THAM THAM DIGIT FIVE) -> U+0035 (DIGIT FIVE)
áª–	6	U+1A96 (TAI THAM THAM DIGIT SIX) -> U+0036 (DIGIT SIX)
áª—	7	U+1A97 (TAI THAM THAM DIGIT SEVEN) -> U+0037 (DIGIT SEVEN)
áª˜	8	U+1A98 (TAI THAM THAM DIGIT EIGHT) -> U+0038 (DIGIT EIGHT)
áª™	9	U+1A99 (TAI THAM THAM DIGIT NINE) -> U+0039 (DIGIT NINE)
á­	0	U+1B50 (BALINESE DIGIT ZERO) -> U+0030 (DIGIT ZERO)
á­‘	1	U+1B51 (BALINESE DIGIT ONE) -> U+0031 (DIGIT ONE)
á­’	2	U+1B52 (BALINESE DIGIT TWO) -> U+0032 (DIGIT TWO)
á­“	3	U+1B53 (BALINESE DIGIT THREE) -> U+0033 (DIGIT THREE)
á­”	4	U+1B54 (BALINESE DIGIT FOUR) -> U+0034 (DIGIT FOUR)
á­•	5	U+1B55 (BALINESE DIGIT FIVE) -> U+0035 (DIGIT FIVE)
á­–	6	U+1B56 (BALINESE DIGIT SIX) -> U+0036 (DIGIT SIX)
á­—	7	U+1B57 (BALINESE DIGIT SEVEN) -> U+0037 (DIGIT SEVEN)
á­˜	8	U+1B58 (BALINESE DIGIT EIGHT) -> U+0038 (DIGIT EIGHT)
á­™	9	U+1B59 (BALINESE DIGIT NINE) -> U+0039 (DIGIT NINE)
á®°	0	U+1BB0 (SUNDANESE DIGIT ZERO) -> U+0030 (DIGIT ZERO)
á®±	1	U+1BB1 (SUNDANESE DIGIT ONE) -> U+0031 (DIGIT ONE)
á®²	2	U+1BB2 (SUNDANESE DIGIT TWO) -> U+0032 (DIGIT TWO)
á®³	3	U+1BB3 (SUNDANESE DIGIT THREE) -> U+0033 (DIGIT THREE)
á®´	4	U+1BB4 (SUNDANESE DIGIT FOUR) -> U+0034 (DIGIT FOUR)
á®µ	5	U+1BB5 (SUNDANESE DIGIT FIVE) -> U+0035 (DIGIT FIVE)
á®¶	6	U+1BB6 (SUNDANESE DIGIT SIX) -> U+0036 (DIGIT SIX)
á®·	7	U+1BB7 (SUNDANESE DIGIT SEVEN) -> U+0037 (DIGIT SEVEN)
á®¸	8	U+1BB8 (SUNDANESE DIGIT EIGHT) -> U+0038 (DIGIT EIGHT)
á®¹	9	U+1BB9 (SUNDANESE DIGIT NINE) -> U+0039 (DIGIT NINE)
á±€	0	U+1C40 (LEPCHA DIGIT ZERO) -> U+0030 (DIGIT ZERO)
á±	1	U+1C41 (LEPCHA DIGIT ONE) -> U+0031 (DIGIT ONE)
á±‚	2	U+1C42 (LEPCHA DIGIT TWO) -> U+0032 (DIGIT TWO)
á±ƒ	3	U+1C43 (LEPCHA DIGIT THREE) -> U+0033 (DIGIT THREE)
á±„	4	U+1C44 (LEPCHA DIGIT FOUR) -> U+0034 (DIGIT FOUR)
á±…	5	U+1C45 (LEPCHA DIGIT FIVE) -> U+0035 (DIGIT FIVE)
á±†	6	U+1C46 (LEPCHA DIGIT SIX) -> U+0036 (DIGIT SIX)
á±‡	7	U+1C47 (LEPCHA DIGIT SEVEN) -> U+0037 (DIGIT SEVEN)
á±ˆ	8	U+1C48 (LEPCHA DIGIT EIGHT) -> U+0038 (DIGIT EIGHT)
á±‰	9	U+1C49 (LEPCHA DIGIT NINE) -> U+0039 (DIGIT NINE)
á±	0	U+1C50 (OL CHIKI DIGIT ZERO) -> U+0030 (DIGIT ZERO)
á±‘	1	U+1C51 (OL CHIKI DIGIT ONE) -> U+0031 (DIGIT ONE)
á±’	2	U+1C52 (OL CHIKI DIGIT TWO) -> U+0032 (DIGIT TWO)
á±“	3	U+1C53 (OL CHIKI DIGIT THREE) -> U+0033 (DIGIT THREE)
á±”	4	U+1C54 (OL CHIKI DIGIT FOUR) -> U+0034 (DIGIT FOUR)
á±•	5	U+1C55 (OL CHIKI DIGIT FIVE) -> U+0035 (DIGIT FIVE)
á±–	6	U+1C56 (OL CHIKI DIGIT SIX) -> U+0036 (DIGIT SIX)
á±—	7	U+1C57 (OL CHIKI DIGIT SEVEN) -> U+0037 (DIGIT SEVEN)
á±˜	8	U+1C58 (OL CHIKI DIGIT EIGHT) -> U+0038 (DIGIT EIGHT)
á±™	9	U+1C59 (OL CHIKI DIGIT NINE) -> U+0039 (DIGIT NINE)
ê˜ 	0	U+A620 (VAI DIGIT ZERO) -> U+0030 (DIGIT ZERO)
ê˜¡	1	U+A621 (VAI DIGIT ONE) -> U+0031 (DIGIT ONE)
ê˜¢	2	U+A622 (VAI DIGIT TWO) -> U+0032 (DIGIT TWO)
ê˜£	3	U+A623 (VAI DIGIT THREE) -> U+0033 (DIGIT THREE)
ê˜¤	4	U+A624 (VAI DIGIT FOUR) -> U+0034 (DIGIT FOUR)
ê˜¥	5	U+A625 (VAI DIGIT FIVE) -> U+0035 (DIGIT FIVE)
ê˜¦	6	U+A626 (VAI DIGIT SIX) -> U+0036 (DIGIT SIX)
ê˜§	7	U+A627 (VAI DIGIT SEVEN) -> U+0037 (DIGIT SEVEN)
ê˜¨	8	U+A628 (VAI DIGIT EIGHT) -> U+0038 (DIGIT EIGHT)
ê˜©	9	U+A629 (VAI DIGIT NINE) -> U+0039 (DIGIT NINE)
ê£	0	U+A8D0 (SAURASHTRA DIGIT ZERO) -> U+0030 (DIGIT ZERO)
ê£‘	1	U+A8D1 (SAURASHTRA DIGIT ONE) -> U+0031 (DIGIT ONE)
ê£’	2	U+A8D2 (SAURASHTRA DIGIT TWO) -> U+0032 (DIGIT TWO)
ê£“	3	U+A8D3 (SAURASHTRA DIGIT THREE) -> U+0033 (DIGIT THREE)
ê£”	4	U+A8D4 (SAURASHTRA DIGIT FOUR) -> U+0034 (DIGIT FOUR)
ê£•	5	U+A8D5 (SAURASHTRA DIGIT FIVE) -> U+0035 (DIGIT FIVE)
ê£–	6	U+A8D6 (SAURASHTRA DIGIT SIX) -> U+0036 (DIGIT SIX)
ê£—	7	U+A8D7 (SAURASHTRA DIGIT SEVEN) -> U+0037 (DIGIT SEVEN)
ê£˜	8	U+A8D8 (SAURASHTRA DIGIT EIGHT) -> U+0038 (DIGIT EIGHT)
ê£™	9	U+A8D9 (SAURASHTRA DIGIT NINE) -> U+0039 (DIGIT NINE)
ê¤€	0	U+A900 (KAYAH LI DIGIT ZERO) -> U+0030 (DIGIT ZERO)
ê¤	1	U+A901 (KAYAH LI DIGIT ONE) -> U+0031 (DIGIT ONE)
ê¤‚	2	U+A902 (KAYAH LI DIGIT TWO) -> U+0032 (DIGIT TWO)
ê¤ƒ	3	U+A903 (KAYAH LI DIGIT THREE) -> U+0033 (DIGIT THREE)
ê¤„	4	U+A904 (KAYAH LI DIGIT FOUR) -> U+0034 (DIGIT FOUR)
ê¤…	5	U+A905 (KAYAH LI DIGIT FIVE) -> U+0035 (DIGIT FIVE)
ê¤†	6	U+A906 (KAYAH LI DIGIT SIX) -> U+0036 (DIGIT SIX)
ê¤‡	7	U+A907 (KAYAH LI DIGIT SEVEN) -> U+0037 (DIGIT SEVEN)
ê¤ˆ	8	U+A908 (KAYAH LI DIGIT EIGHT) -> U+0038 (DIGIT EIGHT)
ê¤‰	9	U+A909 (KAYAH LI DIGIT NINE) -> U+0039 (DIGIT NINE)
ê§	0	U+A9D0 (JAVANESE DIGIT ZERO) -> U+0030 (DIGIT ZERO)
ê§‘	1	U+A9D1 (JAVANESE DIGIT ONE) -> U+0031 (DIGIT ONE)
ê§’	2	U+A9D2 (JAVANESE DIGIT TWO) -> U+0032 (DIGIT TWO)
ê§“	3	U+A9D3 (JAVANESE DIGIT THREE) -> U+0033 (DIGIT THREE)
ê§”	4	U+A9D4 (JAVANESE DIGIT FOUR) -> U+0034 (DIGIT FOUR)
ê§•	5	U+A9D5 (JAVANESE DIGIT FIVE) -> U+0035 (DIGIT FIVE)
ê§–	6	U+A9D6 (JAVANESE DIGIT SIX) -> U+0036 (DIGIT SIX)
ê§—	7	U+A9D7 (JAVANESE DIGIT SEVEN) -> U+0037 (DIGIT SEVEN)
ê§˜	8	U+A9D8 (JAVANESE DIGIT EIGHT) -> U+0038 (DIGIT EIGHT)
ê§™	9	U+A9D9 (JAVANESE DIGIT NINE) -> U+0039 (DIGIT NINE)
ê§°	0	U+A9F0 (MYANMAR TAI LAING DIGIT ZERO) -> U+0030 (DIGIT ZERO)
ê§±	1	U+A9F1 (MYANMAR TAI LAING DIGIT ONE) -> U+0031 (DIGIT ONE)
ê§²	2	U+A9F2 (MYANMAR TAI LAING DIGIT TWO) -> U+0032 (DIGIT TWO)
ê§³	3	U+A9F3 (MYANMAR TAI LAING DIGIT THREE) -> U+0033 (DIGIT THREE)
ê§´	4	U+A9F4 (MYANMAR TAI LAING DIGIT FOUR) -> U+0034 (DIGIT FOUR)
ê§µ	5	U+A9F5 (MYANMAR TAI LAING DIGIT FIVE) -> U+0035 (DIGIT FIVE)
ê§¶	6	U+A9F6 (MYANMAR TAI LAING DIGIT SIX) -> U+0036 (DIGIT SIX)
ê§·	7	U+A9F7 (MYANMAR TAI LAING DIGIT SEVEN) -> U+0037 (DIGIT SEVEN)
ê§¸	8	U+A9F8 (MYANMAR TAI LAING DIGIT EIGHT) -> U+0038 (DIGIT EIGHT)
ê§¹	9	U+A9F9 (MYANMAR TAI LAING DIGIT NINE) -> U+0039 (DIGIT NINE)
ê©	0	U+AA50 (CHAM DIGIT ZERO) -> U+0030 (DIGIT ZERO)
ê©‘	1	U+AA51 (CHAM DIGIT ONE) -> U+0031 (DIGIT ONE)
ê©’	2	U+AA52 (CHAM DIGIT TWO) -> U+0032 (DIGIT TWO)
ê©“	3	U+AA53 (CHAM DIGIT THREE) -> U+0033 (DIGIT THREE)
ê©”	4	U+AA54 (CHAM DIGIT FOUR) -> U+0034 (DIGIT FOUR)
ê©•	5	U+AA55 (CHAM DIGIT FIVE) -> U+0035 (DIGIT FIVE)
ê©–	6	U+AA56 (CHAM DIGIT SIX) -> U+0036 (DIGIT SIX)
ê©—	7	U+AA57 (CHAM DIGIT SEVEN) -> U+0037 (DIGIT SEVEN)
ê©˜	8	U+AA58 (CHAM DIGIT EIGHT) -> U+0038 (DIGIT EIGHT)
ê©™	9	U+AA59 (CHAM DIGIT NINE) -> U+0039 (DIGIT NINE)
ê¯°	0	U+ABF0 (MEETEI MAYEK DIGIT ZERO) -> U+0030 (DIGIT ZERO)
ê¯±	1	U+ABF1 (MEETEI MAYEK DIGIT ONE) -> U+0031 (DIGIT ONE)
ê¯²	2	U+ABF2 (MEETEI MAYEK DIGIT TWO) -> U+0032 (DIGIT TWO)
ê¯³	3	U+ABF3 (MEETEI MAYEK DIGIT THREE) -> U+0033 (DIGIT THREE)
ê¯´	4	U+ABF4 (MEETEI MAYEK DIGIT FOUR) -> U+0034 (DIGIT FOUR)
ê¯µ	5	U+ABF5 (MEETEI MAYEK DIGIT FIVE) -> U+0035 (DIGIT FIVE)
ê¯¶	6	U+ABF6 (MEETEI MAYEK DIGIT SIX) -> U+0036 (DIGIT SIX)
ê¯·	7	U+ABF7 (MEETEI MAYEK DIGIT SEVEN) -> U+0037 (DIGIT SEVEN)
ê¯¸	8	U+ABF8 (MEETEI MAYEK DIGIT EIGHT) -> U+0038 (DIGIT EIGHT)
ê¯¹	9	U+ABF9 (MEETEI MAYEK DIGIT NINE) -> U+0039 (DIGIT NINE)
ð’ 	0	U+104A0 (OSMANYA DIGIT ZERO) -> U+0030 (DIGIT ZERO)
ð’¡	1	U+104A1 (OSMANYA DIGIT ONE) -> U+0031 (DIGIT ONE)
ð’¢	2	U+104A2 (OSMANYA DIGIT TWO) -> U+0032 (DIGIT TWO)
ð’£	3	U+104A3 (OSMANYA DIGIT THREE) -> U+0033 (DIGIT THREE)
ð’¤	4	U+104A4 (OSMANYA DIGIT FOUR) -> U+0034 (DIGIT FOUR)
ð’¥	5	U+104A5 (OSMANYA DIGIT FIVE) -> U+0035 (DIGIT FIVE)
ð’¦	6	U+104A6 (OSMANYA DIGIT SIX) -> U+0036 (DIGIT SIX)
ð’§	7	U+104A7 (OSMANYA DIGIT SEVEN) -> U+0037 (DIGIT SEVEN)
ð’¨	8	U+104A8 (OSMANYA DIGIT EIGHT) -> U+0038 (DIGIT EIGHT)
ð’©	9	U+104A9 (OSMANYA DIGIT NINE) -> U+0039 (DIGIT NINE)
ð´°	0	U+10D30 (HANIFI ROHINGYA DIGIT ZERO) -> U+0030 (DIGIT ZERO)
ð´±	1	U+10D31 (HANIFI ROHINGYA DIGIT ONE) -> U+0031 (DIGIT ONE)
ð´²	2	U+10D32 (HANIFI ROHINGYA DIGIT TWO) -> U+0032 (DIGIT TWO)
ð´³	3	U+10D33 (HANIFI ROHINGYA DIGIT THREE) -> U+0033 (DIGIT THREE)
ð´´	4	U+10D34 (HANIFI ROHINGYA DIGIT FOUR) -> U+0034 (DIGIT FOUR)
ð´µ	5	U+10D35 (HANIFI ROHINGYA DIGIT FIVE) -> U+0035 (DIGIT FIVE)
ð´¶	6	U+10D36 (HANIFI ROHINGYA DIGIT SIX) -> U+0036 (DIGIT SIX)
ð´·	7	U+10D37 (HANIFI ROHINGYA DIGIT SEVEN) -> U+0037 (DIGIT SEVEN)
ð´¸	8	U+10D38 (HANIFI ROHINGYA DIGIT EIGHT) -> U+0038 (DIGIT EIGHT)
ð´¹	9	U+10D39 (HANIFI ROHINGYA DIGIT NINE) -> U+0039 (DIGIT NINE)
ð‘¦	0	U+11066 (BRAHMI DIGIT ZERO) -> U+0030 (DIGIT ZERO)
ð‘§	1	U+11067 (BRAHMI DIGIT ONE) -> U+0031 (DIGIT ONE)
ð‘¨	2	U+11068 (BRAHMI DIGIT TWO) -> U+0032 (DIGIT TWO)
ð‘©	3	U+11069 (BRAHMI DIGIT THREE) -> U+0033 (DIGIT THREE)
ð‘ª	4	U+1106A (BRAHMI DIGIT FOUR) -> U+0034 (DIGIT FOUR)
ð‘«	5	U+1106B (BRAHMI DIGIT FIVE) -> U+0035 (DIGIT FIVE)
ð‘¬	6	U+1106C (BRAHMI DIGIT SIX) -> U+0036 (DIGIT SIX)
ð‘­	7	U+1106D (BRAHMI DIGIT SEVEN) -> U+0037 (DIGIT SEVEN)
ð‘®	8	U+1106E (BRAHMI DIGIT EIGHT) -> U+0038 (DIGIT EIGHT)
ð‘¯	9	U+1106F (BRAHMI DIGIT NINE) -> U+0039 (DIGIT NINE)
ð‘ƒ°	0	U+110F0 (SORA SOMPENG DIGIT ZERO) -> U+0030 (DIGIT ZERO)
ð‘ƒ±	1	U+110F1 (SORA SOMPENG DIGIT ONE) -> U+0031 (DIGIT ONE)
ð‘ƒ²	2	U+110F2 (SORA SOMPENG DIGIT TWO) -> U+0032 (DIGIT TWO)
ð‘ƒ³	3	U+110F3 (SORA SOMPENG DIGIT THREE) -> U+0033 (DIGIT THREE)
ð‘ƒ´	4	U+110F4 (SORA SOMPENG DIGIT FOUR) -> U+0034 (DIGIT FOUR)
ð‘ƒµ	5	U+110F5 (SORA SOMPENG DIGIT FIVE) -> U+0035 (DIGIT FIVE)
ð‘ƒ¶	6	U+110F6 (SORA SOMPENG DIGIT SIX) -> U+0036 (DIGIT SIX)
ð‘ƒ·	7	U+110F7 (SORA SOMPENG DIGIT SEVEN) -> U+0037 (DIGIT SEVEN)
ð‘ƒ¸	8	U+110F8 (SORA SOMPENG DIGIT EIGHT) -> U+0038 (DIGIT EIGHT)
ð‘ƒ¹	9	U+110F9 (SORA SOMPENG DIGIT NINE) -> U+0039 (DIGIT NINE)
ð‘„¶	0	U+11136 (CHAKMA DIGIT ZERO) -> U+0030 (DIGIT ZERO)
ð‘„·	1	U+11137 (CHAKMA DIGIT ONE) -> U+0031 (DIGIT ONE)
ð‘„¸	2	U+11138 (CHAKMA DIGIT TWO) -> U+0032 (DIGIT TWO)
ð‘„¹	3	U+11139 (CHAKMA DIGIT THREE) -> U+0033 (DIGIT THREE)
ð‘„º	4	U+1113A (CHAKMA DIGIT FOUR) -> U+0034 (DIGIT FOUR)
ð‘„»	5	U+1113B (CHAKMA DIGIT FIVE) -> U+0035 (DIGIT FIVE)
ð‘„¼	6	U+1113C (CHAKMA DIGIT SIX) -> U+0036 (DIGIT SIX)
ð‘„½	7	U+1113D (CHAKMA DIGIT SEVEN) -> U+0037 (DIGIT SEVEN)
ð‘„¾	8	U+1113E (CHAKMA DIGIT EIGHT) -> U+0038 (DIGIT EIGHT)
ð‘„¿	9	U+1113F (CHAKMA DIGIT NINE) -> U+0039 (DIGIT NINE)
ð‘‡	0	U+111D0 (SHARADA DIGIT ZERO) -> U+0030 (DIGIT ZERO)
ð‘‡‘	1	U+111D1 (SHARADA DIGIT ONE) -> U+0031 (DIGIT ONE)
ð‘‡’	2	U+111D2 (SHARADA DIGIT TWO) -> U+0032 (DIGIT TWO)
ð‘‡“	3	U+111D3 (SHARADA DIGIT THREE) -> U+0033 (DIGIT THREE)
ð‘‡”	4	U+111D4 (SHARADA DIGIT FOUR) -> U+0034 (DIGIT FOUR)
ð‘‡•	5	U+111D5 (SHARADA DIGIT FIVE) -> U+0035 (DIGIT FIVE)
ð‘‡–	6	U+111D6 (SHARADA DIGIT SIX) -> U+0036 (DIGIT SIX)
ð‘‡—	7	U+111D7 (SHARADA DIGIT SEVEN) -> U+0037 (DIGIT SEVEN)
ð‘‡˜	8	U+111D8 (SHARADA DIGIT EIGHT) -> U+0038 (DIGIT EIGHT)
ð‘‡™	9	U+111D9 (SHARADA DIGIT NINE) -> U+0039 (DIGIT NINE)
ð‘‹°	0	U+112F0 (KHUDAWADI DIGIT ZERO) -> U+0030 (DIGIT ZERO)
ð‘‹±	1	U+112F1 (KHUDAWADI DIGIT ONE) -> U+0031 (DIGIT ONE)
ð‘‹²	2	U+112F2 (KHUDAWADI DIGIT TWO) -> U+0032 (DIGIT TWO)
ð‘‹³	3	U+112F3 (KHUDAWADI DIGIT THREE) -> U+0033 (DIGIT THREE)
ð‘‹´	4	U+112F4 (KHUDAWADI DIGIT FOUR) -> U+0034 (DIGIT FOUR)
ð‘‹µ	5	U+112F5 (KHUDAWADI DIGIT FIVE) -> U+0035 (DIGIT FIVE)
ð‘‹¶	6	U+112F6 (KHUDAWADI DIGIT SIX) -> U+0036 (DIGIT SIX)
ð‘‹·	7	U+112F7 (KHUDAWADI DIGIT SEVEN) -> U+0037 (DIGIT SEVEN)
ð‘‹¸	8	U+112F8 (KHUDAWADI DIGIT EIGHT) -> U+0038 (DIGIT EIGHT)
ð‘‹¹	9	U+112F9 (KHUDAWADI DIGIT NINE) -> U+0039 (DIGIT NINE)
ð‘‘	0	U+11450 (NEWA DIGIT ZERO) -> U+0030 (DIGIT ZERO)
ð‘‘‘	1	U+11451 (NEWA DIGIT ONE) -> U+0031 (DIGIT ONE)
ð‘‘’	2	U+11452 (NEWA DIGIT TWO) -> U+0032 (DIGIT TWO)
ð‘‘“	3	U+11453 (NEWA DIGIT THREE) -> U+0033 (DIGIT THREE)
ð‘‘”	4	U+11454 (NEWA DIGIT FOUR) -> U+0034 (DIGIT FOUR)
ð‘‘•	5	U+11455 (NEWA DIGIT FIVE) -> U+0035 (DIGIT FIVE)
ð‘‘–	6	U+11456 (NEWA DIGIT SIX) -> U+0036 (DIGIT SIX)
ð‘‘—	7	U+11457 (NEWA DIGIT SEVEN) -> U+0037 (DIGIT SEVEN)
ð‘‘˜	8	U+11458 (NEWA DIGIT EIGHT) -> U+0038 (DIGIT EIGHT)
ð‘‘™	9	U+11459 (NEWA DIGIT NINE) -> U+0039 (DIGIT NINE)
ð‘“	0	U+114D0 (TIRHUTA DIGIT ZERO) -> U+0030 (DIGIT ZERO)
ð‘“‘	1	U+114D1 (TIRHUTA DIGIT ONE) -> U+0031 (DIGIT ONE)
ð‘“’	2	U+114D2 (TIRHUTA DIGIT TWO) -> U+0032 (DIGIT TWO)
ð‘““	3	U+114D3 (TIRHUTA DIGIT THREE) -> U+0033 (DIGIT THREE)
ð‘“”	4	U+114D4 (TIRHUTA DIGIT FOUR) -> U+0034 (DIGIT FOUR)
ð‘“•	5	U+114D5 (TIRHUTA DIGIT FIVE) -> U+0035 (DIGIT FIVE)
ð‘“–	6	U+114D6 (TIRHUTA DIGIT SIX) -> U+0036 (DIGIT SIX)
ð‘“—	7	U+114D7 (TIRHUTA DIGIT SEVEN) -> U+0037 (DIGIT SEVEN)
ð‘“˜	8	U+114D8 (TIRHUTA DIGIT EIGHT) -> U+0038 (DIGIT EIGHT)
ð‘“™	9	U+114D9 (TIRHUTA DIGIT NINE) -> U+0039 (DIGIT NINE)
ð‘™	0	U+11650 (MODI DIGIT ZERO) -> U+0030 (DIGIT ZERO)
ð‘™‘	1	U+11651 (MODI DIGIT ONE) -> U+0031 (DIGIT ONE)
ð‘™’	2	U+11652 (MODI DIGIT TWO) -> U+0032 (DIGIT TWO)
ð‘™“	3	U+11653 (MODI DIGIT THREE) -> U+0033 (DIGIT THREE)
ð‘™”	4	U+11654 (MODI DIGIT FOUR) -> U+0034 (DIGIT FOUR)
ð‘™•	5	U+11655 (MODI DIGIT FIVE) -> U+0035 (DIGIT FIVE)
ð‘™–	6	U+11656 (MODI DIGIT SIX) -> U+0036 (DIGIT SIX)
ð‘™—	7	U+11657 (MODI DIGIT SEVEN) -> U+0037 (DIGIT SEVEN)
ð‘™˜	8	U+11658 (MODI DIGIT EIGHT) -> U+0038 (DIGIT EIGHT)
ð‘™™	9	U+11659 (MODI DIGIT NINE) -> U+0039 (DIGIT NINE)
ð‘›€	0	U+116C0 (TAKRI DIGIT ZERO) -> U+0030 (DIGIT ZERO)
ð‘›	1	U+116C1 (TAKRI DIGIT ONE) -> U+0031 (DIGIT ONE)
ð‘›‚	2	U+116C2 (TAKRI DIGIT TWO) -> U+0032 (DIGIT TWO)
ð‘›ƒ	3	U+116C3 (TAKRI DIGIT THREE) -> U+0033 (DIGIT THREE)
ð‘›„	4	U+116C4 (TAKRI DIGIT FOUR) -> U+0034 (DIGIT FOUR)
ð‘›…	5	U+116C5 (TAKRI DIGIT FIVE) -> U+0035 (DIGIT FIVE)
ð‘›†	6	U+116C6 (TAKRI DIGIT SIX) -> U+0036 (DIGIT SIX)
ð‘›‡	7	U+116C7 (TAKRI DIGIT SEVEN) -> U+0037 (DIGIT SEVEN)
ð‘›ˆ	8	U+116C8 (TAKRI DIGIT EIGHT) -> U+0038 (DIGIT EIGHT)
ð‘›‰	9	U+116C9 (TAKRI DIGIT NINE) -> U+0039 (DIGIT NINE)
ð‘œ°	0	U+11730 (AHOM DIGIT ZERO) -> U+0030 (DIGIT ZERO)
ð‘œ±	1	U+11731 (AHOM DIGIT ONE) -> U+0031 (DIGIT ONE)
ð‘œ²	2	U+11732 (AHOM DIGIT TWO) -> U+0032 (DIGIT TWO)
ð‘œ³	3	U+11733 (AHOM DIGIT THREE) -> U+0033 (DIGIT THREE)
ð‘œ´	4	U+11734 (AHOM DIGIT FOUR) -> U+0034 (DIGIT FOUR)
ð‘œµ	5	U+11735 (AHOM DIGIT FIVE) -> U+0035 (DIGIT FIVE)
ð‘œ¶	6	U+11736 (AHOM DIGIT SIX) -> U+0036 (DIGIT SIX)
ð‘œ·	7	U+11737 (AHOM DIGIT SEVEN) -> U+0037 (DIGIT SEVEN)
ð‘œ¸	8	U+11738 (AHOM DIGIT EIGHT) -> U+0038 (DIGIT EIGHT)
ð‘œ¹	9	U+11739 (AHOM DIGIT NINE) -> U+0039 (DIGIT NINE)
ð‘£ 	0	U+118E0 (WARANG CITI DIGIT ZERO) -> U+0030 (DIGIT ZERO)
ð‘£¡	1	U+118E1 (WARANG CITI DIGIT ONE) -> U+0031 (DIGIT ONE)
ð‘£¢	2	U+118E2 (WARANG CITI DIGIT TWO) -> U+0032 (DIGIT TWO)
ð‘££	3	U+118E3 (WARANG CITI DIGIT THREE) -> U+0033 (DIGIT THREE)
ð‘£¤	4	U+118E4 (WARANG CITI DIGIT FOUR) -> U+0034 (DIGIT FOUR)
ð‘£¥	5	U+118E5 (WARANG CITI DIGIT FIVE) -> U+0035 (DIGIT FIVE)
ð‘£¦	6	U+118E6 (WARANG CITI DIGIT SIX) -> U+0036 (DIGIT SIX)
ð‘£§	7	U+118E7 (WARANG CITI DIGIT SEVEN) -> U+0037 (DIGIT SEVEN)
ð‘£¨	8	U+118E8 (WARANG CITI DIGIT EIGHT) -> U+0038 (DIGIT EIGHT)
ð‘£©	9	U+118E9 (WARANG CITI DIGIT NINE) -> U+0039 (DIGIT NINE)
ð‘±	0	U+11C50 (BHAIKSUKI DIGIT ZERO) -> U+0030 (DIGIT ZERO)
ð‘±‘	1	U+11C51 (BHAIKSUKI DIGIT ONE) -> U+0031 (DIGIT ONE)
ð‘±’	2	U+11C52 (BHAIKSUKI DIGIT TWO) -> U+0032 (DIGIT TWO)
ð‘±“	3	U+11C53 (BHAIKSUKI DIGIT THREE) -> U+0033 (DIGIT THREE)
ð‘±”	4	U+11C54 (BHAIKSUKI DIGIT FOUR) -> U+0034 (DIGIT FOUR)
ð‘±•	5	U+11C55 (BHAIKSUKI DIGIT FIVE) -> U+0035 (DIGIT FIVE)
ð‘±–	6	U+11C56 (BHAIKSUKI DIGIT SIX) -> U+0036 (DIGIT SIX)
ð‘±—	7	U+11C57 (BHAIKSUKI DIGIT SEVEN) -> U+0037 (DIGIT SEVEN)
ð‘±˜	8	U+11C58 (BHAIKSUKI DIGIT EIGHT) -> U+0038 (DIGIT EIGHT)
ð‘±™	9	U+11C59 (BHAIKSUKI DIGIT NINE) -> U+0039 (DIGIT NINE)
ð‘µ	0	U+11D50 (MASARAM GONDI DIGIT ZERO) -> U+0030 (DIGIT ZERO)
ð‘µ‘	1	U+11D51 (MASARAM GONDI DIGIT ONE) -> U+0031 (DIGIT ONE)
ð‘µ’	2	U+11D52 (MASARAM GONDI DIGIT TWO) -> U+0032 (DIGIT TWO)
ð‘µ“	3	U+11D53 (MASARAM GONDI DIGIT THREE) -> U+0033 (DIGIT THREE)
ð‘µ”	4	U+11D54 (MASARAM GONDI DIGIT FOUR) -> U+0034 (DIGIT FOUR)
ð‘µ•	5	U+11D55 (MASARAM GONDI DIGIT FIVE) -> U+0035 (DIGIT FIVE)
ð‘µ–	6	U+11D56 (MASARAM GONDI DIGIT SIX) -> U+0036 (DIGIT SIX)
ð‘µ—	7	U+11D57 (MASARAM GONDI DIGIT SEVEN) -> U+0037 (DIGIT SEVEN)
ð‘µ˜	8	U+11D58 (MASARAM GONDI DIGIT EIGHT) -> U+0038 (DIGIT EIGHT)
ð‘µ™	9	U+11D59 (MASARAM GONDI DIGIT NINE) -> U+0039 (DIGIT NINE)
ð‘¶ 	0	U+11DA0 (GUNJALA GONDI DIGIT ZERO) -> U+0030 (DIGIT ZERO)
ð‘¶¡	1	U+11DA1 (GUNJALA GONDI DIGIT ONE) -> U+0031 (DIGIT ONE)
ð‘¶¢	2	U+11DA2 (GUNJALA GONDI DIGIT TWO) -> U+0032 (DIGIT TWO)
ð‘¶£	3	U+11DA3 (GUNJALA GONDI DIGIT THREE) -> U+0033 (DIGIT THREE)
ð‘¶¤	4	U+11DA4 (GUNJALA GONDI DIGIT FOUR) -> U+0034 (DIGIT FOUR)
ð‘¶¥	5	U+11DA5 (GUNJALA GONDI DIGIT FIVE) -> U+0035 (DIGIT FIVE)
ð‘¶¦	6	U+11DA6 (GUNJALA GONDI DIGIT SIX) -> U+0036 (DIGIT SIX)
ð‘¶§	7	U+11DA7 (GUNJALA GONDI DIGIT SEVEN) -> U+0037 (DIGIT SEVEN)
ð‘¶¨	8	U+11DA8 (GUNJALA GONDI DIGIT EIGHT) -> U+0038 (DIGIT EIGHT)
ð‘¶©	9	U+11DA9 (GUNJALA GONDI DIGIT NINE) -> U+0039 (DIGIT NINE)
ð–© 	0	U+16A60 (MRO DIGIT ZERO) -> U+0030 (DIGIT ZERO)
ð–©¡	1	U+16A61 (MRO DIGIT ONE) -> U+0031 (DIGIT ONE)
ð–©¢	2	U+16A62 (MRO DIGIT TWO) -> U+0032 (DIGIT TWO)
ð–©£	3	U+16A63 (MRO DIGIT THREE) -> U+0033 (DIGIT THREE)
ð–©¤	4	U+16A64 (MRO DIGIT FOUR) -> U+0034 (DIGIT FOUR)
ð–©¥	5	U+16A65 (MRO DIGIT FIVE) -> U+0035 (DIGIT FIVE)
ð–©¦	6	U+16A66 (MRO DIGIT SIX) -> U+0036 (DIGIT SIX)
ð–©§	7	U+16A67 (MRO DIGIT SEVEN) -> U+0037 (DIGIT SEVEN)
ð–©¨	8	U+16A68 (MRO DIGIT EIGHT) -> U+0038 (DIGIT EIGHT)
ð–©©	9	U+16A69 (MRO DIGIT NINE) -> U+0039 (DIGIT NINE)
ð–­	0	U+16B50 (PAHAWH HMONG DIGIT ZERO) -> U+0030 (DIGIT ZERO)
ð–­‘	1	U+16B51 (PAHAWH HMONG DIGIT ONE) -> U+0031 (DIGIT ONE)
ð–­’	2	U+16B52 (PAHAWH HMONG DIGIT TWO) -> U+0032 (DIGIT TWO)
ð–­“	3	U+16B53 (PAHAWH HMONG DIGIT THREE) -> U+0033 (DIGIT THREE)
ð–­”	4	U+16B54 (PAHAWH HMONG DIGIT FOUR) -> U+0034 (DIGIT FOUR)
ð–­•	5	U+16B55 (PAHAWH HMONG DIGIT FIVE) -> U+0035 (DIGIT FIVE)
ð–­–	6	U+16B56 (PAHAWH HMONG DIGIT SIX) -> U+0036 (DIGIT SIX)
ð–­—	7	U+16B57 (PAHAWH HMONG DIGIT SEVEN) -> U+0037 (DIGIT SEVEN)
ð–­˜	8	U+16B58 (PAHAWH HMONG DIGIT EIGHT) -> U+0038 (DIGIT EIGHT)
ð–­™	9	U+16B59 (PAHAWH HMONG DIGIT NINE) -> U+0039 (DIGIT NINE)
ðž¥	0	U+1E950 (ADLAM DIGIT ZERO) -> U+0030 (DIGIT ZERO)
ðž¥‘	1	U+1E951 (ADLAM DIGIT ONE) -> U+0031 (DIGIT ONE)
ðž¥’	2	U+1E952 (ADLAM DIGIT TWO) -> U+0032 (DIGIT TWO)
ðž¥“	3	U+1E953 (ADLAM DIGIT THREE) -> U+0033 (DIGIT THREE)
ðž¥”	4	U+1E954 (ADLAM DIGIT FOUR) -> U+0034 (DIGIT FOUR)
ðž¥•	5	U+1E955 (ADLAM DIGIT FIVE) -> U+0035 (DIGIT FIVE)
ðž¥–	6	U+1E956 (ADLAM DIGIT SIX) -> U+0036 (DIGIT SIX)
ðž¥—	7	U+1E957 (ADLAM DIGIT SEVEN) -> U+0037 (DIGIT SEVEN)
ðž¥˜	8	U+1E958 (ADLAM DIGIT EIGHT) -> U+0038 (DIGIT EIGHT)
ðž¥™	9	U+1E959 (ADLAM DIGIT NINE) -> U+0039 (DIGIT NINE)
