MapFromString	MapToString	Comment # File CoreCompatibilityMappingAnnotated.tsv, automatically generated by script wildebeest_build.py (Ulf Hermjakob, USC/ISI) based on UnicodeData on Oct 18, 2020, 17:54:45
‡∏≥	‡πç‡∏≤	U+0E33 (THAI CHARACTER SARA AM) -> U+0E4D (THAI CHARACTER NIKHAHIT) U+0E32 (THAI CHARACTER SARA AA)
‡∫≥	‡ªç‡∫≤	U+0EB3 (LAO VOWEL SIGN AM) -> U+0ECD (LAO NIGGAHITA) U+0EB2 (LAO VOWEL SIGN AA)
‡ªú	‡∫´‡∫ô	U+0EDC (LAO HO NO) -> U+0EAB (LAO LETTER HO SUNG) U+0E99 (LAO LETTER NO)
‡ªù	‡∫´‡∫°	U+0EDD (LAO HO MO) -> U+0EAB (LAO LETTER HO SUNG) U+0EA1 (LAO LETTER MO)
‡Ω≥	‡Ω±‡Ω≤	U+0F73 (TIBETAN VOWEL SIGN II) -> U+0F71 (TIBETAN VOWEL SIGN AA) U+0F72 (TIBETAN VOWEL SIGN I)
‡Ωµ	‡Ω±‡Ω¥	U+0F75 (TIBETAN VOWEL SIGN UU) -> U+0F71 (TIBETAN VOWEL SIGN AA) U+0F74 (TIBETAN VOWEL SIGN U)
‡Ω∂	‡æ≤‡æÄ	U+0F76 (TIBETAN VOWEL SIGN VOCALIC R) -> U+0FB2 (TIBETAN SUBJOINED LETTER RA) U+0F80 (TIBETAN VOWEL SIGN REVERSED I)
‡Ω∑	‡æ≤‡Ω±‡æÄ	U+0F77 (TIBETAN VOWEL SIGN VOCALIC RR) -> U+0FB2 (TIBETAN SUBJOINED LETTER RA) U+0F71 (TIBETAN VOWEL SIGN AA) U+0F80 (TIBETAN VOWEL SIGN REVERSED I)
‡Ω∏	‡æ≥‡æÄ	U+0F78 (TIBETAN VOWEL SIGN VOCALIC L) -> U+0FB3 (TIBETAN SUBJOINED LETTER LA) U+0F80 (TIBETAN VOWEL SIGN REVERSED I)
‡Ωπ	‡æ≥‡Ω±‡æÄ	U+0F79 (TIBETAN VOWEL SIGN VOCALIC LL) -> U+0FB3 (TIBETAN SUBJOINED LETTER LA) U+0F71 (TIBETAN VOWEL SIGN AA) U+0F80 (TIBETAN VOWEL SIGN REVERSED I)
‡æÅ	‡Ω±‡æÄ	U+0F81 (TIBETAN VOWEL SIGN REVERSED II) -> U+0F71 (TIBETAN VOWEL SIGN AA) U+0F80 (TIBETAN VOWEL SIGN REVERSED I)
‚Äë	-	U+2011 (NON-BREAKING HYPHEN) -> U+002D (HYPHEN-MINUS)   NFKC-ref: ‚Äê
‚Ä§	.	U+2024 (ONE DOT LEADER) -> U+002E (FULL STOP)
‚Ä•	..	U+2025 (TWO DOT LEADER) -> U+002E (FULL STOP) U+002E (FULL STOP)
‚Ä¶	...	U+2026 (HORIZONTAL ELLIPSIS) -> U+002E (FULL STOP) U+002E (FULL STOP) U+002E (FULL STOP)
‚Ä≥	‚Ä≤‚Ä≤	U+2033 (DOUBLE PRIME) -> U+2032 (PRIME) U+2032 (PRIME)
‚Ä¥	‚Ä≤‚Ä≤‚Ä≤	U+2034 (TRIPLE PRIME) -> U+2032 (PRIME) U+2032 (PRIME) U+2032 (PRIME)
‚Ä∂	‚Äµ‚Äµ	U+2036 (REVERSED DOUBLE PRIME) -> U+2035 (REVERSED PRIME) U+2035 (REVERSED PRIME)
‚Ä∑	‚Äµ‚Äµ‚Äµ	U+2037 (REVERSED TRIPLE PRIME) -> U+2035 (REVERSED PRIME) U+2035 (REVERSED PRIME) U+2035 (REVERSED PRIME)
‚Äº	!!	U+203C (DOUBLE EXCLAMATION MARK) -> U+0021 (EXCLAMATION MARK) U+0021 (EXCLAMATION MARK)
‚Åá	??	U+2047 (DOUBLE QUESTION MARK) -> U+003F (QUESTION MARK) U+003F (QUESTION MARK)
‚Åà	?!	U+2048 (QUESTION EXCLAMATION MARK) -> U+003F (QUESTION MARK) U+0021 (EXCLAMATION MARK)
‚Åâ	!?	U+2049 (EXCLAMATION QUESTION MARK) -> U+0021 (EXCLAMATION MARK) U+003F (QUESTION MARK)
‚Åó	‚Ä≤‚Ä≤‚Ä≤‚Ä≤	U+2057 (QUADRUPLE PRIME) -> U+2032 (PRIME) U+2032 (PRIME) U+2032 (PRIME) U+2032 (PRIME)
‚Ö†	I	U+2160 (ROMAN NUMERAL ONE) -> U+0049 (LATIN CAPITAL LETTER I)
‚Ö°	II	U+2161 (ROMAN NUMERAL TWO) -> U+0049 (LATIN CAPITAL LETTER I) U+0049 (LATIN CAPITAL LETTER I)
‚Ö¢	III	U+2162 (ROMAN NUMERAL THREE) -> U+0049 (LATIN CAPITAL LETTER I) U+0049 (LATIN CAPITAL LETTER I) U+0049 (LATIN CAPITAL LETTER I)
‚Ö£	IV	U+2163 (ROMAN NUMERAL FOUR) -> U+0049 (LATIN CAPITAL LETTER I) U+0056 (LATIN CAPITAL LETTER V)
‚Ö§	V	U+2164 (ROMAN NUMERAL FIVE) -> U+0056 (LATIN CAPITAL LETTER V)
‚Ö•	VI	U+2165 (ROMAN NUMERAL SIX) -> U+0056 (LATIN CAPITAL LETTER V) U+0049 (LATIN CAPITAL LETTER I)
‚Ö¶	VII	U+2166 (ROMAN NUMERAL SEVEN) -> U+0056 (LATIN CAPITAL LETTER V) U+0049 (LATIN CAPITAL LETTER I) U+0049 (LATIN CAPITAL LETTER I)
‚Öß	VIII	U+2167 (ROMAN NUMERAL EIGHT) -> U+0056 (LATIN CAPITAL LETTER V) U+0049 (LATIN CAPITAL LETTER I) U+0049 (LATIN CAPITAL LETTER I) U+0049 (LATIN CAPITAL LETTER I)
‚Ö®	IX	U+2168 (ROMAN NUMERAL NINE) -> U+0049 (LATIN CAPITAL LETTER I) U+0058 (LATIN CAPITAL LETTER X)
‚Ö©	X	U+2169 (ROMAN NUMERAL TEN) -> U+0058 (LATIN CAPITAL LETTER X)
‚Ö™	XI	U+216A (ROMAN NUMERAL ELEVEN) -> U+0058 (LATIN CAPITAL LETTER X) U+0049 (LATIN CAPITAL LETTER I)
‚Ö´	XII	U+216B (ROMAN NUMERAL TWELVE) -> U+0058 (LATIN CAPITAL LETTER X) U+0049 (LATIN CAPITAL LETTER I) U+0049 (LATIN CAPITAL LETTER I)
‚Ö¨	L	U+216C (ROMAN NUMERAL FIFTY) -> U+004C (LATIN CAPITAL LETTER L)
‚Ö≠	C	U+216D (ROMAN NUMERAL ONE HUNDRED) -> U+0043 (LATIN CAPITAL LETTER C)
‚ÖÆ	D	U+216E (ROMAN NUMERAL FIVE HUNDRED) -> U+0044 (LATIN CAPITAL LETTER D)
‚ÖØ	M	U+216F (ROMAN NUMERAL ONE THOUSAND) -> U+004D (LATIN CAPITAL LETTER M)
‚Ö∞	i	U+2170 (SMALL ROMAN NUMERAL ONE) -> U+0069 (LATIN SMALL LETTER I)
‚Ö±	ii	U+2171 (SMALL ROMAN NUMERAL TWO) -> U+0069 (LATIN SMALL LETTER I) U+0069 (LATIN SMALL LETTER I)
‚Ö≤	iii	U+2172 (SMALL ROMAN NUMERAL THREE) -> U+0069 (LATIN SMALL LETTER I) U+0069 (LATIN SMALL LETTER I) U+0069 (LATIN SMALL LETTER I)
‚Ö≥	iv	U+2173 (SMALL ROMAN NUMERAL FOUR) -> U+0069 (LATIN SMALL LETTER I) U+0076 (LATIN SMALL LETTER V)
‚Ö¥	v	U+2174 (SMALL ROMAN NUMERAL FIVE) -> U+0076 (LATIN SMALL LETTER V)
‚Öµ	vi	U+2175 (SMALL ROMAN NUMERAL SIX) -> U+0076 (LATIN SMALL LETTER V) U+0069 (LATIN SMALL LETTER I)
‚Ö∂	vii	U+2176 (SMALL ROMAN NUMERAL SEVEN) -> U+0076 (LATIN SMALL LETTER V) U+0069 (LATIN SMALL LETTER I) U+0069 (LATIN SMALL LETTER I)
‚Ö∑	viii	U+2177 (SMALL ROMAN NUMERAL EIGHT) -> U+0076 (LATIN SMALL LETTER V) U+0069 (LATIN SMALL LETTER I) U+0069 (LATIN SMALL LETTER I) U+0069 (LATIN SMALL LETTER I)
‚Ö∏	ix	U+2178 (SMALL ROMAN NUMERAL NINE) -> U+0069 (LATIN SMALL LETTER I) U+0078 (LATIN SMALL LETTER X)
‚Öπ	x	U+2179 (SMALL ROMAN NUMERAL TEN) -> U+0078 (LATIN SMALL LETTER X)
‚Ö∫	xi	U+217A (SMALL ROMAN NUMERAL ELEVEN) -> U+0078 (LATIN SMALL LETTER X) U+0069 (LATIN SMALL LETTER I)
‚Öª	xii	U+217B (SMALL ROMAN NUMERAL TWELVE) -> U+0078 (LATIN SMALL LETTER X) U+0069 (LATIN SMALL LETTER I) U+0069 (LATIN SMALL LETTER I)
‚Öº	l	U+217C (SMALL ROMAN NUMERAL FIFTY) -> U+006C (LATIN SMALL LETTER L)
‚ÖΩ	c	U+217D (SMALL ROMAN NUMERAL ONE HUNDRED) -> U+0063 (LATIN SMALL LETTER C)
‚Öæ	d	U+217E (SMALL ROMAN NUMERAL FIVE HUNDRED) -> U+0064 (LATIN SMALL LETTER D)
‚Öø	m	U+217F (SMALL ROMAN NUMERAL ONE THOUSAND) -> U+006D (LATIN SMALL LETTER M)
‚à¨	‚à´‚à´	U+222C (DOUBLE INTEGRAL) -> U+222B (INTEGRAL) U+222B (INTEGRAL)
‚à≠	‚à´‚à´‚à´	U+222D (TRIPLE INTEGRAL) -> U+222B (INTEGRAL) U+222B (INTEGRAL) U+222B (INTEGRAL)
‚àØ	‚àÆ‚àÆ	U+222F (SURFACE INTEGRAL) -> U+222E (CONTOUR INTEGRAL) U+222E (CONTOUR INTEGRAL)
‚à∞	‚àÆ‚àÆ‚àÆ	U+2230 (VOLUME INTEGRAL) -> U+222E (CONTOUR INTEGRAL) U+222E (CONTOUR INTEGRAL) U+222E (CONTOUR INTEGRAL)
‚å©	<	U+2329 (LEFT-POINTING ANGLE BRACKET) -> U+003C (LESS-THAN SIGN)   NFKC-ref: „Äà
‚å™	>	U+232A (RIGHT-POINTING ANGLE BRACKET) -> U+003E (GREATER-THAN SIGN)   NFKC-ref: „Äâ
‚íà	1.	U+2488 (DIGIT ONE FULL STOP) -> U+0031 (DIGIT ONE) U+002E (FULL STOP)
‚íâ	2.	U+2489 (DIGIT TWO FULL STOP) -> U+0032 (DIGIT TWO) U+002E (FULL STOP)
‚íä	3.	U+248A (DIGIT THREE FULL STOP) -> U+0033 (DIGIT THREE) U+002E (FULL STOP)
‚íã	4.	U+248B (DIGIT FOUR FULL STOP) -> U+0034 (DIGIT FOUR) U+002E (FULL STOP)
‚íå	5.	U+248C (DIGIT FIVE FULL STOP) -> U+0035 (DIGIT FIVE) U+002E (FULL STOP)
‚íç	6.	U+248D (DIGIT SIX FULL STOP) -> U+0036 (DIGIT SIX) U+002E (FULL STOP)
‚íé	7.	U+248E (DIGIT SEVEN FULL STOP) -> U+0037 (DIGIT SEVEN) U+002E (FULL STOP)
‚íè	8.	U+248F (DIGIT EIGHT FULL STOP) -> U+0038 (DIGIT EIGHT) U+002E (FULL STOP)
‚íê	9.	U+2490 (DIGIT NINE FULL STOP) -> U+0039 (DIGIT NINE) U+002E (FULL STOP)
‚íë	10.	U+2491 (NUMBER TEN FULL STOP) -> U+0031 (DIGIT ONE) U+0030 (DIGIT ZERO) U+002E (FULL STOP)
‚íí	11.	U+2492 (NUMBER ELEVEN FULL STOP) -> U+0031 (DIGIT ONE) U+0031 (DIGIT ONE) U+002E (FULL STOP)
‚íì	12.	U+2493 (NUMBER TWELVE FULL STOP) -> U+0031 (DIGIT ONE) U+0032 (DIGIT TWO) U+002E (FULL STOP)
‚íî	13.	U+2494 (NUMBER THIRTEEN FULL STOP) -> U+0031 (DIGIT ONE) U+0033 (DIGIT THREE) U+002E (FULL STOP)
‚íï	14.	U+2495 (NUMBER FOURTEEN FULL STOP) -> U+0031 (DIGIT ONE) U+0034 (DIGIT FOUR) U+002E (FULL STOP)
‚íñ	15.	U+2496 (NUMBER FIFTEEN FULL STOP) -> U+0031 (DIGIT ONE) U+0035 (DIGIT FIVE) U+002E (FULL STOP)
‚íó	16.	U+2497 (NUMBER SIXTEEN FULL STOP) -> U+0031 (DIGIT ONE) U+0036 (DIGIT SIX) U+002E (FULL STOP)
‚íò	17.	U+2498 (NUMBER SEVENTEEN FULL STOP) -> U+0031 (DIGIT ONE) U+0037 (DIGIT SEVEN) U+002E (FULL STOP)
‚íô	18.	U+2499 (NUMBER EIGHTEEN FULL STOP) -> U+0031 (DIGIT ONE) U+0038 (DIGIT EIGHT) U+002E (FULL STOP)
‚íö	19.	U+249A (NUMBER NINETEEN FULL STOP) -> U+0031 (DIGIT ONE) U+0039 (DIGIT NINE) U+002E (FULL STOP)
‚íõ	20.	U+249B (NUMBER TWENTY FULL STOP) -> U+0032 (DIGIT TWO) U+0030 (DIGIT ZERO) U+002E (FULL STOP)
‚®å	‚à´‚à´‚à´‚à´	U+2A0C (QUADRUPLE INTEGRAL OPERATOR) -> U+222B (INTEGRAL) U+222B (INTEGRAL) U+222B (INTEGRAL) U+222B (INTEGRAL)
‚©¥	::=	U+2A74 (DOUBLE COLON EQUAL) -> U+003A (COLON) U+003A (COLON) U+003D (EQUALS SIGN)
‚©µ	==	U+2A75 (TWO CONSECUTIVE EQUALS SIGNS) -> U+003D (EQUALS SIGN) U+003D (EQUALS SIGN)
‚©∂	===	U+2A76 (THREE CONSECUTIVE EQUALS SIGNS) -> U+003D (EQUALS SIGN) U+003D (EQUALS SIGN) U+003D (EQUALS SIGN)
„Ñ±	·ÑÄ	U+3131 (HANGUL LETTER KIYEOK) -> U+1100 (HANGUL CHOSEONG KIYEOK)
„Ñ≤	·ÑÅ	U+3132 (HANGUL LETTER SSANGKIYEOK) -> U+1101 (HANGUL CHOSEONG SSANGKIYEOK)
„Ñ≥	·Ü™	U+3133 (HANGUL LETTER KIYEOK-SIOS) -> U+11AA (HANGUL JONGSEONG KIYEOK-SIOS)
„Ñ¥	·ÑÇ	U+3134 (HANGUL LETTER NIEUN) -> U+1102 (HANGUL CHOSEONG NIEUN)
„Ñµ	·Ü¨	U+3135 (HANGUL LETTER NIEUN-CIEUC) -> U+11AC (HANGUL JONGSEONG NIEUN-CIEUC)
„Ñ∂	·Ü≠	U+3136 (HANGUL LETTER NIEUN-HIEUH) -> U+11AD (HANGUL JONGSEONG NIEUN-HIEUH)
„Ñ∑	·ÑÉ	U+3137 (HANGUL LETTER TIKEUT) -> U+1103 (HANGUL CHOSEONG TIKEUT)
„Ñ∏	·ÑÑ	U+3138 (HANGUL LETTER SSANGTIKEUT) -> U+1104 (HANGUL CHOSEONG SSANGTIKEUT)
„Ñπ	·ÑÖ	U+3139 (HANGUL LETTER RIEUL) -> U+1105 (HANGUL CHOSEONG RIEUL)
„Ñ∫	·Ü∞	U+313A (HANGUL LETTER RIEUL-KIYEOK) -> U+11B0 (HANGUL JONGSEONG RIEUL-KIYEOK)
„Ñª	·Ü±	U+313B (HANGUL LETTER RIEUL-MIEUM) -> U+11B1 (HANGUL JONGSEONG RIEUL-MIEUM)
„Ñº	·Ü≤	U+313C (HANGUL LETTER RIEUL-PIEUP) -> U+11B2 (HANGUL JONGSEONG RIEUL-PIEUP)
„ÑΩ	·Ü≥	U+313D (HANGUL LETTER RIEUL-SIOS) -> U+11B3 (HANGUL JONGSEONG RIEUL-SIOS)
„Ñæ	·Ü¥	U+313E (HANGUL LETTER RIEUL-THIEUTH) -> U+11B4 (HANGUL JONGSEONG RIEUL-THIEUTH)
„Ñø	·Üµ	U+313F (HANGUL LETTER RIEUL-PHIEUPH) -> U+11B5 (HANGUL JONGSEONG RIEUL-PHIEUPH)
„ÖÄ	·Ñö	U+3140 (HANGUL LETTER RIEUL-HIEUH) -> U+111A (HANGUL CHOSEONG RIEUL-HIEUH)
„ÖÅ	·ÑÜ	U+3141 (HANGUL LETTER MIEUM) -> U+1106 (HANGUL CHOSEONG MIEUM)
„ÖÇ	·Ñá	U+3142 (HANGUL LETTER PIEUP) -> U+1107 (HANGUL CHOSEONG PIEUP)
„ÖÉ	·Ñà	U+3143 (HANGUL LETTER SSANGPIEUP) -> U+1108 (HANGUL CHOSEONG SSANGPIEUP)
„ÖÑ	·Ñ°	U+3144 (HANGUL LETTER PIEUP-SIOS) -> U+1121 (HANGUL CHOSEONG PIEUP-SIOS)
„ÖÖ	·Ñâ	U+3145 (HANGUL LETTER SIOS) -> U+1109 (HANGUL CHOSEONG SIOS)
„ÖÜ	·Ñä	U+3146 (HANGUL LETTER SSANGSIOS) -> U+110A (HANGUL CHOSEONG SSANGSIOS)
„Öá	·Ñã	U+3147 (HANGUL LETTER IEUNG) -> U+110B (HANGUL CHOSEONG IEUNG)
„Öà	·Ñå	U+3148 (HANGUL LETTER CIEUC) -> U+110C (HANGUL CHOSEONG CIEUC)
„Öâ	·Ñç	U+3149 (HANGUL LETTER SSANGCIEUC) -> U+110D (HANGUL CHOSEONG SSANGCIEUC)
„Öä	·Ñé	U+314A (HANGUL LETTER CHIEUCH) -> U+110E (HANGUL CHOSEONG CHIEUCH)
„Öã	·Ñè	U+314B (HANGUL LETTER KHIEUKH) -> U+110F (HANGUL CHOSEONG KHIEUKH)
„Öå	·Ñê	U+314C (HANGUL LETTER THIEUTH) -> U+1110 (HANGUL CHOSEONG THIEUTH)
„Öç	·Ñë	U+314D (HANGUL LETTER PHIEUPH) -> U+1111 (HANGUL CHOSEONG PHIEUPH)
„Öé	·Ñí	U+314E (HANGUL LETTER HIEUH) -> U+1112 (HANGUL CHOSEONG HIEUH)
„Öè	·Ö°	U+314F (HANGUL LETTER A) -> U+1161 (HANGUL JUNGSEONG A)
„Öê	·Ö¢	U+3150 (HANGUL LETTER AE) -> U+1162 (HANGUL JUNGSEONG AE)
„Öë	·Ö£	U+3151 (HANGUL LETTER YA) -> U+1163 (HANGUL JUNGSEONG YA)
„Öí	·Ö§	U+3152 (HANGUL LETTER YAE) -> U+1164 (HANGUL JUNGSEONG YAE)
„Öì	·Ö•	U+3153 (HANGUL LETTER EO) -> U+1165 (HANGUL JUNGSEONG EO)
„Öî	·Ö¶	U+3154 (HANGUL LETTER E) -> U+1166 (HANGUL JUNGSEONG E)
„Öï	·Öß	U+3155 (HANGUL LETTER YEO) -> U+1167 (HANGUL JUNGSEONG YEO)
„Öñ	·Ö®	U+3156 (HANGUL LETTER YE) -> U+1168 (HANGUL JUNGSEONG YE)
„Öó	·Ö©	U+3157 (HANGUL LETTER O) -> U+1169 (HANGUL JUNGSEONG O)
„Öò	·Ö™	U+3158 (HANGUL LETTER WA) -> U+116A (HANGUL JUNGSEONG WA)
„Öô	·Ö´	U+3159 (HANGUL LETTER WAE) -> U+116B (HANGUL JUNGSEONG WAE)
„Öö	·Ö¨	U+315A (HANGUL LETTER OE) -> U+116C (HANGUL JUNGSEONG OE)
„Öõ	·Ö≠	U+315B (HANGUL LETTER YO) -> U+116D (HANGUL JUNGSEONG YO)
„Öú	·ÖÆ	U+315C (HANGUL LETTER U) -> U+116E (HANGUL JUNGSEONG U)
„Öù	·ÖØ	U+315D (HANGUL LETTER WEO) -> U+116F (HANGUL JUNGSEONG WEO)
„Öû	·Ö∞	U+315E (HANGUL LETTER WE) -> U+1170 (HANGUL JUNGSEONG WE)
„Öü	·Ö±	U+315F (HANGUL LETTER WI) -> U+1171 (HANGUL JUNGSEONG WI)
„Ö†	·Ö≤	U+3160 (HANGUL LETTER YU) -> U+1172 (HANGUL JUNGSEONG YU)
„Ö°	·Ö≥	U+3161 (HANGUL LETTER EU) -> U+1173 (HANGUL JUNGSEONG EU)
„Ö¢	·Ö¥	U+3162 (HANGUL LETTER YI) -> U+1174 (HANGUL JUNGSEONG YI)
„Ö£	·Öµ	U+3163 (HANGUL LETTER I) -> U+1175 (HANGUL JUNGSEONG I)
„Ö§	·Ö†	U+3164 (HANGUL FILLER) -> U+1160 (HANGUL JUNGSEONG FILLER)
„Ö•	·Ñî	U+3165 (HANGUL LETTER SSANGNIEUN) -> U+1114 (HANGUL CHOSEONG SSANGNIEUN)
„Ö¶	·Ñï	U+3166 (HANGUL LETTER NIEUN-TIKEUT) -> U+1115 (HANGUL CHOSEONG NIEUN-TIKEUT)
„Öß	·áá	U+3167 (HANGUL LETTER NIEUN-SIOS) -> U+11C7 (HANGUL JONGSEONG NIEUN-SIOS)
„Ö®	·áà	U+3168 (HANGUL LETTER NIEUN-PANSIOS) -> U+11C8 (HANGUL JONGSEONG NIEUN-PANSIOS)
„Ö©	·áå	U+3169 (HANGUL LETTER RIEUL-KIYEOK-SIOS) -> U+11CC (HANGUL JONGSEONG RIEUL-KIYEOK-SIOS)
„Ö™	·áé	U+316A (HANGUL LETTER RIEUL-TIKEUT) -> U+11CE (HANGUL JONGSEONG RIEUL-TIKEUT)
„Ö´	·áì	U+316B (HANGUL LETTER RIEUL-PIEUP-SIOS) -> U+11D3 (HANGUL JONGSEONG RIEUL-PIEUP-SIOS)
„Ö¨	·áó	U+316C (HANGUL LETTER RIEUL-PANSIOS) -> U+11D7 (HANGUL JONGSEONG RIEUL-PANSIOS)
„Ö≠	·áô	U+316D (HANGUL LETTER RIEUL-YEORINHIEUH) -> U+11D9 (HANGUL JONGSEONG RIEUL-YEORINHIEUH)
„ÖÆ	·Ñú	U+316E (HANGUL LETTER MIEUM-PIEUP) -> U+111C (HANGUL CHOSEONG MIEUM-PIEUP)
„ÖØ	·áù	U+316F (HANGUL LETTER MIEUM-SIOS) -> U+11DD (HANGUL JONGSEONG MIEUM-SIOS)
„Ö∞	·áü	U+3170 (HANGUL LETTER MIEUM-PANSIOS) -> U+11DF (HANGUL JONGSEONG MIEUM-PANSIOS)
„Ö±	·Ñù	U+3171 (HANGUL LETTER KAPYEOUNMIEUM) -> U+111D (HANGUL CHOSEONG KAPYEOUNMIEUM)
„Ö≤	·Ñû	U+3172 (HANGUL LETTER PIEUP-KIYEOK) -> U+111E (HANGUL CHOSEONG PIEUP-KIYEOK)
„Ö≥	·Ñ†	U+3173 (HANGUL LETTER PIEUP-TIKEUT) -> U+1120 (HANGUL CHOSEONG PIEUP-TIKEUT)
„Ö¥	·Ñ¢	U+3174 (HANGUL LETTER PIEUP-SIOS-KIYEOK) -> U+1122 (HANGUL CHOSEONG PIEUP-SIOS-KIYEOK)
„Öµ	·Ñ£	U+3175 (HANGUL LETTER PIEUP-SIOS-TIKEUT) -> U+1123 (HANGUL CHOSEONG PIEUP-SIOS-TIKEUT)
„Ö∂	·Ñß	U+3176 (HANGUL LETTER PIEUP-CIEUC) -> U+1127 (HANGUL CHOSEONG PIEUP-CIEUC)
„Ö∑	·Ñ©	U+3177 (HANGUL LETTER PIEUP-THIEUTH) -> U+1129 (HANGUL CHOSEONG PIEUP-THIEUTH)
„Ö∏	·Ñ´	U+3178 (HANGUL LETTER KAPYEOUNPIEUP) -> U+112B (HANGUL CHOSEONG KAPYEOUNPIEUP)
„Öπ	·Ñ¨	U+3179 (HANGUL LETTER KAPYEOUNSSANGPIEUP) -> U+112C (HANGUL CHOSEONG KAPYEOUNSSANGPIEUP)
„Ö∫	·Ñ≠	U+317A (HANGUL LETTER SIOS-KIYEOK) -> U+112D (HANGUL CHOSEONG SIOS-KIYEOK)
„Öª	·ÑÆ	U+317B (HANGUL LETTER SIOS-NIEUN) -> U+112E (HANGUL CHOSEONG SIOS-NIEUN)
„Öº	·ÑØ	U+317C (HANGUL LETTER SIOS-TIKEUT) -> U+112F (HANGUL CHOSEONG SIOS-TIKEUT)
„ÖΩ	·Ñ≤	U+317D (HANGUL LETTER SIOS-PIEUP) -> U+1132 (HANGUL CHOSEONG SIOS-PIEUP)
„Öæ	·Ñ∂	U+317E (HANGUL LETTER SIOS-CIEUC) -> U+1136 (HANGUL CHOSEONG SIOS-CIEUC)
„Öø	·ÖÄ	U+317F (HANGUL LETTER PANSIOS) -> U+1140 (HANGUL CHOSEONG PANSIOS)
„ÜÄ	·Öá	U+3180 (HANGUL LETTER SSANGIEUNG) -> U+1147 (HANGUL CHOSEONG SSANGIEUNG)
„ÜÅ	·Öå	U+3181 (HANGUL LETTER YESIEUNG) -> U+114C (HANGUL CHOSEONG YESIEUNG)
„ÜÇ	·á±	U+3182 (HANGUL LETTER YESIEUNG-SIOS) -> U+11F1 (HANGUL JONGSEONG YESIEUNG-SIOS)
„ÜÉ	·á≤	U+3183 (HANGUL LETTER YESIEUNG-PANSIOS) -> U+11F2 (HANGUL JONGSEONG YESIEUNG-PANSIOS)
„ÜÑ	·Öó	U+3184 (HANGUL LETTER KAPYEOUNPHIEUPH) -> U+1157 (HANGUL CHOSEONG KAPYEOUNPHIEUPH)
„ÜÖ	·Öò	U+3185 (HANGUL LETTER SSANGHIEUH) -> U+1158 (HANGUL CHOSEONG SSANGHIEUH)
„ÜÜ	·Öô	U+3186 (HANGUL LETTER YEORINHIEUH) -> U+1159 (HANGUL CHOSEONG YEORINHIEUH)
„Üá	·ÜÑ	U+3187 (HANGUL LETTER YO-YA) -> U+1184 (HANGUL JUNGSEONG YO-YA)
„Üà	·ÜÖ	U+3188 (HANGUL LETTER YO-YAE) -> U+1185 (HANGUL JUNGSEONG YO-YAE)
„Üâ	·Üà	U+3189 (HANGUL LETTER YO-I) -> U+1188 (HANGUL JUNGSEONG YO-I)
„Üä	·Üë	U+318A (HANGUL LETTER YU-YEO) -> U+1191 (HANGUL JUNGSEONG YU-YEO)
„Üã	·Üí	U+318B (HANGUL LETTER YU-YE) -> U+1192 (HANGUL JUNGSEONG YU-YE)
„Üå	·Üî	U+318C (HANGUL LETTER YU-I) -> U+1194 (HANGUL JUNGSEONG YU-I)
„Üç	·Üû	U+318D (HANGUL LETTER ARAEA) -> U+119E (HANGUL JUNGSEONG ARAEA)
„Üé	·Ü°	U+318E (HANGUL LETTER ARAEAE) -> U+11A1 (HANGUL JUNGSEONG ARAEA-I)
üÑÄ	0.	U+1F100 (DIGIT ZERO FULL STOP) -> U+0030 (DIGIT ZERO) U+002E (FULL STOP)
üÑÅ	0,	U+1F101 (DIGIT ZERO COMMA) -> U+0030 (DIGIT ZERO) U+002C (COMMA)
üÑÇ	1,	U+1F102 (DIGIT ONE COMMA) -> U+0031 (DIGIT ONE) U+002C (COMMA)
üÑÉ	2,	U+1F103 (DIGIT TWO COMMA) -> U+0032 (DIGIT TWO) U+002C (COMMA)
üÑÑ	3,	U+1F104 (DIGIT THREE COMMA) -> U+0033 (DIGIT THREE) U+002C (COMMA)
üÑÖ	4,	U+1F105 (DIGIT FOUR COMMA) -> U+0034 (DIGIT FOUR) U+002C (COMMA)
üÑÜ	5,	U+1F106 (DIGIT FIVE COMMA) -> U+0035 (DIGIT FIVE) U+002C (COMMA)
üÑá	6,	U+1F107 (DIGIT SIX COMMA) -> U+0036 (DIGIT SIX) U+002C (COMMA)
üÑà	7,	U+1F108 (DIGIT SEVEN COMMA) -> U+0037 (DIGIT SEVEN) U+002C (COMMA)
üÑâ	8,	U+1F109 (DIGIT EIGHT COMMA) -> U+0038 (DIGIT EIGHT) U+002C (COMMA)
üÑä	9,	U+1F10A (DIGIT NINE COMMA) -> U+0039 (DIGIT NINE) U+002C (COMMA)
