MapFromString	MapToString	Comment # File EnclosureMappingAnnotated.tsv, automatically generated by script wildebeest_build.py (Ulf Hermjakob, USC/ISI) based on UnicodeData on Oct 18, 2020, 17:54:45
①	(1)	U+2460 (CIRCLED DIGIT ONE) -> U+0028 (LEFT PARENTHESIS) U+0031 (DIGIT ONE) U+0029 (RIGHT PARENTHESIS)   NFKC-ref: 1
②	(2)	U+2461 (CIRCLED DIGIT TWO) -> U+0028 (LEFT PARENTHESIS) U+0032 (DIGIT TWO) U+0029 (RIGHT PARENTHESIS)   NFKC-ref: 2
③	(3)	U+2462 (CIRCLED DIGIT THREE) -> U+0028 (LEFT PARENTHESIS) U+0033 (DIGIT THREE) U+0029 (RIGHT PARENTHESIS)   NFKC-ref: 3
④	(4)	U+2463 (CIRCLED DIGIT FOUR) -> U+0028 (LEFT PARENTHESIS) U+0034 (DIGIT FOUR) U+0029 (RIGHT PARENTHESIS)   NFKC-ref: 4
⑤	(5)	U+2464 (CIRCLED DIGIT FIVE) -> U+0028 (LEFT PARENTHESIS) U+0035 (DIGIT FIVE) U+0029 (RIGHT PARENTHESIS)   NFKC-ref: 5
⑥	(6)	U+2465 (CIRCLED DIGIT SIX) -> U+0028 (LEFT PARENTHESIS) U+0036 (DIGIT SIX) U+0029 (RIGHT PARENTHESIS)   NFKC-ref: 6
⑦	(7)	U+2466 (CIRCLED DIGIT SEVEN) -> U+0028 (LEFT PARENTHESIS) U+0037 (DIGIT SEVEN) U+0029 (RIGHT PARENTHESIS)   NFKC-ref: 7
⑧	(8)	U+2467 (CIRCLED DIGIT EIGHT) -> U+0028 (LEFT PARENTHESIS) U+0038 (DIGIT EIGHT) U+0029 (RIGHT PARENTHESIS)   NFKC-ref: 8
⑨	(9)	U+2468 (CIRCLED DIGIT NINE) -> U+0028 (LEFT PARENTHESIS) U+0039 (DIGIT NINE) U+0029 (RIGHT PARENTHESIS)   NFKC-ref: 9
⑩	(10)	U+2469 (CIRCLED NUMBER TEN) -> U+0028 (LEFT PARENTHESIS) U+0031 (DIGIT ONE) U+0030 (DIGIT ZERO) U+0029 (RIGHT PARENTHESIS)   NFKC-ref: 10
⑪	(11)	U+246A (CIRCLED NUMBER ELEVEN) -> U+0028 (LEFT PARENTHESIS) U+0031 (DIGIT ONE) U+0031 (DIGIT ONE) U+0029 (RIGHT PARENTHESIS)   NFKC-ref: 11
⑫	(12)	U+246B (CIRCLED NUMBER TWELVE) -> U+0028 (LEFT PARENTHESIS) U+0031 (DIGIT ONE) U+0032 (DIGIT TWO) U+0029 (RIGHT PARENTHESIS)   NFKC-ref: 12
⑬	(13)	U+246C (CIRCLED NUMBER THIRTEEN) -> U+0028 (LEFT PARENTHESIS) U+0031 (DIGIT ONE) U+0033 (DIGIT THREE) U+0029 (RIGHT PARENTHESIS)   NFKC-ref: 13
⑭	(14)	U+246D (CIRCLED NUMBER FOURTEEN) -> U+0028 (LEFT PARENTHESIS) U+0031 (DIGIT ONE) U+0034 (DIGIT FOUR) U+0029 (RIGHT PARENTHESIS)   NFKC-ref: 14
⑮	(15)	U+246E (CIRCLED NUMBER FIFTEEN) -> U+0028 (LEFT PARENTHESIS) U+0031 (DIGIT ONE) U+0035 (DIGIT FIVE) U+0029 (RIGHT PARENTHESIS)   NFKC-ref: 15
⑯	(16)	U+246F (CIRCLED NUMBER SIXTEEN) -> U+0028 (LEFT PARENTHESIS) U+0031 (DIGIT ONE) U+0036 (DIGIT SIX) U+0029 (RIGHT PARENTHESIS)   NFKC-ref: 16
⑰	(17)	U+2470 (CIRCLED NUMBER SEVENTEEN) -> U+0028 (LEFT PARENTHESIS) U+0031 (DIGIT ONE) U+0037 (DIGIT SEVEN) U+0029 (RIGHT PARENTHESIS)   NFKC-ref: 17
⑱	(18)	U+2471 (CIRCLED NUMBER EIGHTEEN) -> U+0028 (LEFT PARENTHESIS) U+0031 (DIGIT ONE) U+0038 (DIGIT EIGHT) U+0029 (RIGHT PARENTHESIS)   NFKC-ref: 18
⑲	(19)	U+2472 (CIRCLED NUMBER NINETEEN) -> U+0028 (LEFT PARENTHESIS) U+0031 (DIGIT ONE) U+0039 (DIGIT NINE) U+0029 (RIGHT PARENTHESIS)   NFKC-ref: 19
⑳	(20)	U+2473 (CIRCLED NUMBER TWENTY) -> U+0028 (LEFT PARENTHESIS) U+0032 (DIGIT TWO) U+0030 (DIGIT ZERO) U+0029 (RIGHT PARENTHESIS)   NFKC-ref: 20
⑴	(1)	U+2474 (PARENTHESIZED DIGIT ONE) -> U+0028 (LEFT PARENTHESIS) U+0031 (DIGIT ONE) U+0029 (RIGHT PARENTHESIS)
⑵	(2)	U+2475 (PARENTHESIZED DIGIT TWO) -> U+0028 (LEFT PARENTHESIS) U+0032 (DIGIT TWO) U+0029 (RIGHT PARENTHESIS)
⑶	(3)	U+2476 (PARENTHESIZED DIGIT THREE) -> U+0028 (LEFT PARENTHESIS) U+0033 (DIGIT THREE) U+0029 (RIGHT PARENTHESIS)
⑷	(4)	U+2477 (PARENTHESIZED DIGIT FOUR) -> U+0028 (LEFT PARENTHESIS) U+0034 (DIGIT FOUR) U+0029 (RIGHT PARENTHESIS)
⑸	(5)	U+2478 (PARENTHESIZED DIGIT FIVE) -> U+0028 (LEFT PARENTHESIS) U+0035 (DIGIT FIVE) U+0029 (RIGHT PARENTHESIS)
⑹	(6)	U+2479 (PARENTHESIZED DIGIT SIX) -> U+0028 (LEFT PARENTHESIS) U+0036 (DIGIT SIX) U+0029 (RIGHT PARENTHESIS)
⑺	(7)	U+247A (PARENTHESIZED DIGIT SEVEN) -> U+0028 (LEFT PARENTHESIS) U+0037 (DIGIT SEVEN) U+0029 (RIGHT PARENTHESIS)
⑻	(8)	U+247B (PARENTHESIZED DIGIT EIGHT) -> U+0028 (LEFT PARENTHESIS) U+0038 (DIGIT EIGHT) U+0029 (RIGHT PARENTHESIS)
⑼	(9)	U+247C (PARENTHESIZED DIGIT NINE) -> U+0028 (LEFT PARENTHESIS) U+0039 (DIGIT NINE) U+0029 (RIGHT PARENTHESIS)
⑽	(10)	U+247D (PARENTHESIZED NUMBER TEN) -> U+0028 (LEFT PARENTHESIS) U+0031 (DIGIT ONE) U+0030 (DIGIT ZERO) U+0029 (RIGHT PARENTHESIS)
⑾	(11)	U+247E (PARENTHESIZED NUMBER ELEVEN) -> U+0028 (LEFT PARENTHESIS) U+0031 (DIGIT ONE) U+0031 (DIGIT ONE) U+0029 (RIGHT PARENTHESIS)
⑿	(12)	U+247F (PARENTHESIZED NUMBER TWELVE) -> U+0028 (LEFT PARENTHESIS) U+0031 (DIGIT ONE) U+0032 (DIGIT TWO) U+0029 (RIGHT PARENTHESIS)
⒀	(13)	U+2480 (PARENTHESIZED NUMBER THIRTEEN) -> U+0028 (LEFT PARENTHESIS) U+0031 (DIGIT ONE) U+0033 (DIGIT THREE) U+0029 (RIGHT PARENTHESIS)
⒁	(14)	U+2481 (PARENTHESIZED NUMBER FOURTEEN) -> U+0028 (LEFT PARENTHESIS) U+0031 (DIGIT ONE) U+0034 (DIGIT FOUR) U+0029 (RIGHT PARENTHESIS)
⒂	(15)	U+2482 (PARENTHESIZED NUMBER FIFTEEN) -> U+0028 (LEFT PARENTHESIS) U+0031 (DIGIT ONE) U+0035 (DIGIT FIVE) U+0029 (RIGHT PARENTHESIS)
⒃	(16)	U+2483 (PARENTHESIZED NUMBER SIXTEEN) -> U+0028 (LEFT PARENTHESIS) U+0031 (DIGIT ONE) U+0036 (DIGIT SIX) U+0029 (RIGHT PARENTHESIS)
⒄	(17)	U+2484 (PARENTHESIZED NUMBER SEVENTEEN) -> U+0028 (LEFT PARENTHESIS) U+0031 (DIGIT ONE) U+0037 (DIGIT SEVEN) U+0029 (RIGHT PARENTHESIS)
⒅	(18)	U+2485 (PARENTHESIZED NUMBER EIGHTEEN) -> U+0028 (LEFT PARENTHESIS) U+0031 (DIGIT ONE) U+0038 (DIGIT EIGHT) U+0029 (RIGHT PARENTHESIS)
⒆	(19)	U+2486 (PARENTHESIZED NUMBER NINETEEN) -> U+0028 (LEFT PARENTHESIS) U+0031 (DIGIT ONE) U+0039 (DIGIT NINE) U+0029 (RIGHT PARENTHESIS)
⒇	(20)	U+2487 (PARENTHESIZED NUMBER TWENTY) -> U+0028 (LEFT PARENTHESIS) U+0032 (DIGIT TWO) U+0030 (DIGIT ZERO) U+0029 (RIGHT PARENTHESIS)
⒜	(a)	U+249C (PARENTHESIZED LATIN SMALL LETTER A) -> U+0028 (LEFT PARENTHESIS) U+0061 (LATIN SMALL LETTER A) U+0029 (RIGHT PARENTHESIS)
⒝	(b)	U+249D (PARENTHESIZED LATIN SMALL LETTER B) -> U+0028 (LEFT PARENTHESIS) U+0062 (LATIN SMALL LETTER B) U+0029 (RIGHT PARENTHESIS)
⒞	(c)	U+249E (PARENTHESIZED LATIN SMALL LETTER C) -> U+0028 (LEFT PARENTHESIS) U+0063 (LATIN SMALL LETTER C) U+0029 (RIGHT PARENTHESIS)
⒟	(d)	U+249F (PARENTHESIZED LATIN SMALL LETTER D) -> U+0028 (LEFT PARENTHESIS) U+0064 (LATIN SMALL LETTER D) U+0029 (RIGHT PARENTHESIS)
⒠	(e)	U+24A0 (PARENTHESIZED LATIN SMALL LETTER E) -> U+0028 (LEFT PARENTHESIS) U+0065 (LATIN SMALL LETTER E) U+0029 (RIGHT PARENTHESIS)
⒡	(f)	U+24A1 (PARENTHESIZED LATIN SMALL LETTER F) -> U+0028 (LEFT PARENTHESIS) U+0066 (LATIN SMALL LETTER F) U+0029 (RIGHT PARENTHESIS)
⒢	(g)	U+24A2 (PARENTHESIZED LATIN SMALL LETTER G) -> U+0028 (LEFT PARENTHESIS) U+0067 (LATIN SMALL LETTER G) U+0029 (RIGHT PARENTHESIS)
⒣	(h)	U+24A3 (PARENTHESIZED LATIN SMALL LETTER H) -> U+0028 (LEFT PARENTHESIS) U+0068 (LATIN SMALL LETTER H) U+0029 (RIGHT PARENTHESIS)
⒤	(i)	U+24A4 (PARENTHESIZED LATIN SMALL LETTER I) -> U+0028 (LEFT PARENTHESIS) U+0069 (LATIN SMALL LETTER I) U+0029 (RIGHT PARENTHESIS)
⒥	(j)	U+24A5 (PARENTHESIZED LATIN SMALL LETTER J) -> U+0028 (LEFT PARENTHESIS) U+006A (LATIN SMALL LETTER J) U+0029 (RIGHT PARENTHESIS)
⒦	(k)	U+24A6 (PARENTHESIZED LATIN SMALL LETTER K) -> U+0028 (LEFT PARENTHESIS) U+006B (LATIN SMALL LETTER K) U+0029 (RIGHT PARENTHESIS)
⒧	(l)	U+24A7 (PARENTHESIZED LATIN SMALL LETTER L) -> U+0028 (LEFT PARENTHESIS) U+006C (LATIN SMALL LETTER L) U+0029 (RIGHT PARENTHESIS)
⒨	(m)	U+24A8 (PARENTHESIZED LATIN SMALL LETTER M) -> U+0028 (LEFT PARENTHESIS) U+006D (LATIN SMALL LETTER M) U+0029 (RIGHT PARENTHESIS)
⒩	(n)	U+24A9 (PARENTHESIZED LATIN SMALL LETTER N) -> U+0028 (LEFT PARENTHESIS) U+006E (LATIN SMALL LETTER N) U+0029 (RIGHT PARENTHESIS)
⒪	(o)	U+24AA (PARENTHESIZED LATIN SMALL LETTER O) -> U+0028 (LEFT PARENTHESIS) U+006F (LATIN SMALL LETTER O) U+0029 (RIGHT PARENTHESIS)
⒫	(p)	U+24AB (PARENTHESIZED LATIN SMALL LETTER P) -> U+0028 (LEFT PARENTHESIS) U+0070 (LATIN SMALL LETTER P) U+0029 (RIGHT PARENTHESIS)
⒬	(q)	U+24AC (PARENTHESIZED LATIN SMALL LETTER Q) -> U+0028 (LEFT PARENTHESIS) U+0071 (LATIN SMALL LETTER Q) U+0029 (RIGHT PARENTHESIS)
⒭	(r)	U+24AD (PARENTHESIZED LATIN SMALL LETTER R) -> U+0028 (LEFT PARENTHESIS) U+0072 (LATIN SMALL LETTER R) U+0029 (RIGHT PARENTHESIS)
⒮	(s)	U+24AE (PARENTHESIZED LATIN SMALL LETTER S) -> U+0028 (LEFT PARENTHESIS) U+0073 (LATIN SMALL LETTER S) U+0029 (RIGHT PARENTHESIS)
⒯	(t)	U+24AF (PARENTHESIZED LATIN SMALL LETTER T) -> U+0028 (LEFT PARENTHESIS) U+0074 (LATIN SMALL LETTER T) U+0029 (RIGHT PARENTHESIS)
⒰	(u)	U+24B0 (PARENTHESIZED LATIN SMALL LETTER U) -> U+0028 (LEFT PARENTHESIS) U+0075 (LATIN SMALL LETTER U) U+0029 (RIGHT PARENTHESIS)
⒱	(v)	U+24B1 (PARENTHESIZED LATIN SMALL LETTER V) -> U+0028 (LEFT PARENTHESIS) U+0076 (LATIN SMALL LETTER V) U+0029 (RIGHT PARENTHESIS)
⒲	(w)	U+24B2 (PARENTHESIZED LATIN SMALL LETTER W) -> U+0028 (LEFT PARENTHESIS) U+0077 (LATIN SMALL LETTER W) U+0029 (RIGHT PARENTHESIS)
⒳	(x)	U+24B3 (PARENTHESIZED LATIN SMALL LETTER X) -> U+0028 (LEFT PARENTHESIS) U+0078 (LATIN SMALL LETTER X) U+0029 (RIGHT PARENTHESIS)
⒴	(y)	U+24B4 (PARENTHESIZED LATIN SMALL LETTER Y) -> U+0028 (LEFT PARENTHESIS) U+0079 (LATIN SMALL LETTER Y) U+0029 (RIGHT PARENTHESIS)
⒵	(z)	U+24B5 (PARENTHESIZED LATIN SMALL LETTER Z) -> U+0028 (LEFT PARENTHESIS) U+007A (LATIN SMALL LETTER Z) U+0029 (RIGHT PARENTHESIS)
Ⓐ	(A)	U+24B6 (CIRCLED LATIN CAPITAL LETTER A) -> U+0028 (LEFT PARENTHESIS) U+0041 (LATIN CAPITAL LETTER A) U+0029 (RIGHT PARENTHESIS)   NFKC-ref: A
Ⓑ	(B)	U+24B7 (CIRCLED LATIN CAPITAL LETTER B) -> U+0028 (LEFT PARENTHESIS) U+0042 (LATIN CAPITAL LETTER B) U+0029 (RIGHT PARENTHESIS)   NFKC-ref: B
Ⓒ	(C)	U+24B8 (CIRCLED LATIN CAPITAL LETTER C) -> U+0028 (LEFT PARENTHESIS) U+0043 (LATIN CAPITAL LETTER C) U+0029 (RIGHT PARENTHESIS)   NFKC-ref: C
Ⓓ	(D)	U+24B9 (CIRCLED LATIN CAPITAL LETTER D) -> U+0028 (LEFT PARENTHESIS) U+0044 (LATIN CAPITAL LETTER D) U+0029 (RIGHT PARENTHESIS)   NFKC-ref: D
Ⓔ	(E)	U+24BA (CIRCLED LATIN CAPITAL LETTER E) -> U+0028 (LEFT PARENTHESIS) U+0045 (LATIN CAPITAL LETTER E) U+0029 (RIGHT PARENTHESIS)   NFKC-ref: E
Ⓕ	(F)	U+24BB (CIRCLED LATIN CAPITAL LETTER F) -> U+0028 (LEFT PARENTHESIS) U+0046 (LATIN CAPITAL LETTER F) U+0029 (RIGHT PARENTHESIS)   NFKC-ref: F
Ⓖ	(G)	U+24BC (CIRCLED LATIN CAPITAL LETTER G) -> U+0028 (LEFT PARENTHESIS) U+0047 (LATIN CAPITAL LETTER G) U+0029 (RIGHT PARENTHESIS)   NFKC-ref: G
Ⓗ	(H)	U+24BD (CIRCLED LATIN CAPITAL LETTER H) -> U+0028 (LEFT PARENTHESIS) U+0048 (LATIN CAPITAL LETTER H) U+0029 (RIGHT PARENTHESIS)   NFKC-ref: H
Ⓘ	(I)	U+24BE (CIRCLED LATIN CAPITAL LETTER I) -> U+0028 (LEFT PARENTHESIS) U+0049 (LATIN CAPITAL LETTER I) U+0029 (RIGHT PARENTHESIS)   NFKC-ref: I
Ⓙ	(J)	U+24BF (CIRCLED LATIN CAPITAL LETTER J) -> U+0028 (LEFT PARENTHESIS) U+004A (LATIN CAPITAL LETTER J) U+0029 (RIGHT PARENTHESIS)   NFKC-ref: J
Ⓚ	(K)	U+24C0 (CIRCLED LATIN CAPITAL LETTER K) -> U+0028 (LEFT PARENTHESIS) U+004B (LATIN CAPITAL LETTER K) U+0029 (RIGHT PARENTHESIS)   NFKC-ref: K
Ⓛ	(L)	U+24C1 (CIRCLED LATIN CAPITAL LETTER L) -> U+0028 (LEFT PARENTHESIS) U+004C (LATIN CAPITAL LETTER L) U+0029 (RIGHT PARENTHESIS)   NFKC-ref: L
Ⓜ	(M)	U+24C2 (CIRCLED LATIN CAPITAL LETTER M) -> U+0028 (LEFT PARENTHESIS) U+004D (LATIN CAPITAL LETTER M) U+0029 (RIGHT PARENTHESIS)   NFKC-ref: M
Ⓝ	(N)	U+24C3 (CIRCLED LATIN CAPITAL LETTER N) -> U+0028 (LEFT PARENTHESIS) U+004E (LATIN CAPITAL LETTER N) U+0029 (RIGHT PARENTHESIS)   NFKC-ref: N
Ⓞ	(O)	U+24C4 (CIRCLED LATIN CAPITAL LETTER O) -> U+0028 (LEFT PARENTHESIS) U+004F (LATIN CAPITAL LETTER O) U+0029 (RIGHT PARENTHESIS)   NFKC-ref: O
Ⓟ	(P)	U+24C5 (CIRCLED LATIN CAPITAL LETTER P) -> U+0028 (LEFT PARENTHESIS) U+0050 (LATIN CAPITAL LETTER P) U+0029 (RIGHT PARENTHESIS)   NFKC-ref: P
Ⓠ	(Q)	U+24C6 (CIRCLED LATIN CAPITAL LETTER Q) -> U+0028 (LEFT PARENTHESIS) U+0051 (LATIN CAPITAL LETTER Q) U+0029 (RIGHT PARENTHESIS)   NFKC-ref: Q
Ⓡ	(R)	U+24C7 (CIRCLED LATIN CAPITAL LETTER R) -> U+0028 (LEFT PARENTHESIS) U+0052 (LATIN CAPITAL LETTER R) U+0029 (RIGHT PARENTHESIS)   NFKC-ref: R
Ⓢ	(S)	U+24C8 (CIRCLED LATIN CAPITAL LETTER S) -> U+0028 (LEFT PARENTHESIS) U+0053 (LATIN CAPITAL LETTER S) U+0029 (RIGHT PARENTHESIS)   NFKC-ref: S
Ⓣ	(T)	U+24C9 (CIRCLED LATIN CAPITAL LETTER T) -> U+0028 (LEFT PARENTHESIS) U+0054 (LATIN CAPITAL LETTER T) U+0029 (RIGHT PARENTHESIS)   NFKC-ref: T
Ⓤ	(U)	U+24CA (CIRCLED LATIN CAPITAL LETTER U) -> U+0028 (LEFT PARENTHESIS) U+0055 (LATIN CAPITAL LETTER U) U+0029 (RIGHT PARENTHESIS)   NFKC-ref: U
Ⓥ	(V)	U+24CB (CIRCLED LATIN CAPITAL LETTER V) -> U+0028 (LEFT PARENTHESIS) U+0056 (LATIN CAPITAL LETTER V) U+0029 (RIGHT PARENTHESIS)   NFKC-ref: V
Ⓦ	(W)	U+24CC (CIRCLED LATIN CAPITAL LETTER W) -> U+0028 (LEFT PARENTHESIS) U+0057 (LATIN CAPITAL LETTER W) U+0029 (RIGHT PARENTHESIS)   NFKC-ref: W
Ⓧ	(X)	U+24CD (CIRCLED LATIN CAPITAL LETTER X) -> U+0028 (LEFT PARENTHESIS) U+0058 (LATIN CAPITAL LETTER X) U+0029 (RIGHT PARENTHESIS)   NFKC-ref: X
Ⓨ	(Y)	U+24CE (CIRCLED LATIN CAPITAL LETTER Y) -> U+0028 (LEFT PARENTHESIS) U+0059 (LATIN CAPITAL LETTER Y) U+0029 (RIGHT PARENTHESIS)   NFKC-ref: Y
Ⓩ	(Z)	U+24CF (CIRCLED LATIN CAPITAL LETTER Z) -> U+0028 (LEFT PARENTHESIS) U+005A (LATIN CAPITAL LETTER Z) U+0029 (RIGHT PARENTHESIS)   NFKC-ref: Z
ⓐ	(a)	U+24D0 (CIRCLED LATIN SMALL LETTER A) -> U+0028 (LEFT PARENTHESIS) U+0061 (LATIN SMALL LETTER A) U+0029 (RIGHT PARENTHESIS)   NFKC-ref: a
ⓑ	(b)	U+24D1 (CIRCLED LATIN SMALL LETTER B) -> U+0028 (LEFT PARENTHESIS) U+0062 (LATIN SMALL LETTER B) U+0029 (RIGHT PARENTHESIS)   NFKC-ref: b
ⓒ	(c)	U+24D2 (CIRCLED LATIN SMALL LETTER C) -> U+0028 (LEFT PARENTHESIS) U+0063 (LATIN SMALL LETTER C) U+0029 (RIGHT PARENTHESIS)   NFKC-ref: c
ⓓ	(d)	U+24D3 (CIRCLED LATIN SMALL LETTER D) -> U+0028 (LEFT PARENTHESIS) U+0064 (LATIN SMALL LETTER D) U+0029 (RIGHT PARENTHESIS)   NFKC-ref: d
ⓔ	(e)	U+24D4 (CIRCLED LATIN SMALL LETTER E) -> U+0028 (LEFT PARENTHESIS) U+0065 (LATIN SMALL LETTER E) U+0029 (RIGHT PARENTHESIS)   NFKC-ref: e
ⓕ	(f)	U+24D5 (CIRCLED LATIN SMALL LETTER F) -> U+0028 (LEFT PARENTHESIS) U+0066 (LATIN SMALL LETTER F) U+0029 (RIGHT PARENTHESIS)   NFKC-ref: f
ⓖ	(g)	U+24D6 (CIRCLED LATIN SMALL LETTER G) -> U+0028 (LEFT PARENTHESIS) U+0067 (LATIN SMALL LETTER G) U+0029 (RIGHT PARENTHESIS)   NFKC-ref: g
ⓗ	(h)	U+24D7 (CIRCLED LATIN SMALL LETTER H) -> U+0028 (LEFT PARENTHESIS) U+0068 (LATIN SMALL LETTER H) U+0029 (RIGHT PARENTHESIS)   NFKC-ref: h
ⓘ	(i)	U+24D8 (CIRCLED LATIN SMALL LETTER I) -> U+0028 (LEFT PARENTHESIS) U+0069 (LATIN SMALL LETTER I) U+0029 (RIGHT PARENTHESIS)   NFKC-ref: i
ⓙ	(j)	U+24D9 (CIRCLED LATIN SMALL LETTER J) -> U+0028 (LEFT PARENTHESIS) U+006A (LATIN SMALL LETTER J) U+0029 (RIGHT PARENTHESIS)   NFKC-ref: j
ⓚ	(k)	U+24DA (CIRCLED LATIN SMALL LETTER K) -> U+0028 (LEFT PARENTHESIS) U+006B (LATIN SMALL LETTER K) U+0029 (RIGHT PARENTHESIS)   NFKC-ref: k
ⓛ	(l)	U+24DB (CIRCLED LATIN SMALL LETTER L) -> U+0028 (LEFT PARENTHESIS) U+006C (LATIN SMALL LETTER L) U+0029 (RIGHT PARENTHESIS)   NFKC-ref: l
ⓜ	(m)	U+24DC (CIRCLED LATIN SMALL LETTER M) -> U+0028 (LEFT PARENTHESIS) U+006D (LATIN SMALL LETTER M) U+0029 (RIGHT PARENTHESIS)   NFKC-ref: m
ⓝ	(n)	U+24DD (CIRCLED LATIN SMALL LETTER N) -> U+0028 (LEFT PARENTHESIS) U+006E (LATIN SMALL LETTER N) U+0029 (RIGHT PARENTHESIS)   NFKC-ref: n
ⓞ	(o)	U+24DE (CIRCLED LATIN SMALL LETTER O) -> U+0028 (LEFT PARENTHESIS) U+006F (LATIN SMALL LETTER O) U+0029 (RIGHT PARENTHESIS)   NFKC-ref: o
ⓟ	(p)	U+24DF (CIRCLED LATIN SMALL LETTER P) -> U+0028 (LEFT PARENTHESIS) U+0070 (LATIN SMALL LETTER P) U+0029 (RIGHT PARENTHESIS)   NFKC-ref: p
ⓠ	(q)	U+24E0 (CIRCLED LATIN SMALL LETTER Q) -> U+0028 (LEFT PARENTHESIS) U+0071 (LATIN SMALL LETTER Q) U+0029 (RIGHT PARENTHESIS)   NFKC-ref: q
ⓡ	(r)	U+24E1 (CIRCLED LATIN SMALL LETTER R) -> U+0028 (LEFT PARENTHESIS) U+0072 (LATIN SMALL LETTER R) U+0029 (RIGHT PARENTHESIS)   NFKC-ref: r
ⓢ	(s)	U+24E2 (CIRCLED LATIN SMALL LETTER S) -> U+0028 (LEFT PARENTHESIS) U+0073 (LATIN SMALL LETTER S) U+0029 (RIGHT PARENTHESIS)   NFKC-ref: s
ⓣ	(t)	U+24E3 (CIRCLED LATIN SMALL LETTER T) -> U+0028 (LEFT PARENTHESIS) U+0074 (LATIN SMALL LETTER T) U+0029 (RIGHT PARENTHESIS)   NFKC-ref: t
ⓤ	(u)	U+24E4 (CIRCLED LATIN SMALL LETTER U) -> U+0028 (LEFT PARENTHESIS) U+0075 (LATIN SMALL LETTER U) U+0029 (RIGHT PARENTHESIS)   NFKC-ref: u
ⓥ	(v)	U+24E5 (CIRCLED LATIN SMALL LETTER V) -> U+0028 (LEFT PARENTHESIS) U+0076 (LATIN SMALL LETTER V) U+0029 (RIGHT PARENTHESIS)   NFKC-ref: v
ⓦ	(w)	U+24E6 (CIRCLED LATIN SMALL LETTER W) -> U+0028 (LEFT PARENTHESIS) U+0077 (LATIN SMALL LETTER W) U+0029 (RIGHT PARENTHESIS)   NFKC-ref: w
ⓧ	(x)	U+24E7 (CIRCLED LATIN SMALL LETTER X) -> U+0028 (LEFT PARENTHESIS) U+0078 (LATIN SMALL LETTER X) U+0029 (RIGHT PARENTHESIS)   NFKC-ref: x
ⓨ	(y)	U+24E8 (CIRCLED LATIN SMALL LETTER Y) -> U+0028 (LEFT PARENTHESIS) U+0079 (LATIN SMALL LETTER Y) U+0029 (RIGHT PARENTHESIS)   NFKC-ref: y
ⓩ	(z)	U+24E9 (CIRCLED LATIN SMALL LETTER Z) -> U+0028 (LEFT PARENTHESIS) U+007A (LATIN SMALL LETTER Z) U+0029 (RIGHT PARENTHESIS)   NFKC-ref: z
⓪	(0)	U+24EA (CIRCLED DIGIT ZERO) -> U+0028 (LEFT PARENTHESIS) U+0030 (DIGIT ZERO) U+0029 (RIGHT PARENTHESIS)   NFKC-ref: 0
〶	(〒)	U+3036 (CIRCLED POSTAL MARK) -> U+0028 (LEFT PARENTHESIS) U+3012 (POSTAL MARK) U+0029 (RIGHT PARENTHESIS)   NFKC-ref: 〒
㈀	(ᄀ)	U+3200 (PARENTHESIZED HANGUL KIYEOK) -> U+0028 (LEFT PARENTHESIS) U+1100 (HANGUL CHOSEONG KIYEOK) U+0029 (RIGHT PARENTHESIS)
㈁	(ᄂ)	U+3201 (PARENTHESIZED HANGUL NIEUN) -> U+0028 (LEFT PARENTHESIS) U+1102 (HANGUL CHOSEONG NIEUN) U+0029 (RIGHT PARENTHESIS)
㈂	(ᄃ)	U+3202 (PARENTHESIZED HANGUL TIKEUT) -> U+0028 (LEFT PARENTHESIS) U+1103 (HANGUL CHOSEONG TIKEUT) U+0029 (RIGHT PARENTHESIS)
㈃	(ᄅ)	U+3203 (PARENTHESIZED HANGUL RIEUL) -> U+0028 (LEFT PARENTHESIS) U+1105 (HANGUL CHOSEONG RIEUL) U+0029 (RIGHT PARENTHESIS)
㈄	(ᄆ)	U+3204 (PARENTHESIZED HANGUL MIEUM) -> U+0028 (LEFT PARENTHESIS) U+1106 (HANGUL CHOSEONG MIEUM) U+0029 (RIGHT PARENTHESIS)
㈅	(ᄇ)	U+3205 (PARENTHESIZED HANGUL PIEUP) -> U+0028 (LEFT PARENTHESIS) U+1107 (HANGUL CHOSEONG PIEUP) U+0029 (RIGHT PARENTHESIS)
㈆	(ᄉ)	U+3206 (PARENTHESIZED HANGUL SIOS) -> U+0028 (LEFT PARENTHESIS) U+1109 (HANGUL CHOSEONG SIOS) U+0029 (RIGHT PARENTHESIS)
㈇	(ᄋ)	U+3207 (PARENTHESIZED HANGUL IEUNG) -> U+0028 (LEFT PARENTHESIS) U+110B (HANGUL CHOSEONG IEUNG) U+0029 (RIGHT PARENTHESIS)
㈈	(ᄌ)	U+3208 (PARENTHESIZED HANGUL CIEUC) -> U+0028 (LEFT PARENTHESIS) U+110C (HANGUL CHOSEONG CIEUC) U+0029 (RIGHT PARENTHESIS)
㈉	(ᄎ)	U+3209 (PARENTHESIZED HANGUL CHIEUCH) -> U+0028 (LEFT PARENTHESIS) U+110E (HANGUL CHOSEONG CHIEUCH) U+0029 (RIGHT PARENTHESIS)
㈊	(ᄏ)	U+320A (PARENTHESIZED HANGUL KHIEUKH) -> U+0028 (LEFT PARENTHESIS) U+110F (HANGUL CHOSEONG KHIEUKH) U+0029 (RIGHT PARENTHESIS)
㈋	(ᄐ)	U+320B (PARENTHESIZED HANGUL THIEUTH) -> U+0028 (LEFT PARENTHESIS) U+1110 (HANGUL CHOSEONG THIEUTH) U+0029 (RIGHT PARENTHESIS)
㈌	(ᄑ)	U+320C (PARENTHESIZED HANGUL PHIEUPH) -> U+0028 (LEFT PARENTHESIS) U+1111 (HANGUL CHOSEONG PHIEUPH) U+0029 (RIGHT PARENTHESIS)
㈍	(ᄒ)	U+320D (PARENTHESIZED HANGUL HIEUH) -> U+0028 (LEFT PARENTHESIS) U+1112 (HANGUL CHOSEONG HIEUH) U+0029 (RIGHT PARENTHESIS)
㈎	(가)	U+320E (PARENTHESIZED HANGUL KIYEOK A) -> U+0028 (LEFT PARENTHESIS) U+AC00 (HANGUL SYLLABLE GA) U+0029 (RIGHT PARENTHESIS)
㈏	(나)	U+320F (PARENTHESIZED HANGUL NIEUN A) -> U+0028 (LEFT PARENTHESIS) U+B098 (HANGUL SYLLABLE NA) U+0029 (RIGHT PARENTHESIS)
㈐	(다)	U+3210 (PARENTHESIZED HANGUL TIKEUT A) -> U+0028 (LEFT PARENTHESIS) U+B2E4 (HANGUL SYLLABLE DA) U+0029 (RIGHT PARENTHESIS)
㈑	(라)	U+3211 (PARENTHESIZED HANGUL RIEUL A) -> U+0028 (LEFT PARENTHESIS) U+B77C (HANGUL SYLLABLE RA) U+0029 (RIGHT PARENTHESIS)
㈒	(마)	U+3212 (PARENTHESIZED HANGUL MIEUM A) -> U+0028 (LEFT PARENTHESIS) U+B9C8 (HANGUL SYLLABLE MA) U+0029 (RIGHT PARENTHESIS)
㈓	(바)	U+3213 (PARENTHESIZED HANGUL PIEUP A) -> U+0028 (LEFT PARENTHESIS) U+BC14 (HANGUL SYLLABLE BA) U+0029 (RIGHT PARENTHESIS)
㈔	(사)	U+3214 (PARENTHESIZED HANGUL SIOS A) -> U+0028 (LEFT PARENTHESIS) U+C0AC (HANGUL SYLLABLE SA) U+0029 (RIGHT PARENTHESIS)
㈕	(아)	U+3215 (PARENTHESIZED HANGUL IEUNG A) -> U+0028 (LEFT PARENTHESIS) U+C544 (HANGUL SYLLABLE A) U+0029 (RIGHT PARENTHESIS)
㈖	(자)	U+3216 (PARENTHESIZED HANGUL CIEUC A) -> U+0028 (LEFT PARENTHESIS) U+C790 (HANGUL SYLLABLE JA) U+0029 (RIGHT PARENTHESIS)
㈗	(차)	U+3217 (PARENTHESIZED HANGUL CHIEUCH A) -> U+0028 (LEFT PARENTHESIS) U+CC28 (HANGUL SYLLABLE CA) U+0029 (RIGHT PARENTHESIS)
㈘	(카)	U+3218 (PARENTHESIZED HANGUL KHIEUKH A) -> U+0028 (LEFT PARENTHESIS) U+CE74 (HANGUL SYLLABLE KA) U+0029 (RIGHT PARENTHESIS)
㈙	(타)	U+3219 (PARENTHESIZED HANGUL THIEUTH A) -> U+0028 (LEFT PARENTHESIS) U+D0C0 (HANGUL SYLLABLE TA) U+0029 (RIGHT PARENTHESIS)
㈚	(파)	U+321A (PARENTHESIZED HANGUL PHIEUPH A) -> U+0028 (LEFT PARENTHESIS) U+D30C (HANGUL SYLLABLE PA) U+0029 (RIGHT PARENTHESIS)
㈛	(하)	U+321B (PARENTHESIZED HANGUL HIEUH A) -> U+0028 (LEFT PARENTHESIS) U+D558 (HANGUL SYLLABLE HA) U+0029 (RIGHT PARENTHESIS)
㈜	(주)	U+321C (PARENTHESIZED HANGUL CIEUC U) -> U+0028 (LEFT PARENTHESIS) U+C8FC (HANGUL SYLLABLE JU) U+0029 (RIGHT PARENTHESIS)
㈝	(오전)	U+321D (PARENTHESIZED KOREAN CHARACTER OJEON) -> U+0028 (LEFT PARENTHESIS) U+C624 (HANGUL SYLLABLE O) U+C804 (HANGUL SYLLABLE JEON) U+0029 (RIGHT PARENTHESIS)
㈞	(오후)	U+321E (PARENTHESIZED KOREAN CHARACTER O HU) -> U+0028 (LEFT PARENTHESIS) U+C624 (HANGUL SYLLABLE O) U+D6C4 (HANGUL SYLLABLE HU) U+0029 (RIGHT PARENTHESIS)
㈠	(一)	U+3220 (PARENTHESIZED IDEOGRAPH ONE) -> U+0028 (LEFT PARENTHESIS) U+4E00 (CJK UNIFIED IDEOGRAPH-4E00) U+0029 (RIGHT PARENTHESIS)
㈡	(二)	U+3221 (PARENTHESIZED IDEOGRAPH TWO) -> U+0028 (LEFT PARENTHESIS) U+4E8C (CJK UNIFIED IDEOGRAPH-4E8C) U+0029 (RIGHT PARENTHESIS)
㈢	(三)	U+3222 (PARENTHESIZED IDEOGRAPH THREE) -> U+0028 (LEFT PARENTHESIS) U+4E09 (CJK UNIFIED IDEOGRAPH-4E09) U+0029 (RIGHT PARENTHESIS)
㈣	(四)	U+3223 (PARENTHESIZED IDEOGRAPH FOUR) -> U+0028 (LEFT PARENTHESIS) U+56DB (CJK UNIFIED IDEOGRAPH-56DB) U+0029 (RIGHT PARENTHESIS)
㈤	(五)	U+3224 (PARENTHESIZED IDEOGRAPH FIVE) -> U+0028 (LEFT PARENTHESIS) U+4E94 (CJK UNIFIED IDEOGRAPH-4E94) U+0029 (RIGHT PARENTHESIS)
㈥	(六)	U+3225 (PARENTHESIZED IDEOGRAPH SIX) -> U+0028 (LEFT PARENTHESIS) U+516D (CJK UNIFIED IDEOGRAPH-516D) U+0029 (RIGHT PARENTHESIS)
㈦	(七)	U+3226 (PARENTHESIZED IDEOGRAPH SEVEN) -> U+0028 (LEFT PARENTHESIS) U+4E03 (CJK UNIFIED IDEOGRAPH-4E03) U+0029 (RIGHT PARENTHESIS)
㈧	(八)	U+3227 (PARENTHESIZED IDEOGRAPH EIGHT) -> U+0028 (LEFT PARENTHESIS) U+516B (CJK UNIFIED IDEOGRAPH-516B) U+0029 (RIGHT PARENTHESIS)
㈨	(九)	U+3228 (PARENTHESIZED IDEOGRAPH NINE) -> U+0028 (LEFT PARENTHESIS) U+4E5D (CJK UNIFIED IDEOGRAPH-4E5D) U+0029 (RIGHT PARENTHESIS)
㈩	(十)	U+3229 (PARENTHESIZED IDEOGRAPH TEN) -> U+0028 (LEFT PARENTHESIS) U+5341 (CJK UNIFIED IDEOGRAPH-5341) U+0029 (RIGHT PARENTHESIS)
㈪	(月)	U+322A (PARENTHESIZED IDEOGRAPH MOON) -> U+0028 (LEFT PARENTHESIS) U+6708 (CJK UNIFIED IDEOGRAPH-6708) U+0029 (RIGHT PARENTHESIS)
㈫	(火)	U+322B (PARENTHESIZED IDEOGRAPH FIRE) -> U+0028 (LEFT PARENTHESIS) U+706B (CJK UNIFIED IDEOGRAPH-706B) U+0029 (RIGHT PARENTHESIS)
㈬	(水)	U+322C (PARENTHESIZED IDEOGRAPH WATER) -> U+0028 (LEFT PARENTHESIS) U+6C34 (CJK UNIFIED IDEOGRAPH-6C34) U+0029 (RIGHT PARENTHESIS)
㈭	(木)	U+322D (PARENTHESIZED IDEOGRAPH WOOD) -> U+0028 (LEFT PARENTHESIS) U+6728 (CJK UNIFIED IDEOGRAPH-6728) U+0029 (RIGHT PARENTHESIS)
㈮	(金)	U+322E (PARENTHESIZED IDEOGRAPH METAL) -> U+0028 (LEFT PARENTHESIS) U+91D1 (CJK UNIFIED IDEOGRAPH-91D1) U+0029 (RIGHT PARENTHESIS)
㈯	(土)	U+322F (PARENTHESIZED IDEOGRAPH EARTH) -> U+0028 (LEFT PARENTHESIS) U+571F (CJK UNIFIED IDEOGRAPH-571F) U+0029 (RIGHT PARENTHESIS)
㈰	(日)	U+3230 (PARENTHESIZED IDEOGRAPH SUN) -> U+0028 (LEFT PARENTHESIS) U+65E5 (CJK UNIFIED IDEOGRAPH-65E5) U+0029 (RIGHT PARENTHESIS)
㈱	(株)	U+3231 (PARENTHESIZED IDEOGRAPH STOCK) -> U+0028 (LEFT PARENTHESIS) U+682A (CJK UNIFIED IDEOGRAPH-682A) U+0029 (RIGHT PARENTHESIS)
㈲	(有)	U+3232 (PARENTHESIZED IDEOGRAPH HAVE) -> U+0028 (LEFT PARENTHESIS) U+6709 (CJK UNIFIED IDEOGRAPH-6709) U+0029 (RIGHT PARENTHESIS)
㈳	(社)	U+3233 (PARENTHESIZED IDEOGRAPH SOCIETY) -> U+0028 (LEFT PARENTHESIS) U+793E (CJK UNIFIED IDEOGRAPH-793E) U+0029 (RIGHT PARENTHESIS)
㈴	(名)	U+3234 (PARENTHESIZED IDEOGRAPH NAME) -> U+0028 (LEFT PARENTHESIS) U+540D (CJK UNIFIED IDEOGRAPH-540D) U+0029 (RIGHT PARENTHESIS)
㈵	(特)	U+3235 (PARENTHESIZED IDEOGRAPH SPECIAL) -> U+0028 (LEFT PARENTHESIS) U+7279 (CJK UNIFIED IDEOGRAPH-7279) U+0029 (RIGHT PARENTHESIS)
㈶	(財)	U+3236 (PARENTHESIZED IDEOGRAPH FINANCIAL) -> U+0028 (LEFT PARENTHESIS) U+8CA1 (CJK UNIFIED IDEOGRAPH-8CA1) U+0029 (RIGHT PARENTHESIS)
㈷	(祝)	U+3237 (PARENTHESIZED IDEOGRAPH CONGRATULATION) -> U+0028 (LEFT PARENTHESIS) U+795D (CJK UNIFIED IDEOGRAPH-795D) U+0029 (RIGHT PARENTHESIS)
㈸	(労)	U+3238 (PARENTHESIZED IDEOGRAPH LABOR) -> U+0028 (LEFT PARENTHESIS) U+52B4 (CJK UNIFIED IDEOGRAPH-52B4) U+0029 (RIGHT PARENTHESIS)
㈹	(代)	U+3239 (PARENTHESIZED IDEOGRAPH REPRESENT) -> U+0028 (LEFT PARENTHESIS) U+4EE3 (CJK UNIFIED IDEOGRAPH-4EE3) U+0029 (RIGHT PARENTHESIS)
㈺	(呼)	U+323A (PARENTHESIZED IDEOGRAPH CALL) -> U+0028 (LEFT PARENTHESIS) U+547C (CJK UNIFIED IDEOGRAPH-547C) U+0029 (RIGHT PARENTHESIS)
㈻	(学)	U+323B (PARENTHESIZED IDEOGRAPH STUDY) -> U+0028 (LEFT PARENTHESIS) U+5B66 (CJK UNIFIED IDEOGRAPH-5B66) U+0029 (RIGHT PARENTHESIS)
㈼	(監)	U+323C (PARENTHESIZED IDEOGRAPH SUPERVISE) -> U+0028 (LEFT PARENTHESIS) U+76E3 (CJK UNIFIED IDEOGRAPH-76E3) U+0029 (RIGHT PARENTHESIS)
㈽	(企)	U+323D (PARENTHESIZED IDEOGRAPH ENTERPRISE) -> U+0028 (LEFT PARENTHESIS) U+4F01 (CJK UNIFIED IDEOGRAPH-4F01) U+0029 (RIGHT PARENTHESIS)
㈾	(資)	U+323E (PARENTHESIZED IDEOGRAPH RESOURCE) -> U+0028 (LEFT PARENTHESIS) U+8CC7 (CJK UNIFIED IDEOGRAPH-8CC7) U+0029 (RIGHT PARENTHESIS)
㈿	(協)	U+323F (PARENTHESIZED IDEOGRAPH ALLIANCE) -> U+0028 (LEFT PARENTHESIS) U+5354 (CJK UNIFIED IDEOGRAPH-5354) U+0029 (RIGHT PARENTHESIS)
㉀	(祭)	U+3240 (PARENTHESIZED IDEOGRAPH FESTIVAL) -> U+0028 (LEFT PARENTHESIS) U+796D (CJK UNIFIED IDEOGRAPH-796D) U+0029 (RIGHT PARENTHESIS)
㉁	(休)	U+3241 (PARENTHESIZED IDEOGRAPH REST) -> U+0028 (LEFT PARENTHESIS) U+4F11 (CJK UNIFIED IDEOGRAPH-4F11) U+0029 (RIGHT PARENTHESIS)
㉂	(自)	U+3242 (PARENTHESIZED IDEOGRAPH SELF) -> U+0028 (LEFT PARENTHESIS) U+81EA (CJK UNIFIED IDEOGRAPH-81EA) U+0029 (RIGHT PARENTHESIS)
㉃	(至)	U+3243 (PARENTHESIZED IDEOGRAPH REACH) -> U+0028 (LEFT PARENTHESIS) U+81F3 (CJK UNIFIED IDEOGRAPH-81F3) U+0029 (RIGHT PARENTHESIS)
㉄	(問)	U+3244 (CIRCLED IDEOGRAPH QUESTION) -> U+0028 (LEFT PARENTHESIS) U+554F (CJK UNIFIED IDEOGRAPH-554F) U+0029 (RIGHT PARENTHESIS)   NFKC-ref: 問
㉅	(幼)	U+3245 (CIRCLED IDEOGRAPH KINDERGARTEN) -> U+0028 (LEFT PARENTHESIS) U+5E7C (CJK UNIFIED IDEOGRAPH-5E7C) U+0029 (RIGHT PARENTHESIS)   NFKC-ref: 幼
㉆	(文)	U+3246 (CIRCLED IDEOGRAPH SCHOOL) -> U+0028 (LEFT PARENTHESIS) U+6587 (CJK UNIFIED IDEOGRAPH-6587) U+0029 (RIGHT PARENTHESIS)   NFKC-ref: 文
㉇	(箏)	U+3247 (CIRCLED IDEOGRAPH KOTO) -> U+0028 (LEFT PARENTHESIS) U+7B8F (CJK UNIFIED IDEOGRAPH-7B8F) U+0029 (RIGHT PARENTHESIS)   NFKC-ref: 箏
㉑	(21)	U+3251 (CIRCLED NUMBER TWENTY ONE) -> U+0028 (LEFT PARENTHESIS) U+0032 (DIGIT TWO) U+0031 (DIGIT ONE) U+0029 (RIGHT PARENTHESIS)   NFKC-ref: 21
㉒	(22)	U+3252 (CIRCLED NUMBER TWENTY TWO) -> U+0028 (LEFT PARENTHESIS) U+0032 (DIGIT TWO) U+0032 (DIGIT TWO) U+0029 (RIGHT PARENTHESIS)   NFKC-ref: 22
㉓	(23)	U+3253 (CIRCLED NUMBER TWENTY THREE) -> U+0028 (LEFT PARENTHESIS) U+0032 (DIGIT TWO) U+0033 (DIGIT THREE) U+0029 (RIGHT PARENTHESIS)   NFKC-ref: 23
㉔	(24)	U+3254 (CIRCLED NUMBER TWENTY FOUR) -> U+0028 (LEFT PARENTHESIS) U+0032 (DIGIT TWO) U+0034 (DIGIT FOUR) U+0029 (RIGHT PARENTHESIS)   NFKC-ref: 24
㉕	(25)	U+3255 (CIRCLED NUMBER TWENTY FIVE) -> U+0028 (LEFT PARENTHESIS) U+0032 (DIGIT TWO) U+0035 (DIGIT FIVE) U+0029 (RIGHT PARENTHESIS)   NFKC-ref: 25
㉖	(26)	U+3256 (CIRCLED NUMBER TWENTY SIX) -> U+0028 (LEFT PARENTHESIS) U+0032 (DIGIT TWO) U+0036 (DIGIT SIX) U+0029 (RIGHT PARENTHESIS)   NFKC-ref: 26
㉗	(27)	U+3257 (CIRCLED NUMBER TWENTY SEVEN) -> U+0028 (LEFT PARENTHESIS) U+0032 (DIGIT TWO) U+0037 (DIGIT SEVEN) U+0029 (RIGHT PARENTHESIS)   NFKC-ref: 27
㉘	(28)	U+3258 (CIRCLED NUMBER TWENTY EIGHT) -> U+0028 (LEFT PARENTHESIS) U+0032 (DIGIT TWO) U+0038 (DIGIT EIGHT) U+0029 (RIGHT PARENTHESIS)   NFKC-ref: 28
㉙	(29)	U+3259 (CIRCLED NUMBER TWENTY NINE) -> U+0028 (LEFT PARENTHESIS) U+0032 (DIGIT TWO) U+0039 (DIGIT NINE) U+0029 (RIGHT PARENTHESIS)   NFKC-ref: 29
㉚	(30)	U+325A (CIRCLED NUMBER THIRTY) -> U+0028 (LEFT PARENTHESIS) U+0033 (DIGIT THREE) U+0030 (DIGIT ZERO) U+0029 (RIGHT PARENTHESIS)   NFKC-ref: 30
㉛	(31)	U+325B (CIRCLED NUMBER THIRTY ONE) -> U+0028 (LEFT PARENTHESIS) U+0033 (DIGIT THREE) U+0031 (DIGIT ONE) U+0029 (RIGHT PARENTHESIS)   NFKC-ref: 31
㉜	(32)	U+325C (CIRCLED NUMBER THIRTY TWO) -> U+0028 (LEFT PARENTHESIS) U+0033 (DIGIT THREE) U+0032 (DIGIT TWO) U+0029 (RIGHT PARENTHESIS)   NFKC-ref: 32
㉝	(33)	U+325D (CIRCLED NUMBER THIRTY THREE) -> U+0028 (LEFT PARENTHESIS) U+0033 (DIGIT THREE) U+0033 (DIGIT THREE) U+0029 (RIGHT PARENTHESIS)   NFKC-ref: 33
㉞	(34)	U+325E (CIRCLED NUMBER THIRTY FOUR) -> U+0028 (LEFT PARENTHESIS) U+0033 (DIGIT THREE) U+0034 (DIGIT FOUR) U+0029 (RIGHT PARENTHESIS)   NFKC-ref: 34
㉟	(35)	U+325F (CIRCLED NUMBER THIRTY FIVE) -> U+0028 (LEFT PARENTHESIS) U+0033 (DIGIT THREE) U+0035 (DIGIT FIVE) U+0029 (RIGHT PARENTHESIS)   NFKC-ref: 35
㉠	(ᄀ)	U+3260 (CIRCLED HANGUL KIYEOK) -> U+0028 (LEFT PARENTHESIS) U+1100 (HANGUL CHOSEONG KIYEOK) U+0029 (RIGHT PARENTHESIS)   NFKC-ref: ᄀ
㉡	(ᄂ)	U+3261 (CIRCLED HANGUL NIEUN) -> U+0028 (LEFT PARENTHESIS) U+1102 (HANGUL CHOSEONG NIEUN) U+0029 (RIGHT PARENTHESIS)   NFKC-ref: ᄂ
㉢	(ᄃ)	U+3262 (CIRCLED HANGUL TIKEUT) -> U+0028 (LEFT PARENTHESIS) U+1103 (HANGUL CHOSEONG TIKEUT) U+0029 (RIGHT PARENTHESIS)   NFKC-ref: ᄃ
㉣	(ᄅ)	U+3263 (CIRCLED HANGUL RIEUL) -> U+0028 (LEFT PARENTHESIS) U+1105 (HANGUL CHOSEONG RIEUL) U+0029 (RIGHT PARENTHESIS)   NFKC-ref: ᄅ
㉤	(ᄆ)	U+3264 (CIRCLED HANGUL MIEUM) -> U+0028 (LEFT PARENTHESIS) U+1106 (HANGUL CHOSEONG MIEUM) U+0029 (RIGHT PARENTHESIS)   NFKC-ref: ᄆ
㉥	(ᄇ)	U+3265 (CIRCLED HANGUL PIEUP) -> U+0028 (LEFT PARENTHESIS) U+1107 (HANGUL CHOSEONG PIEUP) U+0029 (RIGHT PARENTHESIS)   NFKC-ref: ᄇ
㉦	(ᄉ)	U+3266 (CIRCLED HANGUL SIOS) -> U+0028 (LEFT PARENTHESIS) U+1109 (HANGUL CHOSEONG SIOS) U+0029 (RIGHT PARENTHESIS)   NFKC-ref: ᄉ
㉧	(ᄋ)	U+3267 (CIRCLED HANGUL IEUNG) -> U+0028 (LEFT PARENTHESIS) U+110B (HANGUL CHOSEONG IEUNG) U+0029 (RIGHT PARENTHESIS)   NFKC-ref: ᄋ
㉨	(ᄌ)	U+3268 (CIRCLED HANGUL CIEUC) -> U+0028 (LEFT PARENTHESIS) U+110C (HANGUL CHOSEONG CIEUC) U+0029 (RIGHT PARENTHESIS)   NFKC-ref: ᄌ
㉩	(ᄎ)	U+3269 (CIRCLED HANGUL CHIEUCH) -> U+0028 (LEFT PARENTHESIS) U+110E (HANGUL CHOSEONG CHIEUCH) U+0029 (RIGHT PARENTHESIS)   NFKC-ref: ᄎ
㉪	(ᄏ)	U+326A (CIRCLED HANGUL KHIEUKH) -> U+0028 (LEFT PARENTHESIS) U+110F (HANGUL CHOSEONG KHIEUKH) U+0029 (RIGHT PARENTHESIS)   NFKC-ref: ᄏ
㉫	(ᄐ)	U+326B (CIRCLED HANGUL THIEUTH) -> U+0028 (LEFT PARENTHESIS) U+1110 (HANGUL CHOSEONG THIEUTH) U+0029 (RIGHT PARENTHESIS)   NFKC-ref: ᄐ
㉬	(ᄑ)	U+326C (CIRCLED HANGUL PHIEUPH) -> U+0028 (LEFT PARENTHESIS) U+1111 (HANGUL CHOSEONG PHIEUPH) U+0029 (RIGHT PARENTHESIS)   NFKC-ref: ᄑ
㉭	(ᄒ)	U+326D (CIRCLED HANGUL HIEUH) -> U+0028 (LEFT PARENTHESIS) U+1112 (HANGUL CHOSEONG HIEUH) U+0029 (RIGHT PARENTHESIS)   NFKC-ref: ᄒ
㉮	(가)	U+326E (CIRCLED HANGUL KIYEOK A) -> U+0028 (LEFT PARENTHESIS) U+AC00 (HANGUL SYLLABLE GA) U+0029 (RIGHT PARENTHESIS)   NFKC-ref: 가
㉯	(나)	U+326F (CIRCLED HANGUL NIEUN A) -> U+0028 (LEFT PARENTHESIS) U+B098 (HANGUL SYLLABLE NA) U+0029 (RIGHT PARENTHESIS)   NFKC-ref: 나
㉰	(다)	U+3270 (CIRCLED HANGUL TIKEUT A) -> U+0028 (LEFT PARENTHESIS) U+B2E4 (HANGUL SYLLABLE DA) U+0029 (RIGHT PARENTHESIS)   NFKC-ref: 다
㉱	(라)	U+3271 (CIRCLED HANGUL RIEUL A) -> U+0028 (LEFT PARENTHESIS) U+B77C (HANGUL SYLLABLE RA) U+0029 (RIGHT PARENTHESIS)   NFKC-ref: 라
㉲	(마)	U+3272 (CIRCLED HANGUL MIEUM A) -> U+0028 (LEFT PARENTHESIS) U+B9C8 (HANGUL SYLLABLE MA) U+0029 (RIGHT PARENTHESIS)   NFKC-ref: 마
㉳	(바)	U+3273 (CIRCLED HANGUL PIEUP A) -> U+0028 (LEFT PARENTHESIS) U+BC14 (HANGUL SYLLABLE BA) U+0029 (RIGHT PARENTHESIS)   NFKC-ref: 바
㉴	(사)	U+3274 (CIRCLED HANGUL SIOS A) -> U+0028 (LEFT PARENTHESIS) U+C0AC (HANGUL SYLLABLE SA) U+0029 (RIGHT PARENTHESIS)   NFKC-ref: 사
㉵	(아)	U+3275 (CIRCLED HANGUL IEUNG A) -> U+0028 (LEFT PARENTHESIS) U+C544 (HANGUL SYLLABLE A) U+0029 (RIGHT PARENTHESIS)   NFKC-ref: 아
㉶	(자)	U+3276 (CIRCLED HANGUL CIEUC A) -> U+0028 (LEFT PARENTHESIS) U+C790 (HANGUL SYLLABLE JA) U+0029 (RIGHT PARENTHESIS)   NFKC-ref: 자
㉷	(차)	U+3277 (CIRCLED HANGUL CHIEUCH A) -> U+0028 (LEFT PARENTHESIS) U+CC28 (HANGUL SYLLABLE CA) U+0029 (RIGHT PARENTHESIS)   NFKC-ref: 차
㉸	(카)	U+3278 (CIRCLED HANGUL KHIEUKH A) -> U+0028 (LEFT PARENTHESIS) U+CE74 (HANGUL SYLLABLE KA) U+0029 (RIGHT PARENTHESIS)   NFKC-ref: 카
㉹	(타)	U+3279 (CIRCLED HANGUL THIEUTH A) -> U+0028 (LEFT PARENTHESIS) U+D0C0 (HANGUL SYLLABLE TA) U+0029 (RIGHT PARENTHESIS)   NFKC-ref: 타
㉺	(파)	U+327A (CIRCLED HANGUL PHIEUPH A) -> U+0028 (LEFT PARENTHESIS) U+D30C (HANGUL SYLLABLE PA) U+0029 (RIGHT PARENTHESIS)   NFKC-ref: 파
㉻	(하)	U+327B (CIRCLED HANGUL HIEUH A) -> U+0028 (LEFT PARENTHESIS) U+D558 (HANGUL SYLLABLE HA) U+0029 (RIGHT PARENTHESIS)   NFKC-ref: 하
㉼	(참고)	U+327C (CIRCLED KOREAN CHARACTER CHAMKO) -> U+0028 (LEFT PARENTHESIS) U+CC38 (HANGUL SYLLABLE CAM) U+ACE0 (HANGUL SYLLABLE GO) U+0029 (RIGHT PARENTHESIS)   NFKC-ref: 참고
㉽	(주의)	U+327D (CIRCLED KOREAN CHARACTER JUEUI) -> U+0028 (LEFT PARENTHESIS) U+C8FC (HANGUL SYLLABLE JU) U+C758 (HANGUL SYLLABLE YI) U+0029 (RIGHT PARENTHESIS)   NFKC-ref: 주의
㉾	(우)	U+327E (CIRCLED HANGUL IEUNG U) -> U+0028 (LEFT PARENTHESIS) U+C6B0 (HANGUL SYLLABLE U) U+0029 (RIGHT PARENTHESIS)   NFKC-ref: 우
㊀	(一)	U+3280 (CIRCLED IDEOGRAPH ONE) -> U+0028 (LEFT PARENTHESIS) U+4E00 (CJK UNIFIED IDEOGRAPH-4E00) U+0029 (RIGHT PARENTHESIS)   NFKC-ref: 一
㊁	(二)	U+3281 (CIRCLED IDEOGRAPH TWO) -> U+0028 (LEFT PARENTHESIS) U+4E8C (CJK UNIFIED IDEOGRAPH-4E8C) U+0029 (RIGHT PARENTHESIS)   NFKC-ref: 二
㊂	(三)	U+3282 (CIRCLED IDEOGRAPH THREE) -> U+0028 (LEFT PARENTHESIS) U+4E09 (CJK UNIFIED IDEOGRAPH-4E09) U+0029 (RIGHT PARENTHESIS)   NFKC-ref: 三
㊃	(四)	U+3283 (CIRCLED IDEOGRAPH FOUR) -> U+0028 (LEFT PARENTHESIS) U+56DB (CJK UNIFIED IDEOGRAPH-56DB) U+0029 (RIGHT PARENTHESIS)   NFKC-ref: 四
㊄	(五)	U+3284 (CIRCLED IDEOGRAPH FIVE) -> U+0028 (LEFT PARENTHESIS) U+4E94 (CJK UNIFIED IDEOGRAPH-4E94) U+0029 (RIGHT PARENTHESIS)   NFKC-ref: 五
㊅	(六)	U+3285 (CIRCLED IDEOGRAPH SIX) -> U+0028 (LEFT PARENTHESIS) U+516D (CJK UNIFIED IDEOGRAPH-516D) U+0029 (RIGHT PARENTHESIS)   NFKC-ref: 六
㊆	(七)	U+3286 (CIRCLED IDEOGRAPH SEVEN) -> U+0028 (LEFT PARENTHESIS) U+4E03 (CJK UNIFIED IDEOGRAPH-4E03) U+0029 (RIGHT PARENTHESIS)   NFKC-ref: 七
㊇	(八)	U+3287 (CIRCLED IDEOGRAPH EIGHT) -> U+0028 (LEFT PARENTHESIS) U+516B (CJK UNIFIED IDEOGRAPH-516B) U+0029 (RIGHT PARENTHESIS)   NFKC-ref: 八
㊈	(九)	U+3288 (CIRCLED IDEOGRAPH NINE) -> U+0028 (LEFT PARENTHESIS) U+4E5D (CJK UNIFIED IDEOGRAPH-4E5D) U+0029 (RIGHT PARENTHESIS)   NFKC-ref: 九
㊉	(十)	U+3289 (CIRCLED IDEOGRAPH TEN) -> U+0028 (LEFT PARENTHESIS) U+5341 (CJK UNIFIED IDEOGRAPH-5341) U+0029 (RIGHT PARENTHESIS)   NFKC-ref: 十
㊊	(月)	U+328A (CIRCLED IDEOGRAPH MOON) -> U+0028 (LEFT PARENTHESIS) U+6708 (CJK UNIFIED IDEOGRAPH-6708) U+0029 (RIGHT PARENTHESIS)   NFKC-ref: 月
㊋	(火)	U+328B (CIRCLED IDEOGRAPH FIRE) -> U+0028 (LEFT PARENTHESIS) U+706B (CJK UNIFIED IDEOGRAPH-706B) U+0029 (RIGHT PARENTHESIS)   NFKC-ref: 火
㊌	(水)	U+328C (CIRCLED IDEOGRAPH WATER) -> U+0028 (LEFT PARENTHESIS) U+6C34 (CJK UNIFIED IDEOGRAPH-6C34) U+0029 (RIGHT PARENTHESIS)   NFKC-ref: 水
㊍	(木)	U+328D (CIRCLED IDEOGRAPH WOOD) -> U+0028 (LEFT PARENTHESIS) U+6728 (CJK UNIFIED IDEOGRAPH-6728) U+0029 (RIGHT PARENTHESIS)   NFKC-ref: 木
㊎	(金)	U+328E (CIRCLED IDEOGRAPH METAL) -> U+0028 (LEFT PARENTHESIS) U+91D1 (CJK UNIFIED IDEOGRAPH-91D1) U+0029 (RIGHT PARENTHESIS)   NFKC-ref: 金
㊏	(土)	U+328F (CIRCLED IDEOGRAPH EARTH) -> U+0028 (LEFT PARENTHESIS) U+571F (CJK UNIFIED IDEOGRAPH-571F) U+0029 (RIGHT PARENTHESIS)   NFKC-ref: 土
㊐	(日)	U+3290 (CIRCLED IDEOGRAPH SUN) -> U+0028 (LEFT PARENTHESIS) U+65E5 (CJK UNIFIED IDEOGRAPH-65E5) U+0029 (RIGHT PARENTHESIS)   NFKC-ref: 日
㊑	(株)	U+3291 (CIRCLED IDEOGRAPH STOCK) -> U+0028 (LEFT PARENTHESIS) U+682A (CJK UNIFIED IDEOGRAPH-682A) U+0029 (RIGHT PARENTHESIS)   NFKC-ref: 株
㊒	(有)	U+3292 (CIRCLED IDEOGRAPH HAVE) -> U+0028 (LEFT PARENTHESIS) U+6709 (CJK UNIFIED IDEOGRAPH-6709) U+0029 (RIGHT PARENTHESIS)   NFKC-ref: 有
㊓	(社)	U+3293 (CIRCLED IDEOGRAPH SOCIETY) -> U+0028 (LEFT PARENTHESIS) U+793E (CJK UNIFIED IDEOGRAPH-793E) U+0029 (RIGHT PARENTHESIS)   NFKC-ref: 社
㊔	(名)	U+3294 (CIRCLED IDEOGRAPH NAME) -> U+0028 (LEFT PARENTHESIS) U+540D (CJK UNIFIED IDEOGRAPH-540D) U+0029 (RIGHT PARENTHESIS)   NFKC-ref: 名
㊕	(特)	U+3295 (CIRCLED IDEOGRAPH SPECIAL) -> U+0028 (LEFT PARENTHESIS) U+7279 (CJK UNIFIED IDEOGRAPH-7279) U+0029 (RIGHT PARENTHESIS)   NFKC-ref: 特
㊖	(財)	U+3296 (CIRCLED IDEOGRAPH FINANCIAL) -> U+0028 (LEFT PARENTHESIS) U+8CA1 (CJK UNIFIED IDEOGRAPH-8CA1) U+0029 (RIGHT PARENTHESIS)   NFKC-ref: 財
㊗	(祝)	U+3297 (CIRCLED IDEOGRAPH CONGRATULATION) -> U+0028 (LEFT PARENTHESIS) U+795D (CJK UNIFIED IDEOGRAPH-795D) U+0029 (RIGHT PARENTHESIS)   NFKC-ref: 祝
㊘	(労)	U+3298 (CIRCLED IDEOGRAPH LABOR) -> U+0028 (LEFT PARENTHESIS) U+52B4 (CJK UNIFIED IDEOGRAPH-52B4) U+0029 (RIGHT PARENTHESIS)   NFKC-ref: 労
㊙	(秘)	U+3299 (CIRCLED IDEOGRAPH SECRET) -> U+0028 (LEFT PARENTHESIS) U+79D8 (CJK UNIFIED IDEOGRAPH-79D8) U+0029 (RIGHT PARENTHESIS)   NFKC-ref: 秘
㊚	(男)	U+329A (CIRCLED IDEOGRAPH MALE) -> U+0028 (LEFT PARENTHESIS) U+7537 (CJK UNIFIED IDEOGRAPH-7537) U+0029 (RIGHT PARENTHESIS)   NFKC-ref: 男
㊛	(女)	U+329B (CIRCLED IDEOGRAPH FEMALE) -> U+0028 (LEFT PARENTHESIS) U+5973 (CJK UNIFIED IDEOGRAPH-5973) U+0029 (RIGHT PARENTHESIS)   NFKC-ref: 女
㊜	(適)	U+329C (CIRCLED IDEOGRAPH SUITABLE) -> U+0028 (LEFT PARENTHESIS) U+9069 (CJK UNIFIED IDEOGRAPH-9069) U+0029 (RIGHT PARENTHESIS)   NFKC-ref: 適
㊝	(優)	U+329D (CIRCLED IDEOGRAPH EXCELLENT) -> U+0028 (LEFT PARENTHESIS) U+512A (CJK UNIFIED IDEOGRAPH-512A) U+0029 (RIGHT PARENTHESIS)   NFKC-ref: 優
㊞	(印)	U+329E (CIRCLED IDEOGRAPH PRINT) -> U+0028 (LEFT PARENTHESIS) U+5370 (CJK UNIFIED IDEOGRAPH-5370) U+0029 (RIGHT PARENTHESIS)   NFKC-ref: 印
㊟	(注)	U+329F (CIRCLED IDEOGRAPH ATTENTION) -> U+0028 (LEFT PARENTHESIS) U+6CE8 (CJK UNIFIED IDEOGRAPH-6CE8) U+0029 (RIGHT PARENTHESIS)   NFKC-ref: 注
㊠	(項)	U+32A0 (CIRCLED IDEOGRAPH ITEM) -> U+0028 (LEFT PARENTHESIS) U+9805 (CJK UNIFIED IDEOGRAPH-9805) U+0029 (RIGHT PARENTHESIS)   NFKC-ref: 項
㊡	(休)	U+32A1 (CIRCLED IDEOGRAPH REST) -> U+0028 (LEFT PARENTHESIS) U+4F11 (CJK UNIFIED IDEOGRAPH-4F11) U+0029 (RIGHT PARENTHESIS)   NFKC-ref: 休
㊢	(写)	U+32A2 (CIRCLED IDEOGRAPH COPY) -> U+0028 (LEFT PARENTHESIS) U+5199 (CJK UNIFIED IDEOGRAPH-5199) U+0029 (RIGHT PARENTHESIS)   NFKC-ref: 写
㊣	(正)	U+32A3 (CIRCLED IDEOGRAPH CORRECT) -> U+0028 (LEFT PARENTHESIS) U+6B63 (CJK UNIFIED IDEOGRAPH-6B63) U+0029 (RIGHT PARENTHESIS)   NFKC-ref: 正
㊤	(上)	U+32A4 (CIRCLED IDEOGRAPH HIGH) -> U+0028 (LEFT PARENTHESIS) U+4E0A (CJK UNIFIED IDEOGRAPH-4E0A) U+0029 (RIGHT PARENTHESIS)   NFKC-ref: 上
㊥	(中)	U+32A5 (CIRCLED IDEOGRAPH CENTRE) -> U+0028 (LEFT PARENTHESIS) U+4E2D (CJK UNIFIED IDEOGRAPH-4E2D) U+0029 (RIGHT PARENTHESIS)   NFKC-ref: 中
㊦	(下)	U+32A6 (CIRCLED IDEOGRAPH LOW) -> U+0028 (LEFT PARENTHESIS) U+4E0B (CJK UNIFIED IDEOGRAPH-4E0B) U+0029 (RIGHT PARENTHESIS)   NFKC-ref: 下
㊧	(左)	U+32A7 (CIRCLED IDEOGRAPH LEFT) -> U+0028 (LEFT PARENTHESIS) U+5DE6 (CJK UNIFIED IDEOGRAPH-5DE6) U+0029 (RIGHT PARENTHESIS)   NFKC-ref: 左
㊨	(右)	U+32A8 (CIRCLED IDEOGRAPH RIGHT) -> U+0028 (LEFT PARENTHESIS) U+53F3 (CJK UNIFIED IDEOGRAPH-53F3) U+0029 (RIGHT PARENTHESIS)   NFKC-ref: 右
㊩	(医)	U+32A9 (CIRCLED IDEOGRAPH MEDICINE) -> U+0028 (LEFT PARENTHESIS) U+533B (CJK UNIFIED IDEOGRAPH-533B) U+0029 (RIGHT PARENTHESIS)   NFKC-ref: 医
㊪	(宗)	U+32AA (CIRCLED IDEOGRAPH RELIGION) -> U+0028 (LEFT PARENTHESIS) U+5B97 (CJK UNIFIED IDEOGRAPH-5B97) U+0029 (RIGHT PARENTHESIS)   NFKC-ref: 宗
㊫	(学)	U+32AB (CIRCLED IDEOGRAPH STUDY) -> U+0028 (LEFT PARENTHESIS) U+5B66 (CJK UNIFIED IDEOGRAPH-5B66) U+0029 (RIGHT PARENTHESIS)   NFKC-ref: 学
㊬	(監)	U+32AC (CIRCLED IDEOGRAPH SUPERVISE) -> U+0028 (LEFT PARENTHESIS) U+76E3 (CJK UNIFIED IDEOGRAPH-76E3) U+0029 (RIGHT PARENTHESIS)   NFKC-ref: 監
㊭	(企)	U+32AD (CIRCLED IDEOGRAPH ENTERPRISE) -> U+0028 (LEFT PARENTHESIS) U+4F01 (CJK UNIFIED IDEOGRAPH-4F01) U+0029 (RIGHT PARENTHESIS)   NFKC-ref: 企
㊮	(資)	U+32AE (CIRCLED IDEOGRAPH RESOURCE) -> U+0028 (LEFT PARENTHESIS) U+8CC7 (CJK UNIFIED IDEOGRAPH-8CC7) U+0029 (RIGHT PARENTHESIS)   NFKC-ref: 資
㊯	(協)	U+32AF (CIRCLED IDEOGRAPH ALLIANCE) -> U+0028 (LEFT PARENTHESIS) U+5354 (CJK UNIFIED IDEOGRAPH-5354) U+0029 (RIGHT PARENTHESIS)   NFKC-ref: 協
㊰	(夜)	U+32B0 (CIRCLED IDEOGRAPH NIGHT) -> U+0028 (LEFT PARENTHESIS) U+591C (CJK UNIFIED IDEOGRAPH-591C) U+0029 (RIGHT PARENTHESIS)   NFKC-ref: 夜
㊱	(36)	U+32B1 (CIRCLED NUMBER THIRTY SIX) -> U+0028 (LEFT PARENTHESIS) U+0033 (DIGIT THREE) U+0036 (DIGIT SIX) U+0029 (RIGHT PARENTHESIS)   NFKC-ref: 36
㊲	(37)	U+32B2 (CIRCLED NUMBER THIRTY SEVEN) -> U+0028 (LEFT PARENTHESIS) U+0033 (DIGIT THREE) U+0037 (DIGIT SEVEN) U+0029 (RIGHT PARENTHESIS)   NFKC-ref: 37
㊳	(38)	U+32B3 (CIRCLED NUMBER THIRTY EIGHT) -> U+0028 (LEFT PARENTHESIS) U+0033 (DIGIT THREE) U+0038 (DIGIT EIGHT) U+0029 (RIGHT PARENTHESIS)   NFKC-ref: 38
㊴	(39)	U+32B4 (CIRCLED NUMBER THIRTY NINE) -> U+0028 (LEFT PARENTHESIS) U+0033 (DIGIT THREE) U+0039 (DIGIT NINE) U+0029 (RIGHT PARENTHESIS)   NFKC-ref: 39
㊵	(40)	U+32B5 (CIRCLED NUMBER FORTY) -> U+0028 (LEFT PARENTHESIS) U+0034 (DIGIT FOUR) U+0030 (DIGIT ZERO) U+0029 (RIGHT PARENTHESIS)   NFKC-ref: 40
㊶	(41)	U+32B6 (CIRCLED NUMBER FORTY ONE) -> U+0028 (LEFT PARENTHESIS) U+0034 (DIGIT FOUR) U+0031 (DIGIT ONE) U+0029 (RIGHT PARENTHESIS)   NFKC-ref: 41
㊷	(42)	U+32B7 (CIRCLED NUMBER FORTY TWO) -> U+0028 (LEFT PARENTHESIS) U+0034 (DIGIT FOUR) U+0032 (DIGIT TWO) U+0029 (RIGHT PARENTHESIS)   NFKC-ref: 42
㊸	(43)	U+32B8 (CIRCLED NUMBER FORTY THREE) -> U+0028 (LEFT PARENTHESIS) U+0034 (DIGIT FOUR) U+0033 (DIGIT THREE) U+0029 (RIGHT PARENTHESIS)   NFKC-ref: 43
㊹	(44)	U+32B9 (CIRCLED NUMBER FORTY FOUR) -> U+0028 (LEFT PARENTHESIS) U+0034 (DIGIT FOUR) U+0034 (DIGIT FOUR) U+0029 (RIGHT PARENTHESIS)   NFKC-ref: 44
㊺	(45)	U+32BA (CIRCLED NUMBER FORTY FIVE) -> U+0028 (LEFT PARENTHESIS) U+0034 (DIGIT FOUR) U+0035 (DIGIT FIVE) U+0029 (RIGHT PARENTHESIS)   NFKC-ref: 45
㊻	(46)	U+32BB (CIRCLED NUMBER FORTY SIX) -> U+0028 (LEFT PARENTHESIS) U+0034 (DIGIT FOUR) U+0036 (DIGIT SIX) U+0029 (RIGHT PARENTHESIS)   NFKC-ref: 46
㊼	(47)	U+32BC (CIRCLED NUMBER FORTY SEVEN) -> U+0028 (LEFT PARENTHESIS) U+0034 (DIGIT FOUR) U+0037 (DIGIT SEVEN) U+0029 (RIGHT PARENTHESIS)   NFKC-ref: 47
㊽	(48)	U+32BD (CIRCLED NUMBER FORTY EIGHT) -> U+0028 (LEFT PARENTHESIS) U+0034 (DIGIT FOUR) U+0038 (DIGIT EIGHT) U+0029 (RIGHT PARENTHESIS)   NFKC-ref: 48
㊾	(49)	U+32BE (CIRCLED NUMBER FORTY NINE) -> U+0028 (LEFT PARENTHESIS) U+0034 (DIGIT FOUR) U+0039 (DIGIT NINE) U+0029 (RIGHT PARENTHESIS)   NFKC-ref: 49
㊿	(50)	U+32BF (CIRCLED NUMBER FIFTY) -> U+0028 (LEFT PARENTHESIS) U+0035 (DIGIT FIVE) U+0030 (DIGIT ZERO) U+0029 (RIGHT PARENTHESIS)   NFKC-ref: 50
㋐	(ア)	U+32D0 (CIRCLED KATAKANA A) -> U+0028 (LEFT PARENTHESIS) U+30A2 (KATAKANA LETTER A) U+0029 (RIGHT PARENTHESIS)   NFKC-ref: ア
㋑	(イ)	U+32D1 (CIRCLED KATAKANA I) -> U+0028 (LEFT PARENTHESIS) U+30A4 (KATAKANA LETTER I) U+0029 (RIGHT PARENTHESIS)   NFKC-ref: イ
㋒	(ウ)	U+32D2 (CIRCLED KATAKANA U) -> U+0028 (LEFT PARENTHESIS) U+30A6 (KATAKANA LETTER U) U+0029 (RIGHT PARENTHESIS)   NFKC-ref: ウ
㋓	(エ)	U+32D3 (CIRCLED KATAKANA E) -> U+0028 (LEFT PARENTHESIS) U+30A8 (KATAKANA LETTER E) U+0029 (RIGHT PARENTHESIS)   NFKC-ref: エ
㋔	(オ)	U+32D4 (CIRCLED KATAKANA O) -> U+0028 (LEFT PARENTHESIS) U+30AA (KATAKANA LETTER O) U+0029 (RIGHT PARENTHESIS)   NFKC-ref: オ
㋕	(カ)	U+32D5 (CIRCLED KATAKANA KA) -> U+0028 (LEFT PARENTHESIS) U+30AB (KATAKANA LETTER KA) U+0029 (RIGHT PARENTHESIS)   NFKC-ref: カ
㋖	(キ)	U+32D6 (CIRCLED KATAKANA KI) -> U+0028 (LEFT PARENTHESIS) U+30AD (KATAKANA LETTER KI) U+0029 (RIGHT PARENTHESIS)   NFKC-ref: キ
㋗	(ク)	U+32D7 (CIRCLED KATAKANA KU) -> U+0028 (LEFT PARENTHESIS) U+30AF (KATAKANA LETTER KU) U+0029 (RIGHT PARENTHESIS)   NFKC-ref: ク
㋘	(ケ)	U+32D8 (CIRCLED KATAKANA KE) -> U+0028 (LEFT PARENTHESIS) U+30B1 (KATAKANA LETTER KE) U+0029 (RIGHT PARENTHESIS)   NFKC-ref: ケ
㋙	(コ)	U+32D9 (CIRCLED KATAKANA KO) -> U+0028 (LEFT PARENTHESIS) U+30B3 (KATAKANA LETTER KO) U+0029 (RIGHT PARENTHESIS)   NFKC-ref: コ
㋚	(サ)	U+32DA (CIRCLED KATAKANA SA) -> U+0028 (LEFT PARENTHESIS) U+30B5 (KATAKANA LETTER SA) U+0029 (RIGHT PARENTHESIS)   NFKC-ref: サ
㋛	(シ)	U+32DB (CIRCLED KATAKANA SI) -> U+0028 (LEFT PARENTHESIS) U+30B7 (KATAKANA LETTER SI) U+0029 (RIGHT PARENTHESIS)   NFKC-ref: シ
㋜	(ス)	U+32DC (CIRCLED KATAKANA SU) -> U+0028 (LEFT PARENTHESIS) U+30B9 (KATAKANA LETTER SU) U+0029 (RIGHT PARENTHESIS)   NFKC-ref: ス
㋝	(セ)	U+32DD (CIRCLED KATAKANA SE) -> U+0028 (LEFT PARENTHESIS) U+30BB (KATAKANA LETTER SE) U+0029 (RIGHT PARENTHESIS)   NFKC-ref: セ
㋞	(ソ)	U+32DE (CIRCLED KATAKANA SO) -> U+0028 (LEFT PARENTHESIS) U+30BD (KATAKANA LETTER SO) U+0029 (RIGHT PARENTHESIS)   NFKC-ref: ソ
㋟	(タ)	U+32DF (CIRCLED KATAKANA TA) -> U+0028 (LEFT PARENTHESIS) U+30BF (KATAKANA LETTER TA) U+0029 (RIGHT PARENTHESIS)   NFKC-ref: タ
㋠	(チ)	U+32E0 (CIRCLED KATAKANA TI) -> U+0028 (LEFT PARENTHESIS) U+30C1 (KATAKANA LETTER TI) U+0029 (RIGHT PARENTHESIS)   NFKC-ref: チ
㋡	(ツ)	U+32E1 (CIRCLED KATAKANA TU) -> U+0028 (LEFT PARENTHESIS) U+30C4 (KATAKANA LETTER TU) U+0029 (RIGHT PARENTHESIS)   NFKC-ref: ツ
㋢	(テ)	U+32E2 (CIRCLED KATAKANA TE) -> U+0028 (LEFT PARENTHESIS) U+30C6 (KATAKANA LETTER TE) U+0029 (RIGHT PARENTHESIS)   NFKC-ref: テ
㋣	(ト)	U+32E3 (CIRCLED KATAKANA TO) -> U+0028 (LEFT PARENTHESIS) U+30C8 (KATAKANA LETTER TO) U+0029 (RIGHT PARENTHESIS)   NFKC-ref: ト
㋤	(ナ)	U+32E4 (CIRCLED KATAKANA NA) -> U+0028 (LEFT PARENTHESIS) U+30CA (KATAKANA LETTER NA) U+0029 (RIGHT PARENTHESIS)   NFKC-ref: ナ
㋥	(ニ)	U+32E5 (CIRCLED KATAKANA NI) -> U+0028 (LEFT PARENTHESIS) U+30CB (KATAKANA LETTER NI) U+0029 (RIGHT PARENTHESIS)   NFKC-ref: ニ
㋦	(ヌ)	U+32E6 (CIRCLED KATAKANA NU) -> U+0028 (LEFT PARENTHESIS) U+30CC (KATAKANA LETTER NU) U+0029 (RIGHT PARENTHESIS)   NFKC-ref: ヌ
㋧	(ネ)	U+32E7 (CIRCLED KATAKANA NE) -> U+0028 (LEFT PARENTHESIS) U+30CD (KATAKANA LETTER NE) U+0029 (RIGHT PARENTHESIS)   NFKC-ref: ネ
㋨	(ノ)	U+32E8 (CIRCLED KATAKANA NO) -> U+0028 (LEFT PARENTHESIS) U+30CE (KATAKANA LETTER NO) U+0029 (RIGHT PARENTHESIS)   NFKC-ref: ノ
㋩	(ハ)	U+32E9 (CIRCLED KATAKANA HA) -> U+0028 (LEFT PARENTHESIS) U+30CF (KATAKANA LETTER HA) U+0029 (RIGHT PARENTHESIS)   NFKC-ref: ハ
㋪	(ヒ)	U+32EA (CIRCLED KATAKANA HI) -> U+0028 (LEFT PARENTHESIS) U+30D2 (KATAKANA LETTER HI) U+0029 (RIGHT PARENTHESIS)   NFKC-ref: ヒ
㋫	(フ)	U+32EB (CIRCLED KATAKANA HU) -> U+0028 (LEFT PARENTHESIS) U+30D5 (KATAKANA LETTER HU) U+0029 (RIGHT PARENTHESIS)   NFKC-ref: フ
㋬	(ヘ)	U+32EC (CIRCLED KATAKANA HE) -> U+0028 (LEFT PARENTHESIS) U+30D8 (KATAKANA LETTER HE) U+0029 (RIGHT PARENTHESIS)   NFKC-ref: ヘ
㋭	(ホ)	U+32ED (CIRCLED KATAKANA HO) -> U+0028 (LEFT PARENTHESIS) U+30DB (KATAKANA LETTER HO) U+0029 (RIGHT PARENTHESIS)   NFKC-ref: ホ
㋮	(マ)	U+32EE (CIRCLED KATAKANA MA) -> U+0028 (LEFT PARENTHESIS) U+30DE (KATAKANA LETTER MA) U+0029 (RIGHT PARENTHESIS)   NFKC-ref: マ
㋯	(ミ)	U+32EF (CIRCLED KATAKANA MI) -> U+0028 (LEFT PARENTHESIS) U+30DF (KATAKANA LETTER MI) U+0029 (RIGHT PARENTHESIS)   NFKC-ref: ミ
㋰	(ム)	U+32F0 (CIRCLED KATAKANA MU) -> U+0028 (LEFT PARENTHESIS) U+30E0 (KATAKANA LETTER MU) U+0029 (RIGHT PARENTHESIS)   NFKC-ref: ム
㋱	(メ)	U+32F1 (CIRCLED KATAKANA ME) -> U+0028 (LEFT PARENTHESIS) U+30E1 (KATAKANA LETTER ME) U+0029 (RIGHT PARENTHESIS)   NFKC-ref: メ
㋲	(モ)	U+32F2 (CIRCLED KATAKANA MO) -> U+0028 (LEFT PARENTHESIS) U+30E2 (KATAKANA LETTER MO) U+0029 (RIGHT PARENTHESIS)   NFKC-ref: モ
㋳	(ヤ)	U+32F3 (CIRCLED KATAKANA YA) -> U+0028 (LEFT PARENTHESIS) U+30E4 (KATAKANA LETTER YA) U+0029 (RIGHT PARENTHESIS)   NFKC-ref: ヤ
㋴	(ユ)	U+32F4 (CIRCLED KATAKANA YU) -> U+0028 (LEFT PARENTHESIS) U+30E6 (KATAKANA LETTER YU) U+0029 (RIGHT PARENTHESIS)   NFKC-ref: ユ
㋵	(ヨ)	U+32F5 (CIRCLED KATAKANA YO) -> U+0028 (LEFT PARENTHESIS) U+30E8 (KATAKANA LETTER YO) U+0029 (RIGHT PARENTHESIS)   NFKC-ref: ヨ
㋶	(ラ)	U+32F6 (CIRCLED KATAKANA RA) -> U+0028 (LEFT PARENTHESIS) U+30E9 (KATAKANA LETTER RA) U+0029 (RIGHT PARENTHESIS)   NFKC-ref: ラ
㋷	(リ)	U+32F7 (CIRCLED KATAKANA RI) -> U+0028 (LEFT PARENTHESIS) U+30EA (KATAKANA LETTER RI) U+0029 (RIGHT PARENTHESIS)   NFKC-ref: リ
㋸	(ル)	U+32F8 (CIRCLED KATAKANA RU) -> U+0028 (LEFT PARENTHESIS) U+30EB (KATAKANA LETTER RU) U+0029 (RIGHT PARENTHESIS)   NFKC-ref: ル
㋹	(レ)	U+32F9 (CIRCLED KATAKANA RE) -> U+0028 (LEFT PARENTHESIS) U+30EC (KATAKANA LETTER RE) U+0029 (RIGHT PARENTHESIS)   NFKC-ref: レ
㋺	(ロ)	U+32FA (CIRCLED KATAKANA RO) -> U+0028 (LEFT PARENTHESIS) U+30ED (KATAKANA LETTER RO) U+0029 (RIGHT PARENTHESIS)   NFKC-ref: ロ
㋻	(ワ)	U+32FB (CIRCLED KATAKANA WA) -> U+0028 (LEFT PARENTHESIS) U+30EF (KATAKANA LETTER WA) U+0029 (RIGHT PARENTHESIS)   NFKC-ref: ワ
㋼	(ヰ)	U+32FC (CIRCLED KATAKANA WI) -> U+0028 (LEFT PARENTHESIS) U+30F0 (KATAKANA LETTER WI) U+0029 (RIGHT PARENTHESIS)   NFKC-ref: ヰ
㋽	(ヱ)	U+32FD (CIRCLED KATAKANA WE) -> U+0028 (LEFT PARENTHESIS) U+30F1 (KATAKANA LETTER WE) U+0029 (RIGHT PARENTHESIS)   NFKC-ref: ヱ
㋾	(ヲ)	U+32FE (CIRCLED KATAKANA WO) -> U+0028 (LEFT PARENTHESIS) U+30F2 (KATAKANA LETTER WO) U+0029 (RIGHT PARENTHESIS)   NFKC-ref: ヲ
🄐	(A)	U+1F110 (PARENTHESIZED LATIN CAPITAL LETTER A) -> U+0028 (LEFT PARENTHESIS) U+0041 (LATIN CAPITAL LETTER A) U+0029 (RIGHT PARENTHESIS)
🄑	(B)	U+1F111 (PARENTHESIZED LATIN CAPITAL LETTER B) -> U+0028 (LEFT PARENTHESIS) U+0042 (LATIN CAPITAL LETTER B) U+0029 (RIGHT PARENTHESIS)
🄒	(C)	U+1F112 (PARENTHESIZED LATIN CAPITAL LETTER C) -> U+0028 (LEFT PARENTHESIS) U+0043 (LATIN CAPITAL LETTER C) U+0029 (RIGHT PARENTHESIS)
🄓	(D)	U+1F113 (PARENTHESIZED LATIN CAPITAL LETTER D) -> U+0028 (LEFT PARENTHESIS) U+0044 (LATIN CAPITAL LETTER D) U+0029 (RIGHT PARENTHESIS)
🄔	(E)	U+1F114 (PARENTHESIZED LATIN CAPITAL LETTER E) -> U+0028 (LEFT PARENTHESIS) U+0045 (LATIN CAPITAL LETTER E) U+0029 (RIGHT PARENTHESIS)
🄕	(F)	U+1F115 (PARENTHESIZED LATIN CAPITAL LETTER F) -> U+0028 (LEFT PARENTHESIS) U+0046 (LATIN CAPITAL LETTER F) U+0029 (RIGHT PARENTHESIS)
🄖	(G)	U+1F116 (PARENTHESIZED LATIN CAPITAL LETTER G) -> U+0028 (LEFT PARENTHESIS) U+0047 (LATIN CAPITAL LETTER G) U+0029 (RIGHT PARENTHESIS)
🄗	(H)	U+1F117 (PARENTHESIZED LATIN CAPITAL LETTER H) -> U+0028 (LEFT PARENTHESIS) U+0048 (LATIN CAPITAL LETTER H) U+0029 (RIGHT PARENTHESIS)
🄘	(I)	U+1F118 (PARENTHESIZED LATIN CAPITAL LETTER I) -> U+0028 (LEFT PARENTHESIS) U+0049 (LATIN CAPITAL LETTER I) U+0029 (RIGHT PARENTHESIS)
🄙	(J)	U+1F119 (PARENTHESIZED LATIN CAPITAL LETTER J) -> U+0028 (LEFT PARENTHESIS) U+004A (LATIN CAPITAL LETTER J) U+0029 (RIGHT PARENTHESIS)
🄚	(K)	U+1F11A (PARENTHESIZED LATIN CAPITAL LETTER K) -> U+0028 (LEFT PARENTHESIS) U+004B (LATIN CAPITAL LETTER K) U+0029 (RIGHT PARENTHESIS)
🄛	(L)	U+1F11B (PARENTHESIZED LATIN CAPITAL LETTER L) -> U+0028 (LEFT PARENTHESIS) U+004C (LATIN CAPITAL LETTER L) U+0029 (RIGHT PARENTHESIS)
🄜	(M)	U+1F11C (PARENTHESIZED LATIN CAPITAL LETTER M) -> U+0028 (LEFT PARENTHESIS) U+004D (LATIN CAPITAL LETTER M) U+0029 (RIGHT PARENTHESIS)
🄝	(N)	U+1F11D (PARENTHESIZED LATIN CAPITAL LETTER N) -> U+0028 (LEFT PARENTHESIS) U+004E (LATIN CAPITAL LETTER N) U+0029 (RIGHT PARENTHESIS)
🄞	(O)	U+1F11E (PARENTHESIZED LATIN CAPITAL LETTER O) -> U+0028 (LEFT PARENTHESIS) U+004F (LATIN CAPITAL LETTER O) U+0029 (RIGHT PARENTHESIS)
🄟	(P)	U+1F11F (PARENTHESIZED LATIN CAPITAL LETTER P) -> U+0028 (LEFT PARENTHESIS) U+0050 (LATIN CAPITAL LETTER P) U+0029 (RIGHT PARENTHESIS)
🄠	(Q)	U+1F120 (PARENTHESIZED LATIN CAPITAL LETTER Q) -> U+0028 (LEFT PARENTHESIS) U+0051 (LATIN CAPITAL LETTER Q) U+0029 (RIGHT PARENTHESIS)
🄡	(R)	U+1F121 (PARENTHESIZED LATIN CAPITAL LETTER R) -> U+0028 (LEFT PARENTHESIS) U+0052 (LATIN CAPITAL LETTER R) U+0029 (RIGHT PARENTHESIS)
🄢	(S)	U+1F122 (PARENTHESIZED LATIN CAPITAL LETTER S) -> U+0028 (LEFT PARENTHESIS) U+0053 (LATIN CAPITAL LETTER S) U+0029 (RIGHT PARENTHESIS)
🄣	(T)	U+1F123 (PARENTHESIZED LATIN CAPITAL LETTER T) -> U+0028 (LEFT PARENTHESIS) U+0054 (LATIN CAPITAL LETTER T) U+0029 (RIGHT PARENTHESIS)
🄤	(U)	U+1F124 (PARENTHESIZED LATIN CAPITAL LETTER U) -> U+0028 (LEFT PARENTHESIS) U+0055 (LATIN CAPITAL LETTER U) U+0029 (RIGHT PARENTHESIS)
🄥	(V)	U+1F125 (PARENTHESIZED LATIN CAPITAL LETTER V) -> U+0028 (LEFT PARENTHESIS) U+0056 (LATIN CAPITAL LETTER V) U+0029 (RIGHT PARENTHESIS)
🄦	(W)	U+1F126 (PARENTHESIZED LATIN CAPITAL LETTER W) -> U+0028 (LEFT PARENTHESIS) U+0057 (LATIN CAPITAL LETTER W) U+0029 (RIGHT PARENTHESIS)
🄧	(X)	U+1F127 (PARENTHESIZED LATIN CAPITAL LETTER X) -> U+0028 (LEFT PARENTHESIS) U+0058 (LATIN CAPITAL LETTER X) U+0029 (RIGHT PARENTHESIS)
🄨	(Y)	U+1F128 (PARENTHESIZED LATIN CAPITAL LETTER Y) -> U+0028 (LEFT PARENTHESIS) U+0059 (LATIN CAPITAL LETTER Y) U+0029 (RIGHT PARENTHESIS)
🄩	(Z)	U+1F129 (PARENTHESIZED LATIN CAPITAL LETTER Z) -> U+0028 (LEFT PARENTHESIS) U+005A (LATIN CAPITAL LETTER Z) U+0029 (RIGHT PARENTHESIS)
🄪	[S]	U+1F12A (TORTOISE SHELL BRACKETED LATIN CAPITAL LETTER S) -> U+005B (LEFT SQUARE BRACKET) U+0053 (LATIN CAPITAL LETTER S) U+005D (RIGHT SQUARE BRACKET)   NFKC-ref: 〔S〕
🄫	(C)	U+1F12B (CIRCLED ITALIC LATIN CAPITAL LETTER C) -> U+0028 (LEFT PARENTHESIS) U+0043 (LATIN CAPITAL LETTER C) U+0029 (RIGHT PARENTHESIS)   NFKC-ref: C
🄬	(R)	U+1F12C (CIRCLED ITALIC LATIN CAPITAL LETTER R) -> U+0028 (LEFT PARENTHESIS) U+0052 (LATIN CAPITAL LETTER R) U+0029 (RIGHT PARENTHESIS)   NFKC-ref: R
🄭	(CD)	U+1F12D (CIRCLED CD) -> U+0028 (LEFT PARENTHESIS) U+0043 (LATIN CAPITAL LETTER C) U+0044 (LATIN CAPITAL LETTER D) U+0029 (RIGHT PARENTHESIS)   NFKC-ref: CD
🄮	(WZ)	U+1F12E (CIRCLED WZ) -> U+0028 (LEFT PARENTHESIS) U+0057 (LATIN CAPITAL LETTER W) U+005A (LATIN CAPITAL LETTER Z) U+0029 (RIGHT PARENTHESIS)   NFKC-ref: WZ
🄰	[A]	U+1F130 (SQUARED LATIN CAPITAL LETTER A) -> U+005B (LEFT SQUARE BRACKET) U+0041 (LATIN CAPITAL LETTER A) U+005D (RIGHT SQUARE BRACKET)   NFKC-ref: A
🄱	[B]	U+1F131 (SQUARED LATIN CAPITAL LETTER B) -> U+005B (LEFT SQUARE BRACKET) U+0042 (LATIN CAPITAL LETTER B) U+005D (RIGHT SQUARE BRACKET)   NFKC-ref: B
🄲	[C]	U+1F132 (SQUARED LATIN CAPITAL LETTER C) -> U+005B (LEFT SQUARE BRACKET) U+0043 (LATIN CAPITAL LETTER C) U+005D (RIGHT SQUARE BRACKET)   NFKC-ref: C
🄳	[D]	U+1F133 (SQUARED LATIN CAPITAL LETTER D) -> U+005B (LEFT SQUARE BRACKET) U+0044 (LATIN CAPITAL LETTER D) U+005D (RIGHT SQUARE BRACKET)   NFKC-ref: D
🄴	[E]	U+1F134 (SQUARED LATIN CAPITAL LETTER E) -> U+005B (LEFT SQUARE BRACKET) U+0045 (LATIN CAPITAL LETTER E) U+005D (RIGHT SQUARE BRACKET)   NFKC-ref: E
🄵	[F]	U+1F135 (SQUARED LATIN CAPITAL LETTER F) -> U+005B (LEFT SQUARE BRACKET) U+0046 (LATIN CAPITAL LETTER F) U+005D (RIGHT SQUARE BRACKET)   NFKC-ref: F
🄶	[G]	U+1F136 (SQUARED LATIN CAPITAL LETTER G) -> U+005B (LEFT SQUARE BRACKET) U+0047 (LATIN CAPITAL LETTER G) U+005D (RIGHT SQUARE BRACKET)   NFKC-ref: G
🄷	[H]	U+1F137 (SQUARED LATIN CAPITAL LETTER H) -> U+005B (LEFT SQUARE BRACKET) U+0048 (LATIN CAPITAL LETTER H) U+005D (RIGHT SQUARE BRACKET)   NFKC-ref: H
🄸	[I]	U+1F138 (SQUARED LATIN CAPITAL LETTER I) -> U+005B (LEFT SQUARE BRACKET) U+0049 (LATIN CAPITAL LETTER I) U+005D (RIGHT SQUARE BRACKET)   NFKC-ref: I
🄹	[J]	U+1F139 (SQUARED LATIN CAPITAL LETTER J) -> U+005B (LEFT SQUARE BRACKET) U+004A (LATIN CAPITAL LETTER J) U+005D (RIGHT SQUARE BRACKET)   NFKC-ref: J
🄺	[K]	U+1F13A (SQUARED LATIN CAPITAL LETTER K) -> U+005B (LEFT SQUARE BRACKET) U+004B (LATIN CAPITAL LETTER K) U+005D (RIGHT SQUARE BRACKET)   NFKC-ref: K
🄻	[L]	U+1F13B (SQUARED LATIN CAPITAL LETTER L) -> U+005B (LEFT SQUARE BRACKET) U+004C (LATIN CAPITAL LETTER L) U+005D (RIGHT SQUARE BRACKET)   NFKC-ref: L
🄼	[M]	U+1F13C (SQUARED LATIN CAPITAL LETTER M) -> U+005B (LEFT SQUARE BRACKET) U+004D (LATIN CAPITAL LETTER M) U+005D (RIGHT SQUARE BRACKET)   NFKC-ref: M
🄽	[N]	U+1F13D (SQUARED LATIN CAPITAL LETTER N) -> U+005B (LEFT SQUARE BRACKET) U+004E (LATIN CAPITAL LETTER N) U+005D (RIGHT SQUARE BRACKET)   NFKC-ref: N
🄾	[O]	U+1F13E (SQUARED LATIN CAPITAL LETTER O) -> U+005B (LEFT SQUARE BRACKET) U+004F (LATIN CAPITAL LETTER O) U+005D (RIGHT SQUARE BRACKET)   NFKC-ref: O
🄿	[P]	U+1F13F (SQUARED LATIN CAPITAL LETTER P) -> U+005B (LEFT SQUARE BRACKET) U+0050 (LATIN CAPITAL LETTER P) U+005D (RIGHT SQUARE BRACKET)   NFKC-ref: P
🅀	[Q]	U+1F140 (SQUARED LATIN CAPITAL LETTER Q) -> U+005B (LEFT SQUARE BRACKET) U+0051 (LATIN CAPITAL LETTER Q) U+005D (RIGHT SQUARE BRACKET)   NFKC-ref: Q
🅁	[R]	U+1F141 (SQUARED LATIN CAPITAL LETTER R) -> U+005B (LEFT SQUARE BRACKET) U+0052 (LATIN CAPITAL LETTER R) U+005D (RIGHT SQUARE BRACKET)   NFKC-ref: R
🅂	[S]	U+1F142 (SQUARED LATIN CAPITAL LETTER S) -> U+005B (LEFT SQUARE BRACKET) U+0053 (LATIN CAPITAL LETTER S) U+005D (RIGHT SQUARE BRACKET)   NFKC-ref: S
🅃	[T]	U+1F143 (SQUARED LATIN CAPITAL LETTER T) -> U+005B (LEFT SQUARE BRACKET) U+0054 (LATIN CAPITAL LETTER T) U+005D (RIGHT SQUARE BRACKET)   NFKC-ref: T
🅄	[U]	U+1F144 (SQUARED LATIN CAPITAL LETTER U) -> U+005B (LEFT SQUARE BRACKET) U+0055 (LATIN CAPITAL LETTER U) U+005D (RIGHT SQUARE BRACKET)   NFKC-ref: U
🅅	[V]	U+1F145 (SQUARED LATIN CAPITAL LETTER V) -> U+005B (LEFT SQUARE BRACKET) U+0056 (LATIN CAPITAL LETTER V) U+005D (RIGHT SQUARE BRACKET)   NFKC-ref: V
🅆	[W]	U+1F146 (SQUARED LATIN CAPITAL LETTER W) -> U+005B (LEFT SQUARE BRACKET) U+0057 (LATIN CAPITAL LETTER W) U+005D (RIGHT SQUARE BRACKET)   NFKC-ref: W
🅇	[X]	U+1F147 (SQUARED LATIN CAPITAL LETTER X) -> U+005B (LEFT SQUARE BRACKET) U+0058 (LATIN CAPITAL LETTER X) U+005D (RIGHT SQUARE BRACKET)   NFKC-ref: X
🅈	[Y]	U+1F148 (SQUARED LATIN CAPITAL LETTER Y) -> U+005B (LEFT SQUARE BRACKET) U+0059 (LATIN CAPITAL LETTER Y) U+005D (RIGHT SQUARE BRACKET)   NFKC-ref: Y
🅉	[Z]	U+1F149 (SQUARED LATIN CAPITAL LETTER Z) -> U+005B (LEFT SQUARE BRACKET) U+005A (LATIN CAPITAL LETTER Z) U+005D (RIGHT SQUARE BRACKET)   NFKC-ref: Z
🅊	[HV]	U+1F14A (SQUARED HV) -> U+005B (LEFT SQUARE BRACKET) U+0048 (LATIN CAPITAL LETTER H) U+0056 (LATIN CAPITAL LETTER V) U+005D (RIGHT SQUARE BRACKET)   NFKC-ref: HV
🅋	[MV]	U+1F14B (SQUARED MV) -> U+005B (LEFT SQUARE BRACKET) U+004D (LATIN CAPITAL LETTER M) U+0056 (LATIN CAPITAL LETTER V) U+005D (RIGHT SQUARE BRACKET)   NFKC-ref: MV
🅌	[SD]	U+1F14C (SQUARED SD) -> U+005B (LEFT SQUARE BRACKET) U+0053 (LATIN CAPITAL LETTER S) U+0044 (LATIN CAPITAL LETTER D) U+005D (RIGHT SQUARE BRACKET)   NFKC-ref: SD
🅍	[SS]	U+1F14D (SQUARED SS) -> U+005B (LEFT SQUARE BRACKET) U+0053 (LATIN CAPITAL LETTER S) U+0053 (LATIN CAPITAL LETTER S) U+005D (RIGHT SQUARE BRACKET)   NFKC-ref: SS
🅎	[PPV]	U+1F14E (SQUARED PPV) -> U+005B (LEFT SQUARE BRACKET) U+0050 (LATIN CAPITAL LETTER P) U+0050 (LATIN CAPITAL LETTER P) U+0056 (LATIN CAPITAL LETTER V) U+005D (RIGHT SQUARE BRACKET)   NFKC-ref: PPV
🅏	[WC]	U+1F14F (SQUARED WC) -> U+005B (LEFT SQUARE BRACKET) U+0057 (LATIN CAPITAL LETTER W) U+0043 (LATIN CAPITAL LETTER C) U+005D (RIGHT SQUARE BRACKET)   NFKC-ref: WC
🈁	[ココ]	U+1F201 (SQUARED KATAKANA KOKO) -> U+005B (LEFT SQUARE BRACKET) U+30B3 (KATAKANA LETTER KO) U+30B3 (KATAKANA LETTER KO) U+005D (RIGHT SQUARE BRACKET)   NFKC-ref: ココ
🈂	[サ]	U+1F202 (SQUARED KATAKANA SA) -> U+005B (LEFT SQUARE BRACKET) U+30B5 (KATAKANA LETTER SA) U+005D (RIGHT SQUARE BRACKET)   NFKC-ref: サ
🈐	[手]	U+1F210 (SQUARED CJK UNIFIED IDEOGRAPH-624B) -> U+005B (LEFT SQUARE BRACKET) U+624B (CJK UNIFIED IDEOGRAPH-624B) U+005D (RIGHT SQUARE BRACKET)   NFKC-ref: 手
🈑	[字]	U+1F211 (SQUARED CJK UNIFIED IDEOGRAPH-5B57) -> U+005B (LEFT SQUARE BRACKET) U+5B57 (CJK UNIFIED IDEOGRAPH-5B57) U+005D (RIGHT SQUARE BRACKET)   NFKC-ref: 字
🈒	[双]	U+1F212 (SQUARED CJK UNIFIED IDEOGRAPH-53CC) -> U+005B (LEFT SQUARE BRACKET) U+53CC (CJK UNIFIED IDEOGRAPH-53CC) U+005D (RIGHT SQUARE BRACKET)   NFKC-ref: 双
🈓	[デ]	U+1F213 (SQUARED KATAKANA DE) -> U+005B (LEFT SQUARE BRACKET) U+30C7 (KATAKANA LETTER DE) U+005D (RIGHT SQUARE BRACKET)   NFKC-ref: デ
🈔	[二]	U+1F214 (SQUARED CJK UNIFIED IDEOGRAPH-4E8C) -> U+005B (LEFT SQUARE BRACKET) U+4E8C (CJK UNIFIED IDEOGRAPH-4E8C) U+005D (RIGHT SQUARE BRACKET)   NFKC-ref: 二
🈕	[多]	U+1F215 (SQUARED CJK UNIFIED IDEOGRAPH-591A) -> U+005B (LEFT SQUARE BRACKET) U+591A (CJK UNIFIED IDEOGRAPH-591A) U+005D (RIGHT SQUARE BRACKET)   NFKC-ref: 多
🈖	[解]	U+1F216 (SQUARED CJK UNIFIED IDEOGRAPH-89E3) -> U+005B (LEFT SQUARE BRACKET) U+89E3 (CJK UNIFIED IDEOGRAPH-89E3) U+005D (RIGHT SQUARE BRACKET)   NFKC-ref: 解
🈗	[天]	U+1F217 (SQUARED CJK UNIFIED IDEOGRAPH-5929) -> U+005B (LEFT SQUARE BRACKET) U+5929 (CJK UNIFIED IDEOGRAPH-5929) U+005D (RIGHT SQUARE BRACKET)   NFKC-ref: 天
🈘	[交]	U+1F218 (SQUARED CJK UNIFIED IDEOGRAPH-4EA4) -> U+005B (LEFT SQUARE BRACKET) U+4EA4 (CJK UNIFIED IDEOGRAPH-4EA4) U+005D (RIGHT SQUARE BRACKET)   NFKC-ref: 交
🈙	[映]	U+1F219 (SQUARED CJK UNIFIED IDEOGRAPH-6620) -> U+005B (LEFT SQUARE BRACKET) U+6620 (CJK UNIFIED IDEOGRAPH-6620) U+005D (RIGHT SQUARE BRACKET)   NFKC-ref: 映
🈚	[無]	U+1F21A (SQUARED CJK UNIFIED IDEOGRAPH-7121) -> U+005B (LEFT SQUARE BRACKET) U+7121 (CJK UNIFIED IDEOGRAPH-7121) U+005D (RIGHT SQUARE BRACKET)   NFKC-ref: 無
🈛	[料]	U+1F21B (SQUARED CJK UNIFIED IDEOGRAPH-6599) -> U+005B (LEFT SQUARE BRACKET) U+6599 (CJK UNIFIED IDEOGRAPH-6599) U+005D (RIGHT SQUARE BRACKET)   NFKC-ref: 料
🈜	[前]	U+1F21C (SQUARED CJK UNIFIED IDEOGRAPH-524D) -> U+005B (LEFT SQUARE BRACKET) U+524D (CJK UNIFIED IDEOGRAPH-524D) U+005D (RIGHT SQUARE BRACKET)   NFKC-ref: 前
🈝	[後]	U+1F21D (SQUARED CJK UNIFIED IDEOGRAPH-5F8C) -> U+005B (LEFT SQUARE BRACKET) U+5F8C (CJK UNIFIED IDEOGRAPH-5F8C) U+005D (RIGHT SQUARE BRACKET)   NFKC-ref: 後
🈞	[再]	U+1F21E (SQUARED CJK UNIFIED IDEOGRAPH-518D) -> U+005B (LEFT SQUARE BRACKET) U+518D (CJK UNIFIED IDEOGRAPH-518D) U+005D (RIGHT SQUARE BRACKET)   NFKC-ref: 再
🈟	[新]	U+1F21F (SQUARED CJK UNIFIED IDEOGRAPH-65B0) -> U+005B (LEFT SQUARE BRACKET) U+65B0 (CJK UNIFIED IDEOGRAPH-65B0) U+005D (RIGHT SQUARE BRACKET)   NFKC-ref: 新
🈠	[初]	U+1F220 (SQUARED CJK UNIFIED IDEOGRAPH-521D) -> U+005B (LEFT SQUARE BRACKET) U+521D (CJK UNIFIED IDEOGRAPH-521D) U+005D (RIGHT SQUARE BRACKET)   NFKC-ref: 初
🈡	[終]	U+1F221 (SQUARED CJK UNIFIED IDEOGRAPH-7D42) -> U+005B (LEFT SQUARE BRACKET) U+7D42 (CJK UNIFIED IDEOGRAPH-7D42) U+005D (RIGHT SQUARE BRACKET)   NFKC-ref: 終
🈢	[生]	U+1F222 (SQUARED CJK UNIFIED IDEOGRAPH-751F) -> U+005B (LEFT SQUARE BRACKET) U+751F (CJK UNIFIED IDEOGRAPH-751F) U+005D (RIGHT SQUARE BRACKET)   NFKC-ref: 生
🈣	[販]	U+1F223 (SQUARED CJK UNIFIED IDEOGRAPH-8CA9) -> U+005B (LEFT SQUARE BRACKET) U+8CA9 (CJK UNIFIED IDEOGRAPH-8CA9) U+005D (RIGHT SQUARE BRACKET)   NFKC-ref: 販
🈤	[声]	U+1F224 (SQUARED CJK UNIFIED IDEOGRAPH-58F0) -> U+005B (LEFT SQUARE BRACKET) U+58F0 (CJK UNIFIED IDEOGRAPH-58F0) U+005D (RIGHT SQUARE BRACKET)   NFKC-ref: 声
🈥	[吹]	U+1F225 (SQUARED CJK UNIFIED IDEOGRAPH-5439) -> U+005B (LEFT SQUARE BRACKET) U+5439 (CJK UNIFIED IDEOGRAPH-5439) U+005D (RIGHT SQUARE BRACKET)   NFKC-ref: 吹
🈦	[演]	U+1F226 (SQUARED CJK UNIFIED IDEOGRAPH-6F14) -> U+005B (LEFT SQUARE BRACKET) U+6F14 (CJK UNIFIED IDEOGRAPH-6F14) U+005D (RIGHT SQUARE BRACKET)   NFKC-ref: 演
🈧	[投]	U+1F227 (SQUARED CJK UNIFIED IDEOGRAPH-6295) -> U+005B (LEFT SQUARE BRACKET) U+6295 (CJK UNIFIED IDEOGRAPH-6295) U+005D (RIGHT SQUARE BRACKET)   NFKC-ref: 投
🈨	[捕]	U+1F228 (SQUARED CJK UNIFIED IDEOGRAPH-6355) -> U+005B (LEFT SQUARE BRACKET) U+6355 (CJK UNIFIED IDEOGRAPH-6355) U+005D (RIGHT SQUARE BRACKET)   NFKC-ref: 捕
🈩	[一]	U+1F229 (SQUARED CJK UNIFIED IDEOGRAPH-4E00) -> U+005B (LEFT SQUARE BRACKET) U+4E00 (CJK UNIFIED IDEOGRAPH-4E00) U+005D (RIGHT SQUARE BRACKET)   NFKC-ref: 一
🈪	[三]	U+1F22A (SQUARED CJK UNIFIED IDEOGRAPH-4E09) -> U+005B (LEFT SQUARE BRACKET) U+4E09 (CJK UNIFIED IDEOGRAPH-4E09) U+005D (RIGHT SQUARE BRACKET)   NFKC-ref: 三
🈫	[遊]	U+1F22B (SQUARED CJK UNIFIED IDEOGRAPH-904A) -> U+005B (LEFT SQUARE BRACKET) U+904A (CJK UNIFIED IDEOGRAPH-904A) U+005D (RIGHT SQUARE BRACKET)   NFKC-ref: 遊
🈬	[左]	U+1F22C (SQUARED CJK UNIFIED IDEOGRAPH-5DE6) -> U+005B (LEFT SQUARE BRACKET) U+5DE6 (CJK UNIFIED IDEOGRAPH-5DE6) U+005D (RIGHT SQUARE BRACKET)   NFKC-ref: 左
🈭	[中]	U+1F22D (SQUARED CJK UNIFIED IDEOGRAPH-4E2D) -> U+005B (LEFT SQUARE BRACKET) U+4E2D (CJK UNIFIED IDEOGRAPH-4E2D) U+005D (RIGHT SQUARE BRACKET)   NFKC-ref: 中
🈮	[右]	U+1F22E (SQUARED CJK UNIFIED IDEOGRAPH-53F3) -> U+005B (LEFT SQUARE BRACKET) U+53F3 (CJK UNIFIED IDEOGRAPH-53F3) U+005D (RIGHT SQUARE BRACKET)   NFKC-ref: 右
🈯	[指]	U+1F22F (SQUARED CJK UNIFIED IDEOGRAPH-6307) -> U+005B (LEFT SQUARE BRACKET) U+6307 (CJK UNIFIED IDEOGRAPH-6307) U+005D (RIGHT SQUARE BRACKET)   NFKC-ref: 指
🈰	[走]	U+1F230 (SQUARED CJK UNIFIED IDEOGRAPH-8D70) -> U+005B (LEFT SQUARE BRACKET) U+8D70 (CJK UNIFIED IDEOGRAPH-8D70) U+005D (RIGHT SQUARE BRACKET)   NFKC-ref: 走
🈱	[打]	U+1F231 (SQUARED CJK UNIFIED IDEOGRAPH-6253) -> U+005B (LEFT SQUARE BRACKET) U+6253 (CJK UNIFIED IDEOGRAPH-6253) U+005D (RIGHT SQUARE BRACKET)   NFKC-ref: 打
🈲	[禁]	U+1F232 (SQUARED CJK UNIFIED IDEOGRAPH-7981) -> U+005B (LEFT SQUARE BRACKET) U+7981 (CJK UNIFIED IDEOGRAPH-7981) U+005D (RIGHT SQUARE BRACKET)   NFKC-ref: 禁
🈳	[空]	U+1F233 (SQUARED CJK UNIFIED IDEOGRAPH-7A7A) -> U+005B (LEFT SQUARE BRACKET) U+7A7A (CJK UNIFIED IDEOGRAPH-7A7A) U+005D (RIGHT SQUARE BRACKET)   NFKC-ref: 空
🈴	[合]	U+1F234 (SQUARED CJK UNIFIED IDEOGRAPH-5408) -> U+005B (LEFT SQUARE BRACKET) U+5408 (CJK UNIFIED IDEOGRAPH-5408) U+005D (RIGHT SQUARE BRACKET)   NFKC-ref: 合
🈵	[満]	U+1F235 (SQUARED CJK UNIFIED IDEOGRAPH-6E80) -> U+005B (LEFT SQUARE BRACKET) U+6E80 (CJK UNIFIED IDEOGRAPH-6E80) U+005D (RIGHT SQUARE BRACKET)   NFKC-ref: 満
🈶	[有]	U+1F236 (SQUARED CJK UNIFIED IDEOGRAPH-6709) -> U+005B (LEFT SQUARE BRACKET) U+6709 (CJK UNIFIED IDEOGRAPH-6709) U+005D (RIGHT SQUARE BRACKET)   NFKC-ref: 有
🈷	[月]	U+1F237 (SQUARED CJK UNIFIED IDEOGRAPH-6708) -> U+005B (LEFT SQUARE BRACKET) U+6708 (CJK UNIFIED IDEOGRAPH-6708) U+005D (RIGHT SQUARE BRACKET)   NFKC-ref: 月
🈸	[申]	U+1F238 (SQUARED CJK UNIFIED IDEOGRAPH-7533) -> U+005B (LEFT SQUARE BRACKET) U+7533 (CJK UNIFIED IDEOGRAPH-7533) U+005D (RIGHT SQUARE BRACKET)   NFKC-ref: 申
🈹	[割]	U+1F239 (SQUARED CJK UNIFIED IDEOGRAPH-5272) -> U+005B (LEFT SQUARE BRACKET) U+5272 (CJK UNIFIED IDEOGRAPH-5272) U+005D (RIGHT SQUARE BRACKET)   NFKC-ref: 割
🈺	[営]	U+1F23A (SQUARED CJK UNIFIED IDEOGRAPH-55B6) -> U+005B (LEFT SQUARE BRACKET) U+55B6 (CJK UNIFIED IDEOGRAPH-55B6) U+005D (RIGHT SQUARE BRACKET)   NFKC-ref: 営
🈻	[配]	U+1F23B (SQUARED CJK UNIFIED IDEOGRAPH-914D) -> U+005B (LEFT SQUARE BRACKET) U+914D (CJK UNIFIED IDEOGRAPH-914D) U+005D (RIGHT SQUARE BRACKET)   NFKC-ref: 配
🉀	[本]	U+1F240 (TORTOISE SHELL BRACKETED CJK UNIFIED IDEOGRAPH-672C) -> U+005B (LEFT SQUARE BRACKET) U+672C (CJK UNIFIED IDEOGRAPH-672C) U+005D (RIGHT SQUARE BRACKET)   NFKC-ref: 〔本〕
🉁	[三]	U+1F241 (TORTOISE SHELL BRACKETED CJK UNIFIED IDEOGRAPH-4E09) -> U+005B (LEFT SQUARE BRACKET) U+4E09 (CJK UNIFIED IDEOGRAPH-4E09) U+005D (RIGHT SQUARE BRACKET)   NFKC-ref: 〔三〕
🉂	[二]	U+1F242 (TORTOISE SHELL BRACKETED CJK UNIFIED IDEOGRAPH-4E8C) -> U+005B (LEFT SQUARE BRACKET) U+4E8C (CJK UNIFIED IDEOGRAPH-4E8C) U+005D (RIGHT SQUARE BRACKET)   NFKC-ref: 〔二〕
🉃	[安]	U+1F243 (TORTOISE SHELL BRACKETED CJK UNIFIED IDEOGRAPH-5B89) -> U+005B (LEFT SQUARE BRACKET) U+5B89 (CJK UNIFIED IDEOGRAPH-5B89) U+005D (RIGHT SQUARE BRACKET)   NFKC-ref: 〔安〕
🉄	[点]	U+1F244 (TORTOISE SHELL BRACKETED CJK UNIFIED IDEOGRAPH-70B9) -> U+005B (LEFT SQUARE BRACKET) U+70B9 (CJK UNIFIED IDEOGRAPH-70B9) U+005D (RIGHT SQUARE BRACKET)   NFKC-ref: 〔点〕
🉅	[打]	U+1F245 (TORTOISE SHELL BRACKETED CJK UNIFIED IDEOGRAPH-6253) -> U+005B (LEFT SQUARE BRACKET) U+6253 (CJK UNIFIED IDEOGRAPH-6253) U+005D (RIGHT SQUARE BRACKET)   NFKC-ref: 〔打〕
🉆	[盗]	U+1F246 (TORTOISE SHELL BRACKETED CJK UNIFIED IDEOGRAPH-76D7) -> U+005B (LEFT SQUARE BRACKET) U+76D7 (CJK UNIFIED IDEOGRAPH-76D7) U+005D (RIGHT SQUARE BRACKET)   NFKC-ref: 〔盗〕
🉇	[勝]	U+1F247 (TORTOISE SHELL BRACKETED CJK UNIFIED IDEOGRAPH-52DD) -> U+005B (LEFT SQUARE BRACKET) U+52DD (CJK UNIFIED IDEOGRAPH-52DD) U+005D (RIGHT SQUARE BRACKET)   NFKC-ref: 〔勝〕
🉈	[敗]	U+1F248 (TORTOISE SHELL BRACKETED CJK UNIFIED IDEOGRAPH-6557) -> U+005B (LEFT SQUARE BRACKET) U+6557 (CJK UNIFIED IDEOGRAPH-6557) U+005D (RIGHT SQUARE BRACKET)   NFKC-ref: 〔敗〕
🉐	(得)	U+1F250 (CIRCLED IDEOGRAPH ADVANTAGE) -> U+0028 (LEFT PARENTHESIS) U+5F97 (CJK UNIFIED IDEOGRAPH-5F97) U+0029 (RIGHT PARENTHESIS)   NFKC-ref: 得
🉑	(可)	U+1F251 (CIRCLED IDEOGRAPH ACCEPT) -> U+0028 (LEFT PARENTHESIS) U+53EF (CJK UNIFIED IDEOGRAPH-53EF) U+0029 (RIGHT PARENTHESIS)   NFKC-ref: 可
